id|title|abstract|published|year|categories
https://doi.org/10.1162/tacl_a_00134|Improving Distributional Similarity with Lessons Learned from Word Embeddings|Recent trends suggest that neural-network-inspired word embedding models outperform traditional count-based distributional models on word similarity and analogy detection tasks. We reveal that much of the performance gains of word embeddings are due to certain system design choices and hyperparameter optimizations, rather than the embedding algorithms themselves. Furthermore, we show that these modifications can be transferred to traditional distributional models, yielding similar gains. In contrast to prior reports, we observe mostly local or insignificant performance differences between the methods, with no global advantage to any single approach over the others.|2015-12-01|2015|['Transactions of the Association for Computational Linguistics']
https://doi.org/10.1162/tacl_a_00139|Problems in Current Text Simplification Research: New Data Can Help|Simple Wikipedia has dominated simplification research in the past 5 years. In this opinion paper, we argue that focusing on Wikipedia limits simplification research. We back up our arguments with corpus analysis and by highlighting statements that other researchers have made in the simplification literature. We introduce a new simplification dataset that is a significant improvement over Simple Wikipedia, and present a novel quantitative-comparative approach to study the quality of simplification data resources.|2015-12-01|2015|['Transactions of the Association for Computational Linguistics']
https://doi.org/10.1162/tacl_a_00140|Improving Topic Models with Latent Feature Word Representations|Probabilistic topic models are widely used to discover latent topics in document collections, while latent feature vector representations of words have been used to obtain high performance in many NLP tasks. In this paper, we extend two different Dirichlet multinomial topic models by incorporating latent feature vector representations of words trained on very large corpora to improve the word-topic mapping learnt on a smaller corpus. Experimental results show that by using information from the external corpora, our new models produce significant improvements on topic coherence, document clustering and document classification tasks, especially on datasets with few or short documents.|2015-12-01|2015|['Transactions of the Association for Computational Linguistics']
https://doi.org/10.1162/tacl_a_00143|From Paraphrase Database to Compositional Paraphrase Model and Back|The Paraphrase Database (PPDB; Ganitkevitch et al., 2013) is an extensive semantic resource, consisting of a list of phrase pairs with (heuristic) confidence estimates. However, it is still unclear how it can best be used, due to the heuristic nature of the confidences and its necessarily incomplete coverage. We propose models to leverage the phrase pairs from the PPDB to build parametric paraphrase models that score paraphrase pairs more accurately than the PPDB’s internal scores while simultaneously improving its coverage. They allow for learning phrase embeddings as well as improved word embeddings. Moreover, we introduce two new, manually annotated datasets to evaluate short-phrase paraphrasing models. Using our paraphrase model trained using PPDB, we achieve state-of-the-art results on standard word and bigram similarity tasks and beat strong baselines on our new short phrase paraphrase tasks.|2015-12-01|2015|['Transactions of the Association for Computational Linguistics']
https://doi.org/10.1162/tacl_a_00160|Parsing Algebraic Word Problems into Equations|This paper formalizes the problem of solving multi-sentence algebraic word problems as that of generating and scoring equation trees. We use integer linear programming to generate equation trees and score their likelihood by learning local and global discriminative models. These models are trained on a small set of word problems and their answers, without any manual annotation, in order to choose the equation that best matches the problem text. We refer to the overall system as Alges. We compare Alges with previous work and show that it covers the full gamut of arithmetic operations whereas Hosseini et al. (2014) only handle addition and subtraction. In addition, Alges overcomes the brittleness of the Kushman et al. (2014) approach on single-equation problems, yielding a 15% to 50% reduction in error.|2015-12-01|2015|['Transactions of the Association for Computational Linguistics']
https://doi.org/10.1162/tacl_a_00141|Design Challenges for Entity Linking|Recent research on entity linking (EL) has introduced a plethora of promising techniques, ranging from deep neural networks to joint inference. But despite numerous papers there is surprisingly little understanding of the state of the art in EL. We attack this confusion by analyzing differences between several versions of the EL problem and presenting a simple yet effective, modular, unsupervised system, called Vinculum, for entity linking. We conduct an extensive evaluation on nine data sets, comparing Vinculum with two state-of-the-art systems, and elucidate key aspects of the system that include mention extraction, candidate generation, entity type prediction, entity coreference, and coherence.|2015-12-01|2015|['Transactions of the Association for Computational Linguistics']
https://doi.org/10.1162/tacl_a_00142|One Vector is Not Enough: Entity-Augmented Distributed Semantics for Discourse Relations|Discourse relations bind smaller linguistic units into coherent texts. Automatically identifying discourse relations is difficult, because it requires understanding the semantics of the linked arguments. A more subtle challenge is that it is not enough to represent the meaning of each argument of a discourse relation, because the relation may depend on links between lowerlevel components, such as entity mentions. Our solution computes distributed meaning representations for each discourse argument by composition up the syntactic parse tree. We also perform a downward compositional pass to capture the meaning of coreferent entity mentions. Implicit discourse relations are then predicted from these two representations, obtaining substantial improvements on the Penn Discourse Treebank.|2015-12-01|2015|['Transactions of the Association for Computational Linguistics']
https://doi.org/10.1162/tacl_a_00118|Reasoning about Quantities in Natural Language|Little work from the Natural Language Processing community has targeted the role of quantities in Natural Language Understanding. This paper takes some key steps towards facilitating reasoning about quantities expressed in natural language. We investigate two different tasks of numerical reasoning. First, we consider Quantity Entailment, a new task formulated to understand the role of quantities in general textual inference tasks. Second, we consider the problem of automatically understanding and solving elementary school math word problems. In order to address these quantitative reasoning problems we first develop a computational approach which we show to successfully recognize and normalize textual expressions of quantities. We then use these capabilities to further develop algorithms to assist reasoning in the context of the aforementioned tasks.|2015-12-01|2015|['Transactions of the Association for Computational Linguistics']
https://doi.org/10.1162/tacl_a_00146|Unsupervised Lexicon Discovery from Acoustic Input|We present a model of unsupervised phonological lexicon discovery—the problem of simultaneously learning phoneme-like and word-like units from acoustic input. Our model builds on earlier models of unsupervised phone-like unit discovery from acoustic data (Lee and Glass, 2012), and unsupervised symbolic lexicon discovery using the Adaptor Grammar framework (Johnson et al., 2006), integrating these earlier approaches using a probabilistic model of phonological variation. We show that the model is competitive with state-of-the-art spoken term discovery systems, and present analyses exploring the model’s behavior and the kinds of linguistic structures it learns.|2015-12-01|2015|['Transactions of the Association for Computational Linguistics']
https://doi.org/10.1162/tacl_a_00120|Efficient Inference and Structured Learning for Semantic Role Labeling|We present a dynamic programming algorithm for efficient constrained inference in semantic role labeling. The algorithm tractably captures a majority of the structural constraints examined by prior work in this area, which has resorted to either approximate methods or off-the-shelf integer linear programming solvers. In addition, it allows training a globally-normalized log-linear model with respect to constrained conditional likelihood. We show that the dynamic program is several times faster than an off-the-shelf integer linear programming solver, while reaching the same solution. Furthermore, we show that our structured model results in significant improvements over its local counterpart, achieving state-of-the-art results on both PropBank- and FrameNet-annotated corpora.|2015-12-01|2015|['Transactions of the Association for Computational Linguistics']
https://doi.org/10.1162/tacl_a_00135|Learning Composition Models for Phrase Embeddings|Lexical embeddings can serve as useful representations for words for a variety of NLP tasks, but learning embeddings for phrases can be challenging. While separate embeddings are learned for each word, this is infeasible for every phrase. We construct phrase embeddings by learning how to compose word embeddings using features that capture phrase structure and context. We propose efficient unsupervised and task-specific learning objectives that scale our model to large datasets. We demonstrate improvements on both language modeling and several phrase semantic similarity tasks with various phrase lengths. We make the implementation of our model and the datasets available for general use.|2015-12-01|2015|['Transactions of the Association for Computational Linguistics']
https://doi.org/10.1162/tacl_a_00129|Entity Disambiguation with Web Links|Entity disambiguation with Wikipedia relies on structured information from redirect pages, article text, inter-article links, and categories. We explore whether web links can replace a curated encyclopaedia, obtaining entity prior, name, context, and coherence models from a corpus of web pages with links to Wikipedia. Experiments compare web link models to Wikipedia models on well-known conll and tac data sets. Results show that using 34 million web links approaches Wikipedia performance. Combining web link and Wikipedia models produces the best-known disambiguation accuracy of 88.7 on standard newswire test data.|2015-12-01|2015|['Transactions of the Association for Computational Linguistics']
https://doi.org/10.1162/tacl_a_00147|Latent Structures for Coreference Resolution|Machine learning approaches to coreference resolution vary greatly in the modeling of the problem: while early approaches operated on the mention pair level, current research focuses on ranking architectures and antecedent trees. We propose a unified representation of different approaches to coreference resolution in terms of the structure they operate on. We represent several coreference resolution approaches proposed in the literature in our framework and evaluate their performance. Finally, we conduct a systematic analysis of the output of these approaches, highlighting differences and similarities.|2015-12-01|2015|['Transactions of the Association for Computational Linguistics']
https://doi.org/10.1162/tacl_a_00149|Modeling Word Forms Using Latent Underlying Morphs and Phonology|The observed pronunciations or spellings of words are often explained as arising from the “underlying forms” of their morphemes. These forms are latent strings that linguists try to reconstruct by hand. We propose to reconstruct them automatically at scale, enabling generalization to new words. Given some surface word types of a concatenative language along with the abstract morpheme sequences that they express, we show how to recover consistent underlying forms for these morphemes, together with the (stochastic) phonology that maps each concatenation of underlying forms to a surface form. Our technique involves loopy belief propagation in a natural directed graphical model whose variables are unknown strings and whose conditional distributions are encoded as finite-state machines with trainable weights. We define training and evaluation paradigms for the task of surface word prediction, and report results on subsets of 7 languages.|2015-12-01|2015|['Transactions of the Association for Computational Linguistics']
https://doi.org/10.1162/tacl_a_00157|Imitation Learning of Agenda-based Semantic Parsers|Semantic parsers conventionally construct logical forms bottom-up in a fixed order, resulting in the generation of many extraneous partial logical forms. In this paper, we combine ideas from imitation learning and agenda-based parsing to train a semantic parser that searches partial logical forms in a more strategic order. Empirically, our parser reduces the number of constructed partial logical forms by an order of magnitude, and obtains a 6x-9x speedup over fixed-order parsing, while maintaining comparable accuracy.|2015-12-01|2015|['Transactions of the Association for Computational Linguistics']
https://doi.org/10.1162/tacl_a_00154|Plato: A Selective Context Model for Entity Resolution|We present Plato, a probabilistic model for entity resolution that includes a novel approach for handling noisy or uninformative features, and supplements labeled training data derived from Wikipedia with a very large unlabeled text corpus. Training and inference in the proposed model can easily be distributed across many servers, allowing it to scale to over 10 7 entities. We evaluate Plato on three standard datasets for entity resolution. Our approach achieves the best results to-date on TAC KBP 2011 and is highly competitive on both the CoNLL 2003 and TAC KBP 2012 datasets.|2015-12-01|2015|['Transactions of the Association for Computational Linguistics']
https://doi.org/10.1162/tacl_a_00152|Semantic Proto-Roles|We present the first large-scale, corpus based verification of Dowty’s seminal theory of proto-roles. Our results demonstrate both the need for and the feasibility of a property-based annotation scheme of semantic relationships, as opposed to the currently dominant notion of categorical roles.|2015-12-01|2015|['Transactions of the Association for Computational Linguistics']
https://doi.org/10.1162/tacl_a_00155|A Hierarchical Distance-dependent Bayesian Model for Event Coreference Resolution|We present a novel hierarchical distance-dependent Bayesian model for event coreference resolution. While existing generative models for event coreference resolution are completely unsupervised, our model allows for the incorporation of pairwise distances between event mentions — information that is widely used in supervised coreference models to guide the generative clustering processing for better event clustering both within and across documents. We model the distances between event mentions using a feature-rich learnable distance function and encode them as Bayesian priors for nonparametric clustering. Experiments on the ECB+ corpus show that our model outperforms state-of-the-art methods for both within- and cross-document event coreference resolution.|2015-12-01|2015|['Transactions of the Association for Computational Linguistics']
https://doi.org/10.1162/tacl_a_00156|Large-Scale Information Extraction from Textual Definitions through Deep Syntactic and Semantic Analysis|We present DefIE, an approach to large-scale Information Extraction (IE) based on a syntactic-semantic analysis of textual definitions. Given a large corpus of definitions we leverage syntactic dependencies to reduce data sparsity, then disambiguate the arguments and content words of the relation strings, and finally exploit the resulting information to organize the acquired relations hierarchically. The output of DefIE is a high-quality knowledge base consisting of several million automatically acquired semantic relations.|2015-12-01|2015|['Transactions of the Association for Computational Linguistics']
https://doi.org/10.1162/tacl_a_00150|Context-aware Frame-Semantic Role Labeling|Frame semantic representations have been useful in several applications ranging from text-to-scene generation, to question answering and social network analysis. Predicting such representations from raw text is, however, a challenging task and corresponding models are typically only trained on a small set of sentence-level annotations. In this paper, we present a semantic role labeling system that takes into account sentence and discourse context. We introduce several new features which we motivate based on linguistic insights and experimentally demonstrate that they lead to significant improvements over the current state-of-the-art in FrameNet-based semantic role labeling.|2015-12-01|2015|['Transactions of the Association for Computational Linguistics']
https://doi.org/10.1162/tacl_a_00133|Higher-order Lexical Semantic Models for Non-factoid Answer Reranking|Lexical semantic models provide robust performance for question answering, but, in general, can only capitalize on direct evidence seen during training. For example, monolingual alignment models acquire term alignment probabilities from semi-structured data such as question-answer pairs; neural network language models learn term embeddings from unstructured text. All this knowledge is then used to estimate the semantic similarity between question and answer candidates. We introduce a higher-order formalism that allows all these lexical semantic models to chain direct evidence to construct indirect associations between question and answer texts, by casting the task as the traversal of graphs that encode direct term associations. Using a corpus of 10,000 questions from Yahoo! Answers, we experimentally demonstrate that higher-order methods are broadly applicable to alignment and language models, across both word and syntactic representations. We show that an important criterion for success is controlling for the semantic drift that accumulates during graph traversal. All in all, the proposed higher-order approach improves five out of the six lexical semantic models investigated, with relative gains of up to +13% over their first-order variants.|2015-12-01|2015|['Transactions of the Association for Computational Linguistics']
https://doi.org/10.1162/tacl_a_00126|A Bayesian Model of Grounded Color Semantics|Natural language meanings allow speakers to encode important real-world distinctions, but corpora of grounded language use also reveal that speakers categorize the world in different ways and describe situations with different terminology. To learn meanings from data, we therefore need to link underlying representations of meaning to models of speaker judgment and speaker choice. This paper describes a new approach to this problem: we model variability through uncertainty in categorization boundaries and distributions over preferred vocabulary. We apply the approach to a large data set of color descriptions, where statistical evaluation documents its accuracy. The results are available as a Lexicon of Uncertain Color Standards (LUX), which supports future efforts in grounded language understanding and generation by probabilistically mapping 829 English color descriptions to potentially context-sensitive regions in HSV color space.|2015-12-01|2015|['Transactions of the Association for Computational Linguistics']
https://doi.org/10.1162/tacl_a_00148|Unsupervised Identification of Translationese|Translated texts are distinctively different from original ones, to the extent that supervised text classification methods can distinguish between them with high accuracy. These differences were proven useful for statistical machine translation. However, it has been suggested that the accuracy of translation detection deteriorates when the classifier is evaluated outside the domain it was trained on. We show that this is indeed the case, in a variety of evaluation scenarios. We then show that unsupervised classification is highly accurate on this task. We suggest a method for determining the correct labels of the clustering outcomes, and then use the labels for voting, improving the accuracy even further. Moreover, we suggest a simple method for clustering in the challenging case of mixed-domain datasets, in spite of the dominance of domain-related features over translation-related ones. The result is an effective, fully-unsupervised method for distinguishing between original and translated texts that can be applied to new domains with reasonable accuracy.|2015-12-01|2015|['Transactions of the Association for Computational Linguistics']
https://doi.org/10.1162/tacl_a_00130|An Unsupervised Method for Uncovering Morphological Chains|Most state-of-the-art systems today produce morphological analysis based only on orthographic patterns. In contrast, we propose a model for unsupervised morphological analysis that integrates orthographic and semantic views of words. We model word formation in terms of morphological chains, from base words to the observed words, breaking the chains into parent-child relations. We use log-linear models with morpheme and word-level features to predict possible parents, including their modifications, for each word. The limited set of candidate parents for each word render contrastive estimation feasible. Our model consistently matches or outperforms five state-of-the-art systems on Arabic, English and Turkish.|2015-12-01|2015|['Transactions of the Association for Computational Linguistics']
https://doi.org/10.1162/tacl_a_00144|A Graph-based Lattice Dependency Parser for Joint Morphological Segmentation and Syntactic Analysis|Space-delimited words in Turkish and Hebrew text can be further segmented into meaningful units, but syntactic and semantic context is necessary to predict segmentation. At the same time, predicting correct syntactic structures relies on correct segmentation. We present a graph-based lattice dependency parser that operates on morphological lattices to represent different segmentations and morphological analyses for a given input sentence. The lattice parser predicts a dependency tree over a path in the lattice and thus solves the joint task of segmentation, morphological analysis, and syntactic parsing. We conduct experiments on the Turkish and the Hebrew treebank and show that the joint model outperforms three state-of-the-art pipeline systems on both data sets. Our work corroborates findings from constituency lattice parsing for Hebrew and presents the first results for full lattice parsing on Turkish.|2015-12-01|2015|['Transactions of the Association for Computational Linguistics']
https://doi.org/10.1162/tacl_a_00145|Deriving Boolean structures from distributional vectors|Corpus-based distributional semantic models capture degrees of semantic relatedness among the words of very large vocabularies, but have problems with logical phenomena such as entailment, that are instead elegantly handled by model-theoretic approaches, which, in turn, do not scale up. We combine the advantages of the two views by inducing a mapping from distributional vectors of words (or sentences) into a Boolean structure of the kind in which natural language terms are assumed to denote. We evaluate this Boolean Distributional Semantic Model (BDSM) on recognizing entailment between words and sentences. The method achieves results comparable to a state-of-the-art SVM, degrades more gracefully when less training data are available and displays interesting qualitative properties.|2015-12-01|2015|['Transactions of the Association for Computational Linguistics']
https://doi.org/10.1162/tacl_a_00122|A Sense-Topic Model for Word Sense Induction with Unsupervised Data Enrichment|Word sense induction (WSI) seeks to automatically discover the senses of a word in a corpus via unsupervised methods. We propose a sense-topic model for WSI, which treats sense and topic as two separate latent variables to be inferred jointly. Topics are informed by the entire document, while senses are informed by the local context surrounding the ambiguous word. We also discuss unsupervised ways of enriching the original corpus in order to improve model performance, including using neural word embeddings and external corpora to expand the context of each data instance. We demonstrate significant improvements over the previous state-of-the-art, achieving the best results reported to date on the SemEval-2013 WSI task.|2015-12-01|2015|['Transactions of the Association for Computational Linguistics']
https://doi.org/10.1162/tacl_a_00158|Parsing to Noncrossing Dependency Graphs|We study the generalization of maximum spanning tree dependency parsing to maximum acyclic subgraphs. Because the underlying optimization problem is intractable even under an arc-factored model, we consider the restriction to noncrossing dependency graphs. Our main contribution is a cubic-time exact inference algorithm for this class. We extend this algorithm into a practical parser and evaluate its performance on four linguistic data sets used in semantic dependency parsing. We also explore a generalization of our parsing framework to dependency graphs with pagenumber at most k and show that the resulting optimization problem is NP-hard for k ≥ 2.|2015-12-01|2015|['Transactions of the Association for Computational Linguistics']
https://doi.org/10.1162/tacl_a_00119|Cross-Document Co-Reference Resolution using Sample-Based Clustering with Knowledge Enrichment|Identifying and linking named entities across information sources is the basis of knowledge acquisition and at the heart of Web search, recommendations, and analytics. An important problem in this context is cross-document co-reference resolution (CCR): computing equivalence classes of textual mentions denoting the same entity, within and across documents. Prior methods employ ranking, clustering, or probabilistic graphical models using syntactic features and distant features from knowledge bases. However, these methods exhibit limitations regarding run-time and robustness. This paper presents the CROCS framework for unsupervised CCR, improving the state of the art in two ways. First, we extend the way knowledge bases are harnessed, by constructing a notion of semantic summaries for intra-document co-reference chains using co-occurring entity mentions belonging to different chains. Second, we reduce the computational cost by a new algorithm that embeds sample-based bisection, using spectral clustering or graph partitioning, in a hierarchical clustering process. This allows scaling up CCR to large corpora. Experiments with three datasets show significant gains in output quality, compared to the best prior methods, and the run-time efficiency of CROCS.|2015-12-01|2015|['Transactions of the Association for Computational Linguistics']
https://doi.org/10.1162/tacl_a_00131|Modelling and Optimizing on Syntactic N-Grams for Statistical Machine Translation|The role of language models in SMT is to promote fluent translation output, but traditional n-gram language models are unable to capture fluency phenomena between distant words, such as some morphological agreement phenomena, subcategorisation, and syntactic collocations with string-level gaps. Syntactic language models have the potential to fill this modelling gap. We propose a language model for dependency structures that is relational rather than configurational and thus particularly suited for languages with a (relatively) free word order. It is trainable with Neural Networks, and not only improves over standard n-gram language models, but also outperforms related syntactic language models. We empirically demonstrate its effectiveness in terms of perplexity and as a feature function in string-to-tree SMT from English to German and Russian. We also show that using a syntactic evaluation metric to tune the log-linear parameters of an SMT system further increases translation quality when coupled with a syntactic language model.|2015-12-01|2015|['Transactions of the Association for Computational Linguistics']
https://doi.org/10.1162/tacl_a_00127|Exploiting Parallel News Streams for Unsupervised Event Extraction|Most approaches to relation extraction, the task of extracting ground facts from natural language text, are based on machine learning and thus starved by scarce training data. Manual annotation is too expensive to scale to a comprehensive set of relations. Distant supervision, which automatically creates training data, only works with relations that already populate a knowledge base (KB). Unfortunately, KBs such as FreeBase rarely cover event relations ( e.g. “person travels to location”). Thus, the problem of extracting a wide range of events — e.g., from news streams — is an important, open challenge. This paper introduces NewsSpike-RE, a novel, unsupervised algorithm that discovers event relations and then learns to extract them. NewsSpike-RE uses a novel probabilistic graphical model to cluster sentences describing similar events from parallel news streams. These clusters then comprise training data for the extractor. Our evaluation shows that NewsSpike-RE generates high quality training sentences and learns extractors that perform much better than rival approaches, more than doubling the area under a precision-recall curve compared to Universal Schemas.|2015-12-01|2015|['Transactions of the Association for Computational Linguistics']
https://doi.org/10.1162/tacl_a_00137|Learning a Compositional Semantics for Freebase with an Open Predicate Vocabulary|We present an approach to learning a model-theoretic semantics for natural language tied to Freebase. Crucially, our approach uses an open predicate vocabulary, enabling it to produce denotations for phrases such as “Republican front-runner from Texas” whose semantics cannot be represented using the Freebase schema. Our approach directly converts a sentence’s syntactic CCG parse into a logical form containing predicates derived from the words in the sentence, assigning each word a consistent semantics across sentences. This logical form is evaluated against a learned probabilistic database that defines a distribution over denotations for each textual predicate. A training phase produces this probabilistic database using a corpus of entity-linked text and probabilistic matrix factorization with a novel ranking objective function. We evaluate our approach on a compositional question answering task where it outperforms several competitive baselines. We also compare our approach against manually annotated Freebase queries, finding that our open predicate vocabulary enables us to answer many questions that Freebase cannot.|2015-12-01|2015|['Transactions of the Association for Computational Linguistics']
https://doi.org/10.1162/tacl_a_00121|S<scp>prite</scp>: Generalizing Topic Models with Structured Priors|We introduce Sprite, a family of topic models that incorporates structure into model priors as a function of underlying components. The structured priors can be constrained to model topic hierarchies, factorizations, correlations, and supervision, allowing Sprite to be tailored to particular settings. We demonstrate this flexibility by constructing a Sprite-based model to jointly infer topic hierarchies and author perspective, which we apply to corpora of political debates and online reviews. We show that the model learns intuitive topics, outperforming several other topic models at predictive tasks.|2015-12-01|2015|['Transactions of the Association for Computational Linguistics']
https://doi.org/10.1162/tacl_a_00153|Approximation-Aware Dependency Parsing by Belief Propagation|We show how to train the fast dependency parser of Smith and Eisner (2008) for improved accuracy. This parser can consider higher-order interactions among edges while retaining O( n 3 ) runtime. It outputs the parse with maximum expected recall—but for speed, this expectation is taken under a posterior distribution that is constructed only approximately, using loopy belief propagation through structured factors. We show how to adjust the model parameters to compensate for the errors introduced by this approximation, by following the gradient of the actual loss on training data. We find this gradient by back-propagation. That is, we treat the entire parser (approximations and all) as a differentiable circuit, as others have done for loopy CRFs (Domke, 2010; Stoyanov et al., 2011; Domke, 2011; Stoyanov and Eisner, 2012). The resulting parser obtains higher accuracy with fewer iterations of belief propagation than one trained by conditional log-likelihood.|2015-12-01|2015|['Transactions of the Association for Computational Linguistics']
https://doi.org/10.1162/tacl_a_00151|Learning Structural Kernels for Natural Language Processing|Structural kernels are a flexible learning paradigm that has been widely used in Natural Language Processing. However, the problem of model selection in kernel-based methods is usually overlooked. Previous approaches mostly rely on setting default values for kernel hyperparameters or using grid search, which is slow and coarse-grained. In contrast, Bayesian methods allow efficient model selection by maximizing the evidence on the training data through gradient-based methods. In this paper we show how to perform this in the context of structural kernels by using Gaussian Processes. Experimental results on tree kernels show that this procedure results in better prediction performance compared to hyperparameter optimization via grid search. The framework proposed in this paper can be adapted to other structures besides trees, e.g., strings and graphs, thereby extending the utility of kernel-based methods.|2015-12-01|2015|['Transactions of the Association for Computational Linguistics']
https://doi.org/10.1162/tacl_a_00136|Combining Minimally-supervised Methods for Arabic Named Entity Recognition|Supervised methods can achieve high performance on NLP tasks, such as Named Entity Recognition (NER), but new annotations are required for every new domain and/or genre change. This has motivated research in minimally supervised methods such as semi-supervised learning and distant learning, but neither technique has yet achieved performance levels comparable to those of supervised methods. Semi-supervised methods tend to have very high precision but comparatively low recall, whereas distant learning tends to achieve higher recall but lower precision. This complementarity suggests that better results may be obtained by combining the two types of minimally supervised methods. In this paper we present a novel approach to Arabic NER using a combination of semi-supervised and distant learning techniques. We trained a semi-supervised NER classifier and another one using distant learning techniques, and then combined them using a variety of classifier combination schemes, including the Bayesian Classifier Combination (BCC) procedure recently proposed for sentiment analysis. According to our results, the BCC model leads to an increase in performance of 8 percentage points over the best base classifiers.|2015-12-01|2015|['Transactions of the Association for Computational Linguistics']
https://doi.org/10.1162/tacl_a_00159|Semantic Parsing of Ambiguous Input through Paraphrasing and Verification|We propose a new method for semantic parsing of ambiguous and ungrammatical input, such as search queries. We do so by building on an existing semantic parsing framework that uses synchronous context free grammars (SCFG) to jointly model the input sentence and output meaning representation. We generalize this SCFG framework to allow not one, but multiple outputs. Using this formalism, we construct a grammar that takes an ambiguous input string and jointly maps it into both a meaning representation and a natural language paraphrase that is less ambiguous than the original input. This paraphrase can be used to disambiguate the meaning representation via verification using a language model that calculates the probability of each paraphrase.|2015-12-01|2015|['Transactions of the Association for Computational Linguistics']
https://doi.org/10.1162/tacl_a_00138|Domain Adaptation for Syntactic and Semantic Dependency Parsing Using Deep Belief Networks|In current systems for syntactic and semantic dependency parsing, people usually define a very high-dimensional feature space to achieve good performance. But these systems often suffer severe performance drops on out-of-domain test data due to the diversity of features of different domains. This paper focuses on how to relieve this domain adaptation problem with the help of unlabeled target domain data. We propose a deep learning method to adapt both syntactic and semantic parsers. With additional unlabeled target domain data, our method can learn a latent feature representation (LFR) that is beneficial to both domains. Experiments on English data in the CoNLL 2009 shared task show that our method largely reduced the performance drop on out-of-domain test data. Moreover, we get a Macro F1 score that is 2.32 points higher than the best system in the CoNLL 2009 shared task in out-of-domain tests.|2015-12-01|2015|['Transactions of the Association for Computational Linguistics']
https://doi.org/10.1162/tacl_a_00124|Gappy Pattern Matching on GPUs for On-Demand Extraction of Hierarchical Translation Grammars|Grammars for machine translation can be materialized on demand by finding source phrases in an indexed parallel corpus and extracting their translations. This approach is limited in practical applications by the computational expense of online lookup and extraction. For phrase-based models, recent work has shown that on-demand grammar extraction can be greatly accelerated by parallelization on general purpose graphics processing units (GPUs), but these algorithms do not work for hierarchical models, which require matching patterns that contain gaps. We address this limitation by presenting a novel GPU algorithm for on-demand hierarchical grammar extraction that is at least an order of magnitude faster than a comparable CPU algorithm when processing large batches of sentences. In terms of end-to-end translation, with decoding on the CPU, we increase throughput by roughly two thirds on a standard MT evaluation dataset. The GPU necessary to achieve these improvements increases the cost of a server by about a third. We believe that GPU-based extraction of hierarchical grammars is an attractive proposition, particularly for MT applications that demand high throughput.|2015-12-01|2015|['Transactions of the Association for Computational Linguistics']
https://doi.org/10.1162/tacl_a_00128|Unsupervised Declarative Knowledge Induction for Constraint-Based Learning of Information Structure in Scientific Documents|Inferring the information structure of scientific documents is useful for many NLP applications. Existing approaches to this task require substantial human effort. We propose a framework for constraint learning that reduces human involvement considerably. Our model uses topic models to identify latent topics and their key linguistic features in input documents, induces constraints from this information and maps sentences to their dominant information structure categories through a constrained unsupervised model. When the induced constraints are combined with a fully unsupervised model, the resulting model challenges existing lightly supervised feature-based models as well as unsupervised models that use manually constructed declarative knowledge. Our results demonstrate that useful declarative knowledge can be learned from data with very limited human involvement.|2015-12-01|2015|['Transactions of the Association for Computational Linguistics']
https://doi.org/10.1162/tacl_a_00123|Which Step Do I Take First? Troubleshooting with Bayesian Models|Online discussion forums and community question-answering websites provide one of the primary avenues for online users to share information. In this paper, we propose text mining techniques which aid users navigate troubleshooting-oriented data such as questions asked on forums and their suggested solutions. We introduce Bayesian generative models of the troubleshooting data and apply them to two interrelated tasks: (a) predicting the complexity of the solutions (e.g., plugging a keyboard in the computer is easier compared to installing a special driver) and (b) presenting them in a ranked order from least to most complex. Experimental results show that our models are on par with human performance on these tasks, while outperforming baselines based on solution length or readability.|2015-12-01|2015|['Transactions of the Association for Computational Linguistics']
https://doi.org/10.1162/tacl_a_00097|ABCNN: Attention-Based Convolutional Neural Network for Modeling Sentence Pairs|How to model a pair of sentences is a critical issue in many NLP tasks such as answer selection (AS), paraphrase identification (PI) and textual entailment (TE). Most prior work (i) deals with one individual task by fine-tuning a specific system; (ii) models each sentence’s representation separately, rarely considering the impact of the other sentence; or (iii) relies fully on manually designed, task-specific linguistic features. This work presents a general Attention Based Convolutional Neural Network (ABCNN) for modeling a pair of sentences. We make three contributions. (i) The ABCNN can be applied to a wide variety of tasks that require modeling of sentence pairs. (ii) We propose three attention schemes that integrate mutual influence between sentences into CNNs; thus, the representation of each sentence takes into consideration its counterpart. These interdependent sentence pair representations are more powerful than isolated sentence representations. (iii) ABCNNs achieve state-of-the-art performance on AS, PI and TE tasks. We release code at: https://github.com/yinwenpeng/Answer_Selection .|2016-12-01|2016|['Transactions of the Association for Computational Linguistics']
https://doi.org/10.1162/tacl_a_00115|Assessing the Ability of LSTMs to Learn Syntax-Sensitive Dependencies|The success of long short-term memory (LSTM) neural networks in language processing is typically attributed to their ability to capture long-distance statistical regularities. Linguistic regularities are often sensitive to syntactic structure; can such dependencies be captured by LSTMs, which do not have explicit structural representations? We begin addressing this question using number agreement in English subject-verb dependencies. We probe the architecture’s grammatical competence both using training objectives with an explicit grammatical target (number prediction, grammaticality judgments) and using language models. In the strongly supervised settings, the LSTM achieved very high overall accuracy (less than 1% errors), but errors increased when sequential and structural information conflicted. The frequency of such errors rose sharply in the language-modeling setting. We conclude that LSTMs can capture a non-trivial amount of grammatical structure given targeted supervision, but stronger architectures may be required to further reduce errors; furthermore, the language modeling signal is insufficient for capturing syntax-sensitive dependencies, and should be supplemented with more direct supervision if such dependencies need to be captured.|2016-12-01|2016|['Transactions of the Association for Computational Linguistics']
https://doi.org/10.1162/tacl_a_00101|Simple and Accurate Dependency Parsing Using Bidirectional LSTM Feature Representations|We present a simple and effective scheme for dependency parsing which is based on bidirectional-LSTMs (BiLSTMs). Each sentence token is associated with a BiLSTM vector representing the token in its sentential context, and feature vectors are constructed by concatenating a few BiLSTM vectors. The BiLSTM is trained jointly with the parser objective, resulting in very effective feature extractors for parsing. We demonstrate the effectiveness of the approach by applying it to a greedy transition-based parser as well as to a globally optimized graph-based parser. The resulting parsers have very simple architectures, and match or surpass the state-of-the-art accuracies on English and Chinese.|2016-12-01|2016|['Transactions of the Association for Computational Linguistics']
https://doi.org/10.1162/tacl_a_00107|Optimizing Statistical Machine Translation for Text Simplification|Most recent sentence simplification systems use basic machine translation models to learn lexical and syntactic paraphrases from a manually simplified parallel corpus. These methods are limited by the quality and quantity of manually simplified corpora, which are expensive to build. In this paper, we conduct an in-depth adaptation of statistical machine translation to perform text simplification, taking advantage of large-scale paraphrases learned from bilingual texts and a small amount of manual simplifications with multiple references. Our work is the first to design automatic metrics that are effective for tuning and evaluating simplification systems, which will facilitate iterative development for this task.|2016-12-01|2016|['Transactions of the Association for Computational Linguistics']
https://doi.org/10.1162/tacl_a_00106|A Latent Variable Model Approach to PMI-based Word Embeddings|Semantic word embeddings represent the meaning of a word via a vector, and are created by diverse methods. Many use nonlinear operations on co-occurrence statistics, and have hand-tuned hyperparameters and reweighting methods. This paper proposes a new generative model, a dynamic version of the log-linear topic model of Mnih and Hinton (2007). The methodological novelty is to use the prior to compute closed form expressions for word statistics. This provides a theoretical justification for nonlinear models like PMI, word2vec, and GloVe, as well as some hyperparameter choices. It also helps explain why low-dimensional semantic embeddings contain linear algebraic structure that allows solution of word analogies, as shown by Mikolov et al. (2013a) and many subsequent papers. Experimental support is provided for the generative model assumptions, the most important of which is that latent word vectors are fairly uniformly dispersed in space.|2016-12-01|2016|['Transactions of the Association for Computational Linguistics']
https://doi.org/10.1162/tacl_a_00105|Deep Recurrent Models with Fast-Forward Connections for Neural Machine Translation|Neural machine translation (NMT) aims at solving machine translation (MT) problems using neural networks and has exhibited promising results in recent years. However, most of the existing NMT models are shallow and there is still a performance gap between a single NMT model and the best conventional MT system. In this work, we introduce a new type of linear connections, named fast-forward connections, based on deep Long Short-Term Memory (LSTM) networks, and an interleaved bi-directional architecture for stacking the LSTM layers. Fast-forward connections play an essential role in propagating the gradients and building a deep topology of depth 16. On the WMT’14 English-to-French task, we achieve BLEU=37.7 with a single attention model, which outperforms the corresponding single shallow model by 6.2 BLEU points. This is the first time that a single NMT model achieves state-of-the-art performance and outperforms the best conventional model by 0.7 BLEU points. We can still achieve BLEU=36.3 even without using an attention mechanism. After special handling of unknown words and model ensembling, we obtain the best score reported to date on this task with BLEU=40.4. Our models are also validated on the more difficult WMT’14 English-to-German task.|2016-12-01|2016|['Transactions of the Association for Computational Linguistics']
https://doi.org/10.1162/tacl_a_00099|Comparing Apples to Apple: The Effects of Stemmers on Topic Models|Rule-based stemmers such as the Porter stemmer are frequently used to preprocess English corpora for topic modeling. In this work, we train and evaluate topic models on a variety of corpora using several different stemming algorithms. We examine several different quantitative measures of the resulting models, including likelihood, coherence, model stability, and entropy. Despite their frequent use in topic modeling, we find that stemmers produce no meaningful improvement in likelihood and coherence and in fact can degrade topic stability.|2016-12-01|2016|['Transactions of the Association for Computational Linguistics']
https://doi.org/10.1162/tacl_a_00080|Learning to Understand Phrases by Embedding the Dictionary|Distributional models that learn rich semantic word representations are a success story of recent NLP research. However, developing models that learn useful representations of phrases and sentences has proved far harder. We propose using the definitions found in everyday dictionaries as a means of bridging this gap between lexical and phrasal semantics. Neural language embedding models can be effectively trained to map dictionary definitions (phrases) to (lexical) representations of the words defined by those definitions. We present two applications of these architectures: reverse dictionaries that return the name of a concept given a definition or description and general-knowledge crossword question answerers. On both tasks, neural language embedding models trained on definitions from a handful of freely-available lexical resources perform as well or better than existing commercial systems that rely on significant task-specific engineering. The results highlight the effectiveness of both neural embedding architectures and definition-based training for developing models that understand phrases and sentences.|2016-12-01|2016|['Transactions of the Association for Computational Linguistics']
https://doi.org/10.1162/tacl_a_00088|Transforming Dependency Structures to Logical Forms for Semantic Parsing|The strongly typed syntax of grammar formalisms such as CCG, TAG, LFG and HPSG offers a synchronous framework for deriving syntactic structures and semantic logical forms. In contrast—partly due to the lack of a strong type system—dependency structures are easy to annotate and have become a widely used form of syntactic analysis for many languages. However, the lack of a type system makes a formal mechanism for deriving logical forms from dependency structures challenging. We address this by introducing a robust system based on the lambda calculus for deriving neo-Davidsonian logical forms from dependency trees. These logical forms are then used for semantic parsing of natural language to Freebase. Experiments on the Free917 and Web-Questions datasets show that our representation is superior to the original dependency trees and that it outperforms a CCG-based representation on this task. Compared to prior work, we obtain the strongest result to date on Free917 and competitive results on WebQuestions.|2016-12-01|2016|['Transactions of the Association for Computational Linguistics']
https://doi.org/10.1162/tacl_a_00085|Learning Tier-based Strictly 2-Local Languages|The Tier-based Strictly 2-Local (TSL 2 ) languages are a class of formal languages which have been shown to model long-distance phonotactic generalizations in natural language (Heinz et al., 2011). This paper introduces the Tier-based Strictly 2-Local Inference Algorithm (2TSLIA), the first nonenumerative learner for the TSL 2 languages. We prove the 2TSLIA is guaranteed to converge in polynomial time on a data sample whose size is bounded by a constant.|2016-12-01|2016|['Transactions of the Association for Computational Linguistics']
https://doi.org/10.1162/tacl_a_00081|A Bayesian Model of Diachronic Meaning Change|Word meanings change over time and an automated procedure for extracting this information from text would be useful for historical exploratory studies, information retrieval or question answering. We present a dynamic Bayesian model of diachronic meaning change, which infers temporal word representations as a set of senses and their prevalence. Unlike previous work, we explicitly model language change as a smooth, gradual process. We experimentally show that this modeling decision is beneficial: our model performs competitively on meaning change detection tasks whilst inducing discernible word senses and their development over time. Application of our model to the SemEval-2015 temporal classification benchmark datasets further reveals that it performs on par with highly optimized task-specific systems.|2016-12-01|2016|['Transactions of the Association for Computational Linguistics']
https://doi.org/10.1162/tacl_a_00083|An Empirical Analysis of Formality in Online Communication|This paper presents an empirical study of linguistic formality. We perform an analysis of humans’ perceptions of formality in four different genres. These findings are used to develop a statistical model for predicting formality, which is evaluated under different feature settings and genres. We apply our model to an investigation of formality in online discussion forums, and present findings consistent with theories of formality and linguistic coordination.|2016-12-01|2016|['Transactions of the Association for Computational Linguistics']
https://doi.org/10.1162/tacl_a_00100|Multilingual Projection for Parsing Truly Low-Resource Languages|We propose a novel approach to cross-lingual part-of-speech tagging and dependency parsing for truly low-resource languages. Our annotation projection-based approach yields tagging and parsing models for over 100 languages. All that is needed are freely available parallel texts, and taggers and parsers for resource-rich languages. The empirical evaluation across 30 test languages shows that our method consistently provides top-level accuracies, close to established upper bounds, and outperforms several competitive baselines.|2016-12-01|2016|['Transactions of the Association for Computational Linguistics']
https://doi.org/10.1162/tacl_a_00091|Reassessing the Goals of Grammatical Error Correction: Fluency Instead of Grammaticality|The field of grammatical error correction (GEC) has grown substantially in recent years, with research directed at both evaluation metrics and improved system performance against those metrics. One unvisited assumption, however, is the reliance of GEC evaluation on error-coded corpora, which contain specific labeled corrections. We examine current practices and show that GEC’s reliance on such corpora unnaturally constrains annotation and automatic evaluation, resulting in (a) sentences that do not sound acceptable to native speakers and (b) system rankings that do not correlate with human judgments. In light of this, we propose an alternate approach that jettisons costly error coding in favor of unannotated, whole-sentence rewrites. We compare the performance of existing metrics over different gold-standard annotations, and show that automatic evaluation with our new annotation scheme has very strong correlation with expert rankings (ρ = 0.82). As a result, we advocate for a fundamental and necessary shift in the goal of GEC, from correcting small, labeled error types, to producing text that has native fluency.|2016-12-01|2016|['Transactions of the Association for Computational Linguistics']
https://doi.org/10.1162/tacl_a_00098|Word Embeddings as Metric Recovery in Semantic Spaces|Continuous word representations have been remarkably useful across NLP tasks but remain poorly understood. We ground word embeddings in semantic spaces studied in the cognitive-psychometric literature, taking these spaces as the primary objects to recover. To this end, we relate log co-occurrences of words in large corpora to semantic similarity assessments and show that co-occurrences are indeed consistent with an Euclidean semantic space hypothesis. Framing word embedding as metric recovery of a semantic space unifies existing word embedding algorithms, ties them to manifold learning, and demonstrates that existing algorithms are consistent metric recovery methods given co-occurrence counts from random walks. Furthermore, we propose a simple, principled, direct metric recovery algorithm that performs on par with the state-of-the-art word embedding and manifold learning methods. Finally, we complement recent focus on analogies by constructing two new inductive reasoning datasets—series completion and classification—and demonstrate that word embeddings can be used to solve them as well.|2016-12-01|2016|['Transactions of the Association for Computational Linguistics']
https://doi.org/10.1162/tacl_a_00113|The Galactic Dependencies Treebanks: Getting More Data by Synthesizing New Languages|We release Galactic Dependencies 1.0—a large set of synthetic languages not found on Earth, but annotated in Universal Dependencies format. This new resource aims to provide training and development data for NLP methods that aim to adapt to unfamiliar languages. Each synthetic treebank is produced from a real treebank by stochastically permuting the dependents of nouns and/or verbs to match the word order of other real languages. We discuss the usefulness, realism, parsability, perplexity, and diversity of the synthetic languages. As a simple demonstration of the use of Galactic Dependencies, we consider single-source transfer, which attempts to parse a real target language using a parser trained on a “nearby” source language. We find that including synthetic source languages somewhat increases the diversity of the source pool, which significantly improves results for most target languages.|2016-12-01|2016|['Transactions of the Association for Computational Linguistics']
https://doi.org/10.1162/tacl_a_00095|Discrete-State Variational Autoencoders for Joint Discovery and Factorization of Relations|We present a method for unsupervised open-domain relation discovery. In contrast to previous (mostly generative and agglomerative clustering) approaches, our model relies on rich contextual features and makes minimal independence assumptions. The model is composed of two parts: a feature-rich relation extractor, which predicts a semantic relation between two entities, and a factorization model, which reconstructs arguments (i.e., the entities) relying on the predicted relation. The two components are estimated jointly so as to minimize errors in recovering arguments. We study factorization models inspired by previous work in relation factorization and selectional preference modeling. Our models substantially outperform the generative and agglomerative-clustering counterparts and achieve state-of-the-art performance.|2016-12-01|2016|['Transactions of the Association for Computational Linguistics']
https://doi.org/10.1162/tacl_a_00094|J-NERD: Joint Named Entity Recognition and Disambiguation with Rich Linguistic Features|Methods for Named Entity Recognition and Disambiguation (NERD) perform NER and NED in two separate stages. Therefore, NED may be penalized with respect to precision by NER false positives, and suffers in recall from NER false negatives. Conversely, NED does not fully exploit information computed by NER such as types of mentions. This paper presents J-NERD, a new approach to perform NER and NED jointly, by means of a probabilistic graphical model that captures mention spans, mention types, and the mapping of mentions to entities in a knowledge base. We present experiments with different kinds of texts from the CoNLL’03, ACE’05, and ClueWeb’09-FACC1 corpora. J-NERD consistently outperforms state-of-the-art competitors in end-to-end NERD precision, recall, and F1.|2016-12-01|2016|['Transactions of the Association for Computational Linguistics']
https://doi.org/10.1162/tacl_a_00096|Unsupervised Part-Of-Speech Tagging with Anchor Hidden Markov Models|We tackle unsupervised part-of-speech (POS) tagging by learning hidden Markov models (HMMs) that are particularly well-suited for the problem. These HMMs, which we call anchor HMMs, assume that each tag is associated with at least one word that can have no other tag, which is a relatively benign condition for POS tagging (e.g., “the” is a word that appears only under the determiner tag). We exploit this assumption and extend the non-negative matrix factorization framework of Arora et al. (2013) to design a consistent estimator for anchor HMMs. In experiments, our algorithm is competitive with strong baselines such as the clustering method of Brown et al. (1992) and the log-linear model of Berg-Kirkpatrick et al. (2010). Furthermore, it produces an interpretable model in which hidden states are automatically lexicalized by words.|2016-12-01|2016|['Transactions of the Association for Computational Linguistics']
https://doi.org/10.1162/tacl_a_00082|Detecting Cross-Cultural Differences Using a Multilingual Topic Model|Understanding cross-cultural differences has important implications for world affairs and many aspects of the life of society. Yet, the majority of text-mining methods to date focus on the analysis of monolingual texts. In contrast, we present a statistical model that simultaneously learns a set of common topics from multilingual, non-parallel data and automatically discovers the differences in perspectives on these topics across linguistic communities. We perform a behavioural evaluation of a subset of the differences identified by our model in English and Spanish to investigate their psychological validity.|2016-12-01|2016|['Transactions of the Association for Computational Linguistics']
https://doi.org/10.1162/tacl_a_00084|Decoding Anagrammed Texts Written in an Unknown Language and Script|Algorithmic decipherment is a prime example of a truly unsupervised problem. The first step in the decipherment process is the identification of the encrypted language. We propose three methods for determining the source language of a document enciphered with a monoalphabetic substitution cipher. The best method achieves 97% accuracy on 380 languages. We then present an approach to decoding anagrammed substitution ciphers, in which the letters within words have been arbitrarily transposed. It obtains the average decryption word accuracy of 93% on a set of 50 ciphertexts in 5 languages. Finally, we report the results on the Voynich manuscript, an unsolved fifteenth century cipher, which suggest Hebrew as the language of the document.|2016-12-01|2016|['Transactions of the Association for Computational Linguistics']
https://doi.org/10.1162/tacl_a_00079|Morpho-syntactic Lexicon Generation Using Graph-based Semi-supervised Learning|Morpho-syntactic lexicons provide information about the morphological and syntactic roles of words in a language. Such lexicons are not available for all languages and even when available, their coverage can be limited. We present a graph-based semi-supervised learning method that uses the morphological, syntactic and semantic relations between words to automatically construct wide coverage lexicons from small seed sets. Our method is language-independent, and we show that we can expand a 1000 word seed lexicon to more than 100 times its size with high quality for 11 languages. In addition, the automatically created lexicons provide features that improve performance in two downstream tasks: morphological tagging and dependency parsing.|2016-12-01|2016|['Transactions of the Association for Computational Linguistics']
https://doi.org/10.1162/tacl_a_00103|Multi-lingual Dependency Parsing Evaluation: a Large-scale Analysis of Word Order Properties using Artificial Data|The growing work in multi-lingual parsing faces the challenge of fair comparative evaluation and performance analysis across languages and their treebanks. The difficulty lies in teasing apart the properties of treebanks, such as their size or average sentence length, from those of the annotation scheme, and from the linguistic properties of languages. We propose a method to evaluate the effects of word order of a language on dependency parsing performance, while controlling for confounding treebank properties. The method uses artificially-generated treebanks that are minimal permutations of actual treebanks with respect to two word order properties: word order variation and dependency lengths. Based on these artificial data on twelve languages, we show that longer dependencies and higher word order variability degrade parsing performance. Our method also extends to minimal pairs of individual sentences, leading to a finer-grained understanding of parsing errors.|2016-12-01|2016|['Transactions of the Association for Computational Linguistics']
https://doi.org/10.1162/tacl_a_00114|Minimally Supervised Number Normalization|We propose two models for verbalizing numbers, a key component in speech recognition and synthesis systems. The first model uses an end-to-end recurrent neural network. The second model, drawing inspiration from the linguistics literature, uses finite-state transducers constructed with a minimal amount of training data. While both models achieve near-perfect performance, the latter model can be trained using several orders of magnitude less data than the former, making it particularly useful for low-resource languages.|2016-12-01|2016|['Transactions of the Association for Computational Linguistics']
https://doi.org/10.1162/tacl_a_00116|Understanding Satirical Articles Using Common-Sense|Automatic satire detection is a subtle text classification task, for machines and at times, even for humans. In this paper we argue that satire detection should be approached using common-sense inferences, rather than traditional text classification methods. We present a highly structured latent variable model capturing the required inferences. The model abstracts over the specific entities appearing in the articles, grouping them into generalized categories, thus allowing the model to adapt to previously unseen situations.|2016-12-01|2016|['Transactions of the Association for Computational Linguistics']
https://doi.org/10.1162/tacl_a_00089|Concept Grounding to Multiple Knowledge Bases via Indirect Supervision|We consider the problem of disambiguating concept mentions appearing in documents and grounding them in multiple knowledge bases, where each knowledge base addresses some aspects of the domain. This problem poses a few additional challenges beyond those addressed in the popular Wikification problem. Key among them is that most knowledge bases do not contain the rich textual and structural information Wikipedia does; consequently, the main supervision signal used to train Wikification rankers does not exist anymore. In this work we develop an algorithmic approach that, by carefully examining the relations between various related knowledge bases, generates an indirect supervision signal it uses to train a ranking model that accurately chooses knowledge base entries for a given mention; moreover, it also induces prior knowledge that can be used to support a global coherent mapping of all the concepts in a given document to the knowledge bases. Using the biomedical domain as our application, we show that our indirectly supervised ranking model outperforms other unsupervised baselines and that the quality of this indirect supervision scheme is very close to a supervised model. We also show that considering multiple knowledge bases together has an advantage over grounding concepts to each knowledge base individually.|2016-12-01|2016|['Transactions of the Association for Computational Linguistics']
https://doi.org/10.1162/tacl_a_00086|Adapting to All Domains at Once: Rewarding Domain Invariance in SMT|Existing work on domain adaptation for statistical machine translation has consistently assumed access to a small sample from the test distribution (target domain) at training time. In practice, however, the target domain may not be known at training time or it may change to match user needs. In such situations, it is natural to push the system to make safer choices, giving higher preference to domain-invariant translations, which work well across domains, over risky domain-specific alternatives. We encode this intuition by (1) inducing latent subdomains from the training data only; (2) introducing features which measure how specialized phrases are to individual induced sub-domains; (3) estimating feature weights on out-of-domain data (rather than on the target domain). We conduct experiments on three language pairs and a number of different domains. We observe consistent improvements over a baseline which does not explicitly reward domain invariance.|2016-12-01|2016|['Transactions of the Association for Computational Linguistics']
https://doi.org/10.1162/tacl_a_00092|Efficient Structured Inference for Transition-Based Parsing with Neural Networks and Error States|Transition-based approaches based on local classification are attractive for dependency parsing due to their simplicity and speed, despite producing results slightly below the state-of-the-art. In this paper, we propose a new approach for approximate structured inference for transition-based parsing that produces scores suitable for global scoring using local models. This is accomplished with the introduction of error states in local training, which add information about incorrect derivation paths typically left out completely in locally-trained models. Using neural networks for our local classifiers, our approach achieves 93.61% accuracy for transition-based dependency parsing in English.|2016-12-01|2016|['Transactions of the Association for Computational Linguistics']
https://doi.org/10.1162/tacl_a_00087|A Joint Model for Answer Sentence Ranking and Answer Extraction|Answer sentence ranking and answer extraction are two key challenges in question answering that have traditionally been treated in isolation, i.e., as independent tasks. In this article, we (1) explain how both tasks are related at their core by a common quantity, and (2) propose a simple and intuitive joint probabilistic model that addresses both via joint computation but task-specific application of that quantity. In our experiments with two TREC datasets, our joint model substantially outperforms state-of-the-art systems in both tasks.|2016-12-01|2016|['Transactions of the Association for Computational Linguistics']
https://doi.org/10.1162/tacl_a_00102|Sparse Non-negative Matrix Language Modeling|We present Sparse Non-negative Matrix (SNM) estimation, a novel probability estimation technique for language modeling that can efficiently incorporate arbitrary features. We evaluate SNM language models on two corpora: the One Billion Word Benchmark and a subset of the LDC English Gigaword corpus. Results show that SNM language models trained with n-gram features are a close match for the well-established Kneser-Ney models. The addition of skip-gram features yields a model that is in the same league as the state-of-the-art recurrent neural network language models, as well as complementary: combining the two modeling techniques yields the best known result on the One Billion Word Benchmark. On the Gigaword corpus further improvements are observed using features that cross sentence boundaries. The computational advantages of SNM estimation over both maximum entropy and neural network estimation are probably its main strength, promising an approach that has large flexibility in combining arbitrary features and yet scales gracefully to large amounts of data.|2016-12-01|2016|['Transactions of the Association for Computational Linguistics']
https://doi.org/10.1162/tacl_a_00117|Utilizing Temporal Information for Taxonomy Construction|Taxonomies play an important role in many applications by organizing domain knowledge into a hierarchy of ‘ is-a’ relations between terms. Previous work on automatic construction of taxonomies from text documents either ignored temporal information or used fixed time periods to discretize the time series of documents. In this paper, we propose a time-aware method to automatically construct and effectively maintain a taxonomy from a given series of documents preclustered for a domain of interest. The method extracts temporal information from the documents and uses a timestamp contribution function to score the temporal relevance of the evidence from source texts when identifying the taxonomic relations for constructing the taxonomy. Experimental results show that our proposed method outperforms the state-of-the-art methods by increasing F-measure up to 7%–20%. Furthermore, the proposed method can incrementally update the taxonomy by adding fresh relations from new data and removing outdated relations using an information decay function. It thus avoids rebuilding the whole taxonomy from scratch for every update and keeps the taxonomy effectively up-to-date in order to track the latest information trends in the rapidly evolving domain.|2016-12-01|2016|['Transactions of the Association for Computational Linguistics']
https://doi.org/10.1162/tacl_a_00093|Generating Training Data for Semantic Role Labeling based on Label Transfer from Linked Lexical Resources|We present a new approach for generating role-labeled training data using Linked Lexical Resources, i.e., integrated lexical resources that combine several resources (e.g., Word-Net, FrameNet, Wiktionary) by linking them on the sense or on the role level. Unlike resource-based supervision in relation extraction, we focus on complex linguistic annotations, more specifically FrameNet senses and roles. The automatically labeled training data ( www.ukp.tu-darmstadt.de/knowledge-based-srl/ ) are evaluated on four corpora from different domains for the tasks of word sense disambiguation and semantic role classification. Results show that classifiers trained on our generated data equal those resulting from a standard supervised setting.|2016-12-01|2016|['Transactions of the Association for Computational Linguistics']
https://doi.org/10.1162/tacl_a_00090|Learning to Make Inferences in a Semantic Parsing Task|We introduce a new approach to training a semantic parser that uses textual entailment judgements as supervision. These judgements are based on high-level inferences about whether the meaning of one sentence follows from another. When applied to an existing semantic parsing task, they prove to be a useful tool for revealing semantic distinctions and background knowledge not captured in the target representations. This information is used to improve the quality of the semantic representations being learned and to acquire generic knowledge for reasoning. Experiments are done on the benchmark Sportscaster corpus (Chen and Mooney, 2008), and a novel RTE-inspired inference dataset is introduced. On this new dataset our method strongly outperforms several strong baselines. Separately, we obtain state-of-the-art results on the original Sportscaster semantic parsing task.|2016-12-01|2016|['Transactions of the Association for Computational Linguistics']
https://doi.org/10.1162/tacl_a_00051|Enriching Word Vectors with Subword Information|Continuous word representations, trained on large unlabeled corpora are useful for many natural language processing tasks. Popular models that learn such representations ignore the morphology of words, by assigning a distinct vector to each word. This is a limitation, especially for languages with large vocabularies and many rare words. In this paper, we propose a new approach based on the skipgram model, where each word is represented as a bag of character n-grams. A vector representation is associated to each character n-gram; words being represented as the sum of these representations. Our method is fast, allowing to train models on large corpora quickly and allows us to compute word representations for words that did not appear in the training data. We evaluate our word representations on nine different languages, both on word similarity and analogy tasks. By comparing to recently proposed morphological word representations, we show that our vectors achieve state-of-the-art performance on these tasks.|2017-12-01|2017|['Transactions of the Association for Computational Linguistics']
https://doi.org/10.1162/tacl_a_00065|Google’s Multilingual Neural Machine Translation System: Enabling Zero-Shot Translation|We propose a simple solution to use a single Neural Machine Translation (NMT) model to translate between multiple languages. Our solution requires no changes to the model architecture from a standard NMT system but instead introduces an artificial token at the beginning of the input sentence to specify the required target language. Using a shared wordpiece vocabulary, our approach enables Multilingual NMT systems using a single model. On the WMT’14 benchmarks, a single multilingual model achieves comparable performance for English→French and surpasses state-of-theart results for English→German. Similarly, a single multilingual model surpasses state-of-the-art results for French→English and German→English on WMT’14 and WMT’15 benchmarks, respectively. On production corpora, multilingual models of up to twelve language pairs allow for better translation of many individual pairs. Our models can also learn to perform implicit bridging between language pairs never seen explicitly during training, showing that transfer learning and zero-shot translation is possible for neural translation. Finally, we show analyses that hints at a universal interlingua representation in our models and also show some interesting examples when mixing languages.|2017-12-01|2017|['Transactions of the Association for Computational Linguistics']
https://doi.org/10.1162/tacl_a_00049|Cross-Sentence <i>N</i>-ary Relation Extraction with Graph LSTMs|Past work in relation extraction has focused on binary relations in single sentences. Recent NLP inroads in high-value domains have sparked interest in the more general setting of extracting n-ary relations that span multiple sentences. In this paper, we explore a general relation extraction framework based on graph long short-term memory networks (graph LSTMs) that can be easily extended to cross-sentence n-ary relation extraction. The graph formulation provides a unified way of exploring different LSTM approaches and incorporating various intra-sentential and inter-sentential dependencies, such as sequential, syntactic, and discourse relations. A robust contextual representation is learned for the entities, which serves as input to the relation classifier. This simplifies handling of relations with arbitrary arity, and enables multi-task learning with related relations. We evaluate this framework in two important precision medicine settings, demonstrating its effectiveness with both conventional supervised learning and distant supervision. Cross-sentence extraction produced larger knowledge bases. and multi-task learning significantly improved extraction accuracy. A thorough analysis of various LSTM approaches yielded useful insight the impact of linguistic analysis on extraction accuracy.|2017-12-01|2017|['Transactions of the Association for Computational Linguistics']
https://doi.org/10.1162/tacl_a_00067|Fully Character-Level Neural Machine Translation without Explicit Segmentation|Most existing machine translation systems operate at the level of words, relying on explicit segmentation to extract tokens. We introduce a neural machine translation (NMT) model that maps a source character sequence to a target character sequence without any segmentation. We employ a character-level convolutional network with max-pooling at the encoder to reduce the length of source representation, allowing the model to be trained at a speed comparable to subword-level models while capturing local regularities. Our character-to-character model outperforms a recently proposed baseline with a subword-level encoder on WMT’15 DE-EN and CS-EN, and gives comparable performance on FI-EN and RU-EN. We then demonstrate that it is possible to share a single character-level encoder across multiple languages by training a model on a many-to-one translation task. In this multilingual setting, the character-level encoder significantly outperforms the subword-level encoder on all the language pairs. We observe that on CS-EN, FI-EN and RU-EN, the quality of the multilingual character-level translation even surpasses the models specifically trained on that language pair alone, both in terms of the BLEU score and human judgment.|2017-12-01|2017|['Transactions of the Association for Computational Linguistics']
https://doi.org/10.1162/tacl_a_00063|Semantic Specialization of Distributional Word Vector Spaces using Monolingual and Cross-Lingual Constraints|We present Attract-Repel, an algorithm for improving the semantic quality of word vectors by injecting constraints extracted from lexical resources. Attract-Repel facilitates the use of constraints from mono- and cross-lingual resources, yielding semantically specialized cross-lingual vector spaces. Our evaluation shows that the method can make use of existing cross-lingual lexicons to construct high-quality vector spaces for a plethora of different languages, facilitating semantic transfer from high- to lower-resource ones. The effectiveness of our approach is demonstrated with state-of-the-art results on semantic similarity datasets in six languages. We next show that Attract-Repel-specialized vectors boost performance in the downstream task of dialogue state tracking (DST) across multiple languages. Finally, we show that cross-lingual vector spaces produced by our algorithm facilitate the training of multilingual DST models, which brings further performance improvements.|2017-12-01|2017|['Transactions of the Association for Computational Linguistics']
https://doi.org/10.1162/tacl_a_00068|Ordinal Common-sense Inference|Humans have the capacity to draw common-sense inferences from natural language: various things that are likely but not certain to hold based on established discourse, and are rarely stated explicitly. We propose an evaluation of automated common-sense inference based on an extension of recognizing textual entailment: predicting ordinal human responses on the subjective likelihood of an inference holding in a given context. We describe a framework for extracting common-sense knowledge from corpora, which is then used to construct a dataset for this ordinal entailment task. We train a neural sequence-to-sequence model on this dataset, which we use to score and generate possible inferences. Further, we annotate subsets of previously established datasets via our ordinal annotation protocol in order to then analyze the distinctions between these and what we have constructed.|2017-12-01|2017|['Transactions of the Association for Computational Linguistics']
https://doi.org/10.1162/tacl_a_00048|Context Gates for Neural Machine Translation|In neural machine translation (NMT), generation of a target word depends on both source and target contexts. We find that source contexts have a direct impact on the adequacy of a translation while target contexts affect the fluency. Intuitively, generation of a content word should rely more on the source context and generation of a functional word should rely more on the target context. Due to the lack of effective control over the influence from source and target contexts, conventional NMT tends to yield fluent but inadequate translations. To address this problem, we propose context gates which dynamically control the ratios at which source and target contexts contribute to the generation of target words. In this way, we can enhance both the adequacy and fluency of NMT with more careful control of the information flow from contexts. Experiments show that our approach significantly improves upon a standard attention-based NMT system by +2.3 BLEU points.|2017-12-01|2017|['Transactions of the Association for Computational Linguistics']
https://doi.org/10.1162/tacl_a_00064|Colors in Context: A Pragmatic Neural Model for Grounded Language Understanding|We present a model of pragmatic referring expression interpretation in a grounded communication task (identifying colors from descriptions) that draws upon predictions from two recurrent neural network classifiers, a speaker and a listener, unified by a recursive pragmatic reasoning framework. Experiments show that this combined pragmatic model interprets color descriptions more accurately than the classifiers from which it is built, and that much of this improvement results from combining the speaker and listener perspectives. We observe that pragmatic reasoning helps primarily in the hardest cases: when the model must distinguish very similar colors, or when few utterances adequately express the target color. Our findings make use of a newly-collected corpus of human utterances in color reference games, which exhibit a variety of pragmatic behaviors. We also show that the embedded speaker model reproduces many of these pragmatic behaviors.|2017-12-01|2017|['Transactions of the Association for Computational Linguistics']
https://doi.org/10.1162/tacl_a_00069|Learning Distributed Representations of Texts and Entities from Knowledge Base|We describe a neural network model that jointly learns distributed representations of texts and knowledge base (KB) entities. Given a text in the KB, we train our proposed model to predict entities that are relevant to the text. Our model is designed to be generic with the ability to address various NLP tasks with ease. We train the model using a large corpus of texts and their entity annotations extracted from Wikipedia. We evaluated the model on three important NLP tasks (i.e., sentence textual similarity, entity linking, and factoid question answering) involving both unsupervised and supervised settings. As a result, we achieved state-of-the-art results on all three of these tasks. Our code and trained models are publicly available for further academic research.|2017-12-01|2017|['Transactions of the Association for Computational Linguistics']
https://doi.org/10.1162/tacl_a_00077|Aspect-augmented Adversarial Networks for Domain Adaptation|We introduce a neural method for transfer learning between two (source and target) classification tasks or aspects over the same domain. Rather than training on target labels, we use a few keywords pertaining to source and target aspects indicating sentence relevance instead of document class labels. Documents are encoded by learning to embed and softly select relevant sentences in an aspect-dependent manner. A shared classifier is trained on the source encoded documents and labels, and applied to target encoded documents. We ensure transfer through aspect-adversarial training so that encoded documents are, as sets, aspect-invariant. Experimental results demonstrate that our approach outperforms different baselines and model variants on two datasets, yielding an improvement of 27% on a pathology dataset and 5% on a review dataset.|2017-12-01|2017|['Transactions of the Association for Computational Linguistics']
https://doi.org/10.1162/tacl_a_00062|Overcoming Language Variation in Sentiment Analysis with Social Attention|Variation in language is ubiquitous, particularly in newer forms of writing such as social media. Fortunately, variation is not random; it is often linked to social properties of the author. In this paper, we show how to exploit social networks to make sentiment analysis more robust to social language variation. The key idea is linguistic homophily: the tendency of socially linked individuals to use language in similar ways. We formalize this idea in a novel attention-based neural network architecture, in which attention is divided among several basis models, depending on the author’s position in the social network. This has the effect of smoothing the classification function across the social network, and makes it possible to induce personalized classifiers even for authors for whom there is no labeled data or demographic metadata. This model significantly improves the accuracies of sentiment analysis on Twitter and on review data.|2017-12-01|2017|['Transactions of the Association for Computational Linguistics']
https://doi.org/10.1162/tacl_a_00043|Visually Grounded and Textual Semantic Models Differentially Decode Brain Activity Associated with Concrete and Abstract Nouns|Important advances have recently been made using computational semantic models to decode brain activity patterns associated with concepts; however, this work has almost exclusively focused on concrete nouns. How well these models extend to decoding abstract nouns is largely unknown. We address this question by applying state-of-the-art computational models to decode functional Magnetic Resonance Imaging (fMRI) activity patterns, elicited by participants reading and imagining a diverse set of both concrete and abstract nouns. One of the models we use is linguistic, exploiting the recent word2vec skipgram approach trained on Wikipedia. The second is visually grounded, using deep convolutional neural networks trained on Google Images. Dual coding theory considers concrete concepts to be encoded in the brain both linguistically and visually, and abstract concepts only linguistically. Splitting the fMRI data according to human concreteness ratings, we indeed observe that both models significantly decode the most concrete nouns; however, accuracy is significantly greater using the text-based models for the most abstract nouns. More generally this confirms that current computational models are sufficiently advanced to assist in investigating the representational structure of abstract concepts in the brain.|2017-12-01|2017|['Transactions of the Association for Computational Linguistics']
https://doi.org/10.1162/tacl_a_00070|In-Order Transition-based Constituent Parsing|Both bottom-up and top-down strategies have been used for neural transition-based constituent parsing. The parsing strategies differ in terms of the order in which they recognize productions in the derivation tree, where bottom-up strategies and top-down strategies take post-order and pre-order traversal over trees, respectively. Bottom-up parsers benefit from rich features from readily built partial parses, but lack lookahead guidance in the parsing process; top-down parsers benefit from non-local guidance for local decisions, but rely on a strong encoder over the input to predict a constituent hierarchy before its construction. To mitigate both issues, we propose a novel parsing system based on in-order traversal over syntactic trees, designing a set of transition actions to find a compromise between bottom-up constituent information and top-down lookahead information. Based on stack-LSTM, our psycholinguistically motivated constituent parsing system achieves 91.8 F 1 on the WSJ benchmark. Furthermore, the system achieves 93.6 F 1 with supervised reranking and 94.2 F 1 with semi-supervised reranking, which are the best results on the WSJ benchmark.|2017-12-01|2017|['Transactions of the Association for Computational Linguistics']
https://doi.org/10.1162/tacl_a_00056|Pushing the Limits of Translation Quality Estimation|Translation quality estimation is a task of growing importance in NLP, due to its potential to reduce post-editing human effort in disruptive ways. However, this potential is currently limited by the relatively low accuracy of existing systems. In this paper, we achieve remarkable improvements by exploiting synergies between the related tasks of word-level quality estimation and automatic post-editing. First, we stack a new, carefully engineered, neural model into a rich feature-based word-level quality estimation system. Then, we use the output of an automatic post-editing system as an extra feature, obtaining striking results on WMT16: a word-level F MULT 1 score of 57.47% (an absolute gain of +7.95% over the current state of the art), and a Pearson correlation score of 65.56% for sentence-level HTER prediction (an absolute gain of +13.36%).|2017-12-01|2017|['Transactions of the Association for Computational Linguistics']
https://doi.org/10.1162/tacl_a_00074|Replicability Analysis for Natural Language Processing: Testing Significance with Multiple Datasets|With the ever growing amount of textual data from a large variety of languages, domains, and genres, it has become standard to evaluate NLP algorithms on multiple datasets in order to ensure a consistent performance across heterogeneous setups. However, such multiple comparisons pose significant challenges to traditional statistical analysis methods in NLP and can lead to erroneous conclusions. In this paper we propose a Replicability Analysis framework for a statistically sound analysis of multiple comparisons between algorithms for NLP tasks. We discuss the theoretical advantages of this framework over the current, statistically unjustified, practice in the NLP literature, and demonstrate its empirical value across four applications: multi-domain dependency parsing, multilingual POS tagging, cross-domain sentiment classification and word similarity prediction.|2017-12-01|2017|['Transactions of the Association for Computational Linguistics']
https://doi.org/10.1162/tacl_a_00058|Domain-Targeted, High Precision Knowledge Extraction|Our goal is to construct a domain-targeted, high precision knowledge base (KB), containing general (subject,predicate,object) statements about the world, in support of a downstream question-answering (QA) application. Despite recent advances in information extraction (IE) techniques, no suitable resource for our task already exists; existing resources are either too noisy, too named-entity centric, or too incomplete, and typically have not been constructed with a clear scope or purpose. To address these, we have created a domain-targeted, high precision knowledge extraction pipeline, leveraging Open IE, crowdsourcing, and a novel canonical schema learning algorithm (called CASI), that produces high precision knowledge targeted to a particular domain - in our case, elementary science. To measure the KB’s coverage of the target domain’s knowledge (its “comprehensiveness” with respect to science) we measure recall with respect to an independent corpus of domain text, and show that our pipeline produces output with over 80% precision and 23% recall with respect to that target, a substantially higher coverage of tuple-expressible science knowledge than other comparable resources. We have made the KB publicly available.|2017-12-01|2017|['Transactions of the Association for Computational Linguistics']
https://doi.org/10.1162/tacl_a_00045|Shift-Reduce Constituent Parsing with Neural Lookahead Features|Transition-based models can be fast and accurate for constituent parsing. Compared with chart-based models, they leverage richer features by extracting history information from a parser stack, which consists of a sequence of non-local constituents. On the other hand, during incremental parsing, constituent information on the right hand side of the current word is not utilized, which is a relative weakness of shift-reduce parsing. To address this limitation, we leverage a fast neural model to extract lookahead features. In particular, we build a bidirectional LSTM model, which leverages full sentence information to predict the hierarchy of constituents that each word starts and ends. The results are then passed to a strong transition-based constituent parser as lookahead features. The resulting parser gives 1.3% absolute improvement in WSJ and 2.3% in CTB compared to the baseline, giving the highest reported accuracies for fully-supervised parsing.|2017-12-01|2017|['Transactions of the Association for Computational Linguistics']
https://doi.org/10.1162/tacl_a_00061|Cross-Lingual Syntactic Transfer with Limited Resources|We describe a simple but effective method for cross-lingual syntactic transfer of dependency parsers, in the scenario where a large amount of translation data is not available. This method makes use of three steps: 1) a method for deriving cross-lingual word clusters, which can then be used in a multilingual parser; 2) a method for transferring lexical information from a target language to source language treebanks; 3) a method for integrating these steps with the density-driven annotation projection method of Rasooli and Collins (2015). Experiments show improvements over the state-of-the-art in several languages used in previous work, in a setting where the only source of translation data is the Bible, a considerably smaller corpus than the Europarl corpus used in previous work. Results using the Europarl corpus as a source of translation data show additional improvements over the results of Rasooli and Collins (2015). We conclude with results on 38 datasets from the Universal Dependencies corpora.|2017-12-01|2017|['Transactions of the Association for Computational Linguistics']
https://doi.org/10.1162/tacl_a_00057|Winning on the Merits: The Joint Effects of Content and Style on Debate Outcomes|Debate and deliberation play essential roles in politics and government, but most models presume that debates are won mainly via superior style or agenda control. Ideally, however, debates would be won on the merits, as a function of which side has the stronger arguments. We propose a predictive model of debate that estimates the effects of linguistic features and the latent persuasive strengths of different topics, as well as the interactions between the two. Using a dataset of 118 Oxford-style debates, our model’s combination of content (as latent topics) and style (as linguistic features) allows us to predict audience-adjudicated winners with 74% accuracy, significantly outperforming linguistic features alone (66%). Our model finds that winning sides employ stronger arguments, and allows us to identify the linguistic features associated with strong or weak arguments.|2017-12-01|2017|['Transactions of the Association for Computational Linguistics']
https://doi.org/10.1162/tacl_a_00044|Modeling Semantic Expectation: Using Script Knowledge for Referent Prediction|Recent research in psycholinguistics has provided increasing evidence that humans predict upcoming content. Prediction also affects perception and might be a key to robustness in human language processing. In this paper, we investigate the factors that affect human prediction by building a computational model that can predict upcoming discourse referents based on linguistic knowledge alone vs. linguistic knowledge jointly with common-sense knowledge in the form of scripts. We find that script knowledge significantly improves model estimates of human predictions. In a second study, we test the highly controversial hypothesis that predictability influences referring expression type but do not find evidence for such an effect.|2017-12-01|2017|['Transactions of the Association for Computational Linguistics']
https://doi.org/10.1162/tacl_a_00053|Head-Lexicalized Bidirectional Tree LSTMs|Sequential LSTMs have been extended to model tree structures, giving competitive results for a number of tasks. Existing methods model constituent trees by bottom-up combinations of constituent nodes, making direct use of input word information only for leaf nodes. This is different from sequential LSTMs, which contain references to input words for each node. In this paper, we propose a method for automatic head-lexicalization for tree-structure LSTMs, propagating head words from leaf nodes to every constituent node. In addition, enabled by head lexicalization, we build a tree LSTM in the top-down direction, which corresponds to bidirectional sequential LSTMs in structure. Experiments show that both extensions give better representations of tree structures. Our final model gives the best results on the Stanford Sentiment Treebank and highly competitive results on the TREC question type classification task.|2017-12-01|2017|['Transactions of the Association for Computational Linguistics']
https://doi.org/10.1162/tacl_a_00042|Evaluating Visual Representations for Topic Understanding and Their Effects on Manually Generated Topic Labels|Probabilistic topic models are important tools for indexing, summarizing, and analyzing large document collections by their themes. However, promoting end-user understanding of topics remains an open research problem. We compare labels generated by users given four topic visualization techniques—word lists, word lists with bars, word clouds, and network graphs—against each other and against automatically generated labels. Our basis of comparison is participant ratings of how well labels describe documents from the topic. Our study has two phases: a labeling phase where participants label visualized topics and a validation phase where different participants select which labels best describe the topics’ documents. Although all visualizations produce similar quality labels, simple visualizations such as word lists allow participants to quickly understand topics, while complex visualizations take longer but expose multi-word expressions that simpler visualizations obscure. Automatic labels lag behind user-created labels, but our dataset of manually labeled topics highlights linguistic patterns (e.g., hypernyms, phrases) that can be used to improve automatic topic labeling algorithms.|2017-12-01|2017|['Transactions of the Association for Computational Linguistics']
https://doi.org/10.1162/tacl_a_00047|A Generative Model of Phonotactics|We present a probabilistic model of phonotactics, the set of well-formed phoneme sequences in a language. Unlike most computational models of phonotactics (Hayes and Wilson, 2008; Goldsmith and Riggle, 2012), we take a fully generative approach, modeling a process where forms are built up out of subparts by phonologically-informed structure building operations. We learn an inventory of subparts by applying stochastic memoization (Johnson et al., 2007; Goodman et al., 2008) to a generative process for phonemes structured as an and-or graph, based on concepts of feature hierarchy from generative phonology (Clements, 1985; Dresher, 2009). Subparts are combined in a way that allows tier-based feature interactions. We evaluate our models’ ability to capture phonotactic distributions in the lexicons of 14 languages drawn from the WOLEX corpus (Graff, 2012). Our full model robustly assigns higher probabilities to held-out forms than a sophisticated N-gram model for all languages. We also present novel analyses that probe model behavior in more detail.|2017-12-01|2017|['Transactions of the Association for Computational Linguistics']
https://doi.org/10.1162/tacl_a_00050|Automatically Tagging Constructions of Causation and Their Slot-Fillers|This paper explores extending shallow semantic parsing beyond lexical-unit triggers, using causal relations as a test case. Semantic parsing becomes difficult in the face of the wide variety of linguistic realizations that causation can take on. We therefore base our approach on the concept of constructions from the linguistic paradigm known as Construction Grammar (CxG). In CxG, a construction is a form/function pairing that can rely on arbitrary linguistic and semantic features. Rather than codifying all aspects of each construction’s form, as some attempts to employ CxG in NLP have done, we propose methods that offload that problem to machine learning. We describe two supervised approaches for tagging causal constructions and their arguments. Both approaches combine automatically induced pattern-matching rules with statistical classifiers that learn the subtler parameters of the constructions. Our results show that these approaches are promising: they significantly outperform naïve baselines for both construction recognition and cause and effect head matches.|2017-12-01|2017|['Transactions of the Association for Computational Linguistics']
https://doi.org/10.1162/tacl_a_00052|Fine-Grained Prediction of Syntactic Typology: Discovering Latent Structure with <i>Supervised</i> Learning|We show how to predict the basic word-order facts of a novel language given only a corpus of part-of-speech (POS) sequences. We predict how often direct objects follow their verbs, how often adjectives follow their nouns, and in general the directionalities of all dependency relations. Such typological properties could be helpful in grammar induction. While such a problem is usually regarded as unsupervised learning, our innovation is to treat it as supervised learning, using a large collection of realistic synthetic languages as training data. The supervised learner must identify surface features of a language’s POS sequence (hand-engineered or neural features) that correlate with the language’s deeper structure (latent trees). In the experiment, we show: 1) Given a small set of real languages, it helps to add many synthetic languages to the training data. 2) Our system is robust even when the POS sequences include noise. 3) Our system on this task outperforms a grammar induction baseline by a large margin.|2017-12-01|2017|['Transactions of the Association for Computational Linguistics']
https://doi.org/10.1162/tacl_a_00059|Sparse Coding of Neural Word Embeddings for Multilingual Sequence Labeling|In this paper we propose and carefully evaluate a sequence labeling framework which solely utilizes sparse indicator features derived from dense distributed word representations. The proposed model obtains (near) state-of-the art performance for both part-of-speech tagging and named entity recognition for a variety of languages. Our model relies only on a few thousand sparse coding-derived features, without applying any modification of the word representations employed for the different tasks. The proposed model has favorable generalization properties as it retains over 89.8% of its average POS tagging accuracy when trained at 1.2% of the total available training data, i.e. 150 sentences per language.|2017-12-01|2017|['Transactions of the Association for Computational Linguistics']
https://doi.org/10.1162/tacl_a_00060|Learning to Prune: Exploring the Frontier of Fast and Accurate Parsing|Pruning hypotheses during dynamic programming is commonly used to speed up inference in settings such as parsing. Unlike prior work, we train a pruning policy under an objective that measures end-to-end performance: we search for a fast and accurate policy. This poses a difficult machine learning problem, which we tackle with the lols algorithm. lols training must continually compute the effects of changing pruning decisions: we show how to make this efficient in the constituency parsing setting, via dynamic programming and change propagation algorithms. We find that optimizing end-to-end performance in this way leads to a better Pareto frontier—i.e., parsers which are more accurate for a given runtime.|2017-12-01|2017|['Transactions of the Association for Computational Linguistics']
https://doi.org/10.1162/tacl_a_00046|A Polynomial-Time Dynamic Programming Algorithm for Phrase-Based Decoding with a Fixed Distortion Limit|Decoding of phrase-based translation models in the general case is known to be NP-complete, by a reduction from the traveling salesman problem (Knight, 1999). In practice, phrase-based systems often impose a hard distortion limit that limits the movement of phrases during translation. However, the impact on complexity after imposing such a constraint is not well studied. In this paper, we describe a dynamic programming algorithm for phrase-based decoding with a fixed distortion limit. The runtime of the algorithm is O( nd! lh d+1 ) where n is the sentence length, d is the distortion limit, l is a bound on the number of phrases starting at any position in the sentence, and h is related to the maximum number of target language translations for any source word. The algorithm makes use of a novel representation that gives a new perspective on decoding of phrase-based models.|2017-12-01|2017|['Transactions of the Association for Computational Linguistics']
https://doi.org/10.1162/tacl_a_00055|Joint Modeling of Topics, Citations, and Topical Authority in Academic Corpora|Much of scientific progress stems from previously published findings, but searching through the vast sea of scientific publications is difficult. We often rely on metrics of scholarly authority to find the prominent authors but these authority indices do not differentiate authority based on research topics. We present Latent Topical-Authority Indexing (LTAI) for jointly modeling the topics, citations, and topical authority in a corpus of academic papers. Compared to previous models, LTAI differs in two main aspects. First, it explicitly models the generative process of the citations, rather than treating the citations as given. Second, it models each author’s influence on citations of a paper based on the topics of the cited papers, as well as the citing papers. We fit LTAI into four academic corpora: CORA, Arxiv Physics, PNAS, and Citeseer. We compare the performance of LTAI against various baselines, starting with the latent Dirichlet allocation, to the more advanced models including author-link topic model and dynamic author citation topic model. The results show that LTAI achieves improved accuracy over other similar models when predicting words, citations and authors of publications.|2017-12-01|2017|['Transactions of the Association for Computational Linguistics']
https://doi.org/10.1162/tacl_a_00066|Unsupervised Learning of Morphological Forests|This paper focuses on unsupervised modeling of morphological families, collectively comprising a forest over the language vocabulary. This formulation enables us to capture edge-wise properties reflecting single-step morphological derivations, along with global distributional properties of the entire forest. These global properties constrain the size of the affix set and encourage formation of tight morphological families. The resulting objective is solved using Integer Linear Programming (ILP) paired with contrastive estimation. We train the model by alternating between optimizing the local log-linear model and the global ILP objective. We evaluate our system on three tasks: root detection, clustering of morphological families, and segmentation. Our experiments demonstrate that our model yields consistent gains in all three tasks compared with the best published results.|2017-12-01|2017|['Transactions of the Association for Computational Linguistics']
https://doi.org/10.1162/tacl_a_00054|Nonparametric Bayesian Semi-supervised Word Segmentation|This paper presents a novel hybrid generative/discriminative model of word segmentation based on nonparametric Bayesian methods. Unlike ordinary discriminative word segmentation which relies only on labeled data, our semi-supervised model also leverages a huge amounts of unlabeled text to automatically learn new “words”, and further constrains them by using a labeled data to segment non-standard texts such as those found in social networking services. Specifically, our hybrid model combines a discriminative classifier (CRF; Lafferty et al. (2001) and unsupervised word segmentation (NPYLM; Mochihashi et al. (2009)), with a transparent exchange of information between these two model structures within the semi-supervised framework (JESS-CM; Suzuki and Isozaki (2008)). We confirmed that it can appropriately segment non-standard texts like those in Twitter and Weibo and has nearly state-of-the-art accuracy on standard datasets in Japanese, Chinese, and Thai.|2017-12-01|2017|['Transactions of the Association for Computational Linguistics']
https://doi.org/10.1162/tacl_a_00072|Parsing with Traces: An <i>O</i>(<i>n</i><sup>4</sup>) Algorithm and a Structural Representation|General treebank analyses are graph structured, but parsers are typically restricted to tree structures for efficiency and modeling reasons. We propose a new representation and algorithm for a class of graph structures that is flexible enough to cover almost all treebank structures, while still admitting efficient learning and inference. In particular, we consider directed, acyclic, one-endpoint-crossing graph structures, which cover most long-distance dislocation, shared argumentation, and similar tree-violating linguistic phenomena. We describe how to convert phrase structure parses, including traces, to our new representation in a reversible manner. Our dynamic program uniquely decomposes structures, is sound and complete, and covers 97.3% of the Penn English Treebank. We also implement a proof-of-concept parser that recovers a range of null elements and trace types.|2017-12-01|2017|['Transactions of the Association for Computational Linguistics']
https://doi.org/10.1162/tacl_a_00071|Evaluating Low-Level Speech Features Against Human Perceptual Data|We introduce a method for measuring the correspondence between low-level speech features and human perception, using a cognitive model of speech perception implemented directly on speech recordings. We evaluate two speaker normalization techniques using this method and find that in both cases, speech features that are normalized across speakers predict human data better than unnormalized speech features, consistent with previous research. Results further reveal differences across normalization methods in how well each predicts human data. This work provides a new framework for evaluating low-level representations of speech on their match to human perception, and lays the groundwork for creating more ecologically valid models of speech perception.|2017-12-01|2017|['Transactions of the Association for Computational Linguistics']
https://doi.org/10.1162/tacl_a_00073|Unsupervised Acquisition of Comprehensive Multiword Lexicons using Competition in an <i>n</i>-gram Lattice|We present a new model for acquiring comprehensive multiword lexicons from large corpora based on competition among n-gram candidates. In contrast to the standard approach of simple ranking by association measure, in our model n-grams are arranged in a lattice structure based on subsumption and overlap relationships, with nodes inhibiting other nodes in their vicinity when they are selected as a lexical item. We show how the configuration of such a lattice can be optimized tractably, and demonstrate using annotations of sampled n-grams that our method consistently outperforms alternatives by at least 0.05 F-score across several corpora and languages.|2017-12-01|2017|['Transactions of the Association for Computational Linguistics']
https://doi.org/10.1162/tacl_a_00076|Joint Prediction of Word Alignment with Alignment Types|Current word alignment models do not distinguish between different types of alignment links. In this paper, we provide a new probabilistic model for word alignment where word alignments are associated with linguistically motivated alignment types. We propose a novel task of joint prediction of word alignment and alignment types and propose novel semi-supervised learning algorithms for this task. We also solve a sub-task of predicting the alignment type given an aligned word pair. In our experimental results, the generative models we introduce to model alignment types significantly outperform the models without alignment types.|2017-12-01|2017|['Transactions of the Association for Computational Linguistics']
https://doi.org/10.1162/tacl_a_00075|Phrase Table Induction Using In-Domain Monolingual Data for Domain Adaptation in Statistical Machine Translation|We present a new framework to induce an in-domain phrase table from in-domain monolingual data that can be used to adapt a general-domain statistical machine translation system to the targeted domain. Our method first compiles sets of phrases in source and target languages separately and generates candidate phrase pairs by taking the Cartesian product of the two phrase sets. It then computes inexpensive features for each candidate phrase pair and filters them using a supervised classifier in order to induce an in-domain phrase table. We experimented on the language pair English–French, both translation directions, in two domains and obtained consistently better results than a strong baseline system that uses an in-domain bilingual lexicon. We also conducted an error analysis that showed the induced phrase tables proposed useful translations, especially for words and phrases unseen in the parallel data used to train the general-domain baseline system.|2017-12-01|2017|['Transactions of the Association for Computational Linguistics']
https://doi.org/10.1162/tacl_a_00041|Data Statements for Natural Language Processing: Toward Mitigating System Bias and Enabling Better Science|In this paper, we propose data statements as a design solution and professional practice for natural language processing technologists, in both research and development. Through the adoption and widespread use of data statements, the field can begin to address critical scientific and ethical issues that result from the use of data from certain populations in the development of technology for other populations. We present a form that data statements can take and explore the implications of adopting them as part of regular practice. We argue that data statements will help alleviate issues related to exclusion and bias in language technology, lead to better precision in claims about how natural language processing research can generalize and thus better engineering results, protect companies from public embarrassment, and ultimately lead to language technology that meets its users in their own preferred linguistic style and furthermore does not misrepresent them to others.|2018-12-01|2018|['Transactions of the Association for Computational Linguistics']
https://doi.org/10.1162/tacl_a_00030|Generating Sentences by Editing Prototypes|We propose a new generative language model for sentences that first samples a prototype sentence from the training corpus and then edits it into a new sentence. Compared to traditional language models that generate from scratch either left-to-right or by first sampling a latent sentence vector, our prototype-then-edit model improves perplexity on language modeling and generates higher quality outputs according to human evaluation. Furthermore, the model gives rise to a latent edit vector that captures interpretable semantics such as sentence similarity and sentence-level analogies.|2018-12-01|2018|['Transactions of the Association for Computational Linguistics']
https://doi.org/10.1162/tacl_a_00039|Adversarial Deep Averaging Networks for Cross-Lingual Sentiment Classification|In recent years great success has been achieved in sentiment classification for English, thanks in part to the availability of copious annotated resources. Unfortunately, most languages do not enjoy such an abundance of labeled data. To tackle the sentiment classification problem in low-resource languages without adequate annotated data, we propose an Adversarial Deep Averaging Network (ADAN 1 ) to transfer the knowledge learned from labeled data on a resource-rich source language to low-resource languages where only unlabeled data exist. ADAN has two discriminative branches: a sentiment classifier and an adversarial language discriminator. Both branches take input from a shared feature extractor to learn hidden representations that are simultaneously indicative for the classification task and invariant across languages. Experiments on Chinese and Arabic sentiment classification demonstrate that ADAN significantly outperforms state-of-the-art systems.|2018-12-01|2018|['Transactions of the Association for Computational Linguistics']
https://doi.org/10.1162/tacl_a_00240|Mind the GAP: A Balanced Corpus of Gendered Ambiguous Pronouns|Coreference resolution is an important task for natural language understanding, and the resolution of ambiguous pronouns a longstanding challenge. Nonetheless, existing corpora do not capture ambiguous pronouns in sufficient volume or diversity to accurately indicate the practical utility of models. Furthermore, we find gender bias in existing corpora and systems favoring masculine entities. To address this, we present and release GAP, a gender-balanced labeled corpus of 8,908 ambiguous pronoun–name pairs sampled to provide diverse coverage of challenges posed by real-world text. We explore a range of baselines that demonstrate the complexity of the challenge, the best achieving just 66.9% F1. We show that syntactic structure and continuous neural models provide promising, complementary cues for approaching the challenge.|2018-12-01|2018|['Transactions of the Association for Computational Linguistics']
https://doi.org/10.1162/tacl_a_00008|Evaluating the Stability of Embedding-based Word Similarities|Word embeddings are increasingly being used as a tool to study word associations in specific corpora. However, it is unclear whether such embeddings reflect enduring properties of language or if they are sensitive to inconsequential variations in the source documents. We find that nearest-neighbor distances are highly sensitive to small changes in the training corpus for a variety of algorithms. For all methods, including specific documents in the training set can result in substantial variations. We show that these effects are more prominent for smaller training corpora. We recommend that users never rely on single embedding models for distance calculations, but rather average over multiple bootstrap samples, especially for small corpora.|2018-12-01|2018|['Transactions of the Association for Computational Linguistics']
https://doi.org/10.1162/tacl_a_00028|Measuring the Evolution of a Scientific Field through Citation Frames|Citations have long been used to characterize the state of a scientific field and to identify influential works. However, writers use citations for different purposes, and this varied purpose influences uptake by future scholars. Unfortunately, our understanding of how scholars use and frame citations has been limited to small-scale manual citation analysis of individual papers. We perform the largest behavioral study of citations to date, analyzing how scientific works frame their contributions through different types of citations and how this framing affects the field as a whole. We introduce a new dataset of nearly 2,000 citations annotated for their function, and use it to develop a state-of-the-art classifier and label the papers of an entire field: Natural Language Processing. We then show how differences in framing affect scientific uptake and reveal the evolution of the publication venues and the field as a whole. We demonstrate that authors are sensitive to discourse structure and publication venue when citing, and that how a paper frames its work through citations is predictive of the citation count it will receive. Finally, we use changes in citation framing to show that the field of NLP is undergoing a significant increase in consensus.|2018-12-01|2018|['Transactions of the Association for Computational Linguistics']
https://doi.org/10.1162/tacl_a_00029|Learning to Remember Translation History with a Continuous Cache|Existing neural machine translation (NMT) models generally translate sentences in isolation, missing the opportunity to take advantage of document-level information. In this work, we propose to augment NMT models with a very light-weight cache-like memory network, which stores recent hidden representations as translation history. The probability distribution over generated words is updated online depending on the translation history retrieved from the memory, endowing NMT models with the capability to dynamically adapt over time. Experiments on multiple domains with different topics and styles show the effectiveness of the proposed approach with negligible impact on the computational cost.|2018-12-01|2018|['Transactions of the Association for Computational Linguistics']
https://doi.org/10.1162/tacl_a_00027|Polite Dialogue Generation Without Parallel Data|Stylistic dialogue response generation, with valuable applications in personality-based conversational agents, is a challenging task because the response needs to be fluent, contextually-relevant, as well as paralinguistically accurate. Moreover, parallel datasets for regular-to-stylistic pairs are usually unavailable. We present three weakly-supervised models that can generate diverse, polite (or rude) dialogue responses without parallel data. Our late fusion model (Fusion) merges the decoder of an encoder-attention-decoder dialogue model with a language model trained on stand-alone polite utterances. Our label-finetuning (LFT) model prepends to each source sequence a politeness-score scaled label (predicted by our state-of-the-art politeness classifier) during training, and at test time is able to generate polite, neutral, and rude responses by simply scaling the label embedding by the corresponding score. Our reinforcement learning model (Polite-RL) encourages politeness generation by assigning rewards proportional to the politeness classifier score of the sampled response. We also present two retrievalbased, polite dialogue model baselines. Human evaluation validates that while the Fusion and the retrieval-based models achieve politeness with poorer context-relevance, the LFT and Polite-RL models can produce significantly more polite responses without sacrificing dialogue quality.|2018-12-01|2018|['Transactions of the Association for Computational Linguistics']
https://doi.org/10.1162/tacl_a_00005|Learning Structured Text Representations|In this paper, we focus on learning structure-aware document representations from data without recourse to a discourse parser or additional annotations. Drawing inspiration from recent efforts to empower neural networks with a structural bias (Cheng et al., 2016; Kim et al., 2017), we propose a model that can encode a document while automatically inducing rich structural dependencies. Specifically, we embed a differentiable non-projective parsing algorithm into a neural model and use attention mechanisms to incorporate the structural biases. Experimental evaluations across different tasks and datasets show that the proposed model achieves state-of-the-art results on document modeling tasks while inducing intermediate structures which are both interpretable and meaningful.|2018-12-01|2018|['Transactions of the Association for Computational Linguistics']
https://doi.org/10.1162/tacl_a_00002|Multiple Instance Learning Networks for Fine-Grained Sentiment Analysis|We consider the task of fine-grained sentiment analysis from the perspective of multiple instance learning (MIL). Our neural model is trained on document sentiment labels, and learns to predict the sentiment of text segments, i.e. sentences or elementary discourse units (EDUs), without segment-level supervision. We introduce an attention-based polarity scoring method for identifying positive and negative text snippets and a new dataset which we call SpoT (as shorthand for Segment-level POlariTy annotations) for evaluating MIL-style sentiment models like ours. Experimental results demonstrate superior performance against multiple baselines, whereas a judgement elicitation study shows that EDU-level opinion extraction produces more informative summaries than sentence-based alternatives.|2018-12-01|2018|['Transactions of the Association for Computational Linguistics']
https://doi.org/10.1162/tacl_a_00012|Mapping to Declarative Knowledge for Word Problem Solving|Math word problems form a natural abstraction to a range of quantitative reasoning problems, such as understanding financial news, sports results, and casualties of war. Solving such problems requires the understanding of several mathematical concepts such as dimensional analysis, subset relationships, etc. In this paper, we develop declarative rules which govern the translation of natural language description of these concepts to math expressions. We then present a framework for incorporating such declarative knowledge into word problem solving. Our method learns to map arithmetic word problem text to math expressions, by learning to select the relevant declarative knowledge for each operation of the solution expression. This provides a way to handle multiple concepts in the same problem while, at the same time, supporting interpretability of the answer expression. Our method models the mapping to declarative knowledge as a latent variable, thus removing the need for expensive annotations. Experimental evaluation suggests that our domain knowledge based solver outperforms all other systems, and that it generalizes better in the realistic case where the training data it is exposed to is biased in a different way than the test data.|2018-12-01|2018|['Transactions of the Association for Computational Linguistics']
https://doi.org/10.1162/tacl_a_00019|Do latent tree learning models identify meaningful structure in sentences?|Recent work on the problem of latent tree learning has made it possible to train neural networks that learn to both parse a sentence and use the resulting parse to interpret the sentence, all without exposure to ground-truth parse trees at training time. Surprisingly, these models often perform better at sentence understanding tasks than models that use parse trees from conventional parsers. This paper aims to investigate what these latent tree learning models learn. We replicate two such models in a shared codebase and find that (i) only one of these models outperforms conventional tree-structured models on sentence classification, (ii) its parsing strategies are not especially consistent across random restarts, (iii) the parses it produces tend to be shallower than standard Penn Treebank (PTB) parses, and (iv) they do not resemble those of PTB or any other semantic or syntactic formalism that the authors are aware of.|2018-12-01|2018|['Transactions of the Association for Computational Linguistics']
https://doi.org/10.1162/tacl_a_00009|Conversation Modeling on Reddit Using a Graph-Structured LSTM|This paper presents a novel approach for modeling threaded discussions on social media using a graph-structured bidirectional LSTM (long-short term memory) which represents both hierarchical and temporal conversation structure. In experiments with a task of predicting popularity of comments in Reddit discussions, the proposed model outperforms a node-independent architecture for different sets of input features. Analyses show a benefit to the model over the full course of the discussion, improving detection in both early and late stages. Further, the use of language cues with the bidirectional tree state updates helps with identifying controversial comments.|2018-12-01|2018|['Transactions of the Association for Computational Linguistics']
https://doi.org/10.1162/tacl_a_00013|Video Captioning with Multi-Faceted Attention|Video captioning has attracted an increasing amount of interest, due in part to its potential for improved accessibility and information retrieval. While existing methods rely on different kinds of visual features and model architectures, they do not make full use of pertinent semantic cues. We present a unified and extensible framework to jointly leverage multiple sorts of visual features and semantic attributes. Our novel architecture builds on LSTMs with two multi-faceted attention layers. These first learn to automatically select the most salient visual features or semantic attributes, and then yield overall representations for the input and output of the sentence generation component via custom feature scaling operations. Experimental results on the challenging MSVD and MSR-VTT datasets show that our framework outperforms previous work and performs robustly even in the presence of added noise to the features and attributes.|2018-12-01|2018|['Transactions of the Association for Computational Linguistics']
https://doi.org/10.1162/tacl_a_00040|Comparing Bayesian Models of Annotation|The analysis of crowdsourced annotations in natural language processing is concerned with identifying (1) gold standard labels, (2) annotator accuracies and biases, and (3) item difficulties and error patterns. Traditionally, majority voting was used for 1, and coefficients of agreement for 2 and 3. Lately, model-based analysis of corpus annotations have proven better at all three tasks. But there has been relatively little work comparing them on the same datasets. This paper aims to fill this gap by analyzing six models of annotation, covering different approaches to annotator ability, item difficulty, and parameter pooling (tying) across annotators and items. We evaluate these models along four aspects: comparison to gold labels, predictive accuracy for new annotations, annotator characterization, and item difficulty, using four datasets with varying degrees of noise in the form of random (spammy) annotators. We conclude with guidelines for model selection, application, and implementation.|2018-12-01|2018|['Transactions of the Association for Computational Linguistics']
https://doi.org/10.1162/tacl_a_00247|Recurrent Neural Networks in Linguistic Theory: Revisiting Pinker and Prince (1988) and the Past Tense Debate|Can advances in NLP help advance cognitive modeling? We examine the role of artificial neural networks, the current state of the art in many common NLP tasks, by returning to a classic case study. In 1986, Rumelhart and McClelland famously introduced a neural architecture that learned to transduce English verb stems to their past tense forms. Shortly thereafter in 1988, Pinker and Prince presented a comprehensive rebuttal of many of Rumelhart and McClelland’s claims. Much of the force of their attack centered on the empirical inadequacy of the Rumelhart and McClelland model. Today, however, that model is severely outmoded. We show that the Encoder-Decoder network architectures used in modern NLP systems obviate most of Pinker and Prince’s criticisms without requiring any simplification of the past tense mapping problem. We suggest that the empirical performance of modern networks warrants a reexamination of their utility in linguistic and cognitive modeling.|2018-12-01|2018|['Transactions of the Association for Computational Linguistics']
https://doi.org/10.1162/tacl_a_00018|Questionable Answers in Question Answering Research: Reproducibility and Variability of Published Results|“Based on theoretical reasoning it has been suggested that the reliability of findings published in the scientific literature decreases with the popularity of a research field” (Pfeiffer and Hoffmann, 2009). As we know, deep learning is very popular and the ability to reproduce results is an important part of science. There is growing concern within the deep learning community about the reproducibility of results that are presented. In this paper we present a number of controllable, yet unreported, effects that can substantially change the effectiveness of a sample model, and thusly the reproducibility of those results. Through these environmental effects we show that the commonly held belief that distribution of source code is all that is needed for reproducibility is not enough. Source code without a reproducible environment does not mean anything at all. In addition the range of results produced from these effects can be larger than the majority of incremental improvement reported.|2018-12-01|2018|['Transactions of the Association for Computational Linguistics']
https://doi.org/10.1162/tacl_a_00241|Exploring Neural Methods for Parsing Discourse Representation Structures|Neural methods have had several recent successes in semantic parsing, though they have yet to face the challenge of producing meaning representations based on formal semantics. We present a sequence-to-sequence neural semantic parser that is able to produce Discourse Representation Structures (DRSs) for English sentences with high accuracy, outperforming traditional DRS parsers. To facilitate the learning of the output, we represent DRSs as a sequence of flat clauses and introduce a method to verify that produced DRSs are well-formed and interpretable. We compare models using characters and words as input and see (somewhat surprisingly) that the former performs better than the latter. We show that eliminating variable names from the output using De Bruijn indices increases parser performance. Adding silver training data boosts performance even further.|2018-12-01|2018|['Transactions of the Association for Computational Linguistics']
https://doi.org/10.1162/tacl_a_00032|Language Modeling for Morphologically Rich Languages: Character-Aware Modeling for Word-Level Prediction|Neural architectures are prominent in the construction of language models (LMs). However, word-level prediction is typically agnostic of subword-level information (characters and character sequences) and operates over a closed vocabulary, consisting of a limited word set. Indeed, while subword-aware models boost performance across a variety of NLP tasks, previous work did not evaluate the ability of these models to assist next-word prediction in language modeling tasks. Such subword-level informed models should be particularly effective for morphologically-rich languages (MRLs) that exhibit high type-to-token ratios. In this work, we present a large-scale LM study on 50 typologically diverse languages covering a wide variety of morphological systems, and offer new LM benchmarks to the community, while considering subword-level information. The main technical contribution of our work is a novel method for injecting subword-level information into semantic word vectors, integrated into the neural language modeling training, to facilitate word-level prediction. We conduct experiments in the LM setting where the number of infrequent words is large, and demonstrate strong perplexity gains across our 50 languages, especially for morphologically-rich languages. Our code and data sets are publicly available.|2018-12-01|2018|['Transactions of the Association for Computational Linguistics']
https://doi.org/10.1162/tacl_a_00004|Representation Learning for Grounded Spatial Reasoning|The interpretation of spatial references is highly contextual, requiring joint inference over both language and the environment. We consider the task of spatial reasoning in a simulated environment, where an agent can act and receive rewards. The proposed model learns a representation of the world steered by instruction text. This design allows for precise alignment of local neighborhoods with corresponding verbalizations, while also handling global references in the instructions. We train our model with reinforcement learning using a variant of generalized value iteration. The model outperforms state-of-the-art approaches on several metrics, yielding a 45% reduction in goal localization error.|2018-12-01|2018|['Transactions of the Association for Computational Linguistics']
https://doi.org/10.1162/tacl_a_00011|Modeling Past and Future for Neural Machine Translation|Existing neural machine translation systems do not explicitly model what has been translated and what has not during the decoding phase. To address this problem, we propose a novel mechanism that separates the source information into two parts: translated Past contents and untranslated Future contents, which are modeled by two additional recurrent layers. The Past and Future contents are fed to both the attention model and the decoder states, which provides Neural Machine Translation (NMT) systems with the knowledge of translated and untranslated contents. Experimental results show that the proposed approach significantly improves the performance in Chinese-English, German-English, and English-German translation tasks. Specifically, the proposed model outperforms the conventional coverage model in terms of both the translation quality and the alignment error rate.|2018-12-01|2018|['Transactions of the Association for Computational Linguistics']
https://doi.org/10.1162/tacl_a_00249|Attentive Convolution: Equipping CNNs with RNN-style Attention Mechanisms|In NLP, convolutional neural networks (CNNs) have benefited less than recurrent neural networks (RNNs) from attention mechanisms. We hypothesize that this is because the attention in CNNs has been mainly implemented as attentive pooling (i.e., it is applied to pooling) rather than as attentive convolution (i.e., it is integrated into convolution). Convolution is the differentiator of CNNs in that it can powerfully model the higher-level representation of a word by taking into account its local fixed-size context in the input text t x . In this work, we propose an attentive convolution network, ATTCONV. It extends the context scope of the convolution operation, deriving higher-level features for a word not only from local context, but also from information extracted from nonlocal context by the attention mechanism commonly used in RNNs. This nonlocal context can come (i) from parts of the input text t x that are distant or (ii) from extra (i.e., external) contexts t y . Experiments on sentence modeling with zero-context (sentiment analysis), single-context (textual entailment) and multiple-context (claim verification) demonstrate the effectiveness of ATTCONV in sentence representation learning with the incorporation of context. In particular, attentive convolution outperforms attentive pooling and is a strong competitor to popular attentive RNNs. 1|2018-12-01|2018|['Transactions of the Association for Computational Linguistics']
https://doi.org/10.1162/tacl_a_00033|Universal Word Segmentation: Implementation and Interpretation|Word segmentation is a low-level NLP task that is non-trivial for a considerable number of languages. In this paper, we present a sequence tagging framework and apply it to word segmentation for a wide range of languages with different writing systems and typological characteristics. Additionally, we investigate the correlations between various typological factors and word segmentation accuracy. The experimental results indicate that segmentation accuracy is positively related to word boundary markers and negatively to the number of unique non-segmental terms. Based on the analysis, we design a small set of language-specific settings and extensively evaluate the segmentation system on the Universal Dependencies datasets. Our model obtains state-of-the-art accuracies on all the UD languages. It performs substantially better on languages that are non-trivial to segment, such as Chinese, Japanese, Arabic and Hebrew, when compared to previous work.|2018-12-01|2018|['Transactions of the Association for Computational Linguistics']
https://doi.org/10.1162/tacl_a_00003|Joint Semantic Synthesis and Morphological Analysis of the Derived Word|Much like sentences are composed of words, words themselves are composed of smaller units. For example, the English word questionably can be analyzed as question+ able+ ly. However, this structural decomposition of the word does not directly give us a semantic representation of the word’s meaning. Since morphology obeys the principle of compositionality, the semantics of the word can be systematically derived from the meaning of its parts. In this work, we propose a novel probabilistic model of word formation that captures both the analysis of a word w into its constituent segments and the synthesis of the meaning of w from the meanings of those segments. Our model jointly learns to segment words into morphemes and compose distributional semantic vectors of those morphemes. We experiment with the model on English CELEX data and German DErivBase (Zeller et al., 2013) data. We show that jointly modeling semantics increases both segmentation accuracy and morpheme F 1 by between 3% and 5%. Additionally, we investigate different models of vector composition, showing that recurrent neural networks yield an improvement over simple additive models. Finally, we study the degree to which the representations correspond to a linguist’s notion of morphological productivity.|2018-12-01|2018|['Transactions of the Association for Computational Linguistics']
https://doi.org/10.1162/tacl_a_00016|Unsupervised Grammar Induction with Depth-bounded PCFG|There has been recent interest in applying cognitively- or empirically-motivated bounds on recursion depth to limit the search space of grammar induction models (Ponvert et al., 2011; Noji and Johnson, 2016; Shain et al., 2016). This work extends this depth-bounding approach to probabilistic context-free grammar induction (DB-PCFG), which has a smaller parameter space than hierarchical sequence models, and therefore more fully exploits the space reductions of depth-bounding. Results for this model on grammar acquisition from transcribed child-directed speech and newswire text exceed or are competitive with those of other models when evaluated on parse accuracy. Moreover, grammars acquired from this model demonstrate a consistent use of category labels, something which has not been demonstrated by other acquisition models.|2018-12-01|2018|['Transactions of the Association for Computational Linguistics']
https://doi.org/10.1162/tacl_a_00242|Integrating Weakly Supervised Word Sense Disambiguation into Neural Machine Translation|This paper demonstrates that word sense disambiguation (WSD) can improve neural machine translation (NMT) by widening the source context considered when modeling the senses of potentially ambiguous words. We first introduce three adaptive clustering algorithms for WSD, based on k-means, Chinese restaurant processes, and random walks, which are then applied to large word contexts represented in a low-rank space and evaluated on SemEval shared-task data. We then learn word vectors jointly with sense vectors defined by our best WSD method, within a state-of-the-art NMT system. We show that the concatenation of these vectors, and the use of a sense selection mechanism based on the weighted average of sense vectors, outperforms several baselines including sense-aware ones. This is demonstrated by translation on five language pairs. The improvements are more than 1 BLEU point over strong NMT baselines, +4% accuracy over all ambiguous nouns and verbs, or +20% when scored manually over several challenging words.|2018-12-01|2018|['Transactions of the Association for Computational Linguistics']
https://doi.org/10.1162/tacl_a_00250|Learning Typed Entailment Graphs with Global Soft Constraints|This paper presents a new method for learning typed entailment graphs from text. We extract predicate-argument structures from multiple-source news corpora, and compute local distributional similarity scores to learn entailments between predicates with typed arguments (e.g., person contracted disease). Previous work has used transitivity constraints to improve local decisions, but these constraints are intractable on large graphs. We instead propose a scalable method that learns globally consistent similarity scores based on new soft constraints that consider both the structures across typed entailment graphs and inside each graph. Learning takes only a few hours to run over 100K predicates and our results show large improvements over local similarity scores on two entailment data sets. We further show improvements over paraphrases and entailments from the Paraphrase Database, and prior state-of-the-art entailment graphs. We show that the entailment graphs improve performance in a downstream task.|2018-12-01|2018|['Transactions of the Association for Computational Linguistics']
https://doi.org/10.1162/tacl_a_00035|Low-Rank RNN Adaptation for Context-Aware Language Modeling|A context-aware language model uses location, user and/or domain metadata (context) to adapt its predictions. In neural language models, context information is typically represented as an embedding and it is given to the RNN as an additional input, which has been shown to be useful in many applications. We introduce a more powerful mechanism for using context to adapt an RNN by letting the context vector control a low-rank transformation of the recurrent layer weight matrix. Experiments show that allowing a greater fraction of the model parameters to be adjusted has benefits in terms of perplexity and classification for several different types of context.|2018-12-01|2018|['Transactions of the Association for Computational Linguistics']
https://doi.org/10.1162/tacl_a_00248|Surface Statistics of an Unknown Language Indicate How to Parse It|We introduce a novel framework for delexicalized dependency parsing in a new language. We show that useful features of the target language can be extracted automatically from an unparsed corpus, which consists only of gold part-of-speech (POS) sequences. Providing these features to our neural parser enables it to parse sequences like those in the corpus. Strikingly, our system has no supervision in the target language. Rather, it is a multilingual system that is trained end-to-end on a variety of other languages, so it learns a feature extractor that works well. We show experimentally across multiple languages: (1) Features computed from the unparsed corpus improve parsing accuracy. (2) Including thousands of synthetic languages in the training yields further improvement. (3) Despite being computed from unparsed corpora, our learned task-specific features beat previous work’s interpretable typological features that require parsed corpora or expert categorization of the language. Our best method improved attachment scores on held-out test languages by an average of 5.6 percentage points over past work that does not inspect the unparsed data (McDonald et al., 2011), and by 20.7 points over past “grammar induction” work that does not use training languages (Naseem et al., 2010).|2018-12-01|2018|['Transactions of the Association for Computational Linguistics']
https://doi.org/10.1162/tacl_a_00025|From Characters to Time Intervals: New Paradigms for Evaluation and Neural Parsing of Time Normalizations|This paper presents the first model for time normalization trained on the SCATE corpus. In the SCATE schema, time expressions are annotated as a semantic composition of time entities. This novel schema favors machine learning approaches, as it can be viewed as a semantic parsing task. In this work, we propose a character level multi-output neural network that outperforms previous state-of-the-art built on the TimeML schema. To compare predictions of systems that follow both SCATE and TimeML, we present a new scoring metric for time intervals. We also apply this new metric to carry out a comparative analysis of the annotations of both schemes in the same corpus.|2018-12-01|2018|['Transactions of the Association for Computational Linguistics']
https://doi.org/10.1162/tacl_a_00007|Towards Evaluating Narrative Quality In Student Writing|This work lays the foundation for automated assessments of narrative quality in student writing. We first manually score essays for narrative-relevant traits and sub-traits, and measure inter-annotator agreement. We then explore linguistic features that are indicative of good narrative writing and use them to build an automated scoring system. Experiments show that our features are more effective in scoring specific aspects of narrative quality than a state-of-the-art feature set.|2018-12-01|2018|['Transactions of the Association for Computational Linguistics']
https://doi.org/10.1162/tacl_a_00037|Planning, Inference and Pragmatics in Sequential Language Games|We study sequential language games in which two players, each with private information, communicate to achieve a common goal. In such games, a successful player must (i) infer the partner’s private information from the partner’s messages, (ii) generate messages that are most likely to help with the goal, and (iii) reason pragmatically about the partner’s strategy. We propose a model that captures all three characteristics and demonstrate their importance in capturing human behavior on a new goal-oriented dataset we collected using crowdsourcing.|2018-12-01|2018|['Transactions of the Association for Computational Linguistics']
https://doi.org/10.1162/tacl_a_00022|Leveraging Orthographic Similarity for Multilingual Neural Transliteration|We address the task of joint training of transliteration models for multiple language pairs ( multilingual transliteration). This is an instance of multitask learning, where individual tasks (language pairs) benefit from sharing knowledge with related tasks. We focus on transliteration involving related tasks i.e., languages sharing writing systems and phonetic properties ( orthographically similar languages). We propose a modified neural encoder-decoder model that maximizes parameter sharing across language pairs in order to effectively leverage orthographic similarity. We show that multilingual transliteration significantly outperforms bilingual transliteration in different scenarios (average increase of 58% across a variety of languages we experimented with). We also show that multilingual transliteration models can generalize well to languages/language pairs not encountered during training and hence perform well on the zeroshot transliteration task. We show that further improvements can be achieved by using phonetic feature input.|2018-12-01|2018|['Transactions of the Association for Computational Linguistics']
https://doi.org/10.1162/tacl_a_00006|Event Time Extraction with a Decision Tree of Neural Classifiers|Extracting the information from text when an event happened is challenging. Documents do not only report on current events, but also on past events as well as on future events. Often, the relevant time information for an event is scattered across the document. In this paper we present a novel method to automatically anchor events in time. To our knowledge it is the first approach that takes temporal information from the complete document into account. We created a decision tree that applies neural network based classifiers at its nodes. We use this tree to incrementally infer, in a stepwise manner, at which time frame an event happened. We evaluate the approach on the TimeBank-EventTime Corpus (Reimers et al., 2016) achieving an accuracy of 42.0% compared to an inter-annotator agreement (IAA) of 56.7%. For events that span over a single day we observe an accuracy improvement of 33.1 points compared to the state-of-the-art CAEVO system (Chambers et al., 2014). Without retraining, we apply this model to the SemEval-2015 Task 4 on automatic timeline generation and achieve an improvement of 4.01 points F 1 -score compared to the state-of-the-art. Our code is publically available.|2018-12-01|2018|['Transactions of the Association for Computational Linguistics']
https://doi.org/10.1162/tacl_a_00031|Detecting Institutional Dialog Acts in Police Traffic Stops|We apply computational dialog methods to police body-worn camera footage to model conversations between police officers and community members in traffic stops. Relying on the theory of institutional talk, we develop a labeling scheme for police speech during traffic stops, and a tagger to detect institutional dialog acts (Reasons, Searches, Offering Help) from transcribed text at the turn (78% F-score) and stop (89% F-score) level. We then develop speech recognition and segmentation algorithms to detect these acts at the stop level from raw camera audio (81% F-score, with even higher accuracy for crucial acts like conveying the reason for the stop). We demonstrate that the dialog structures produced by our tagger could reveal whether officers follow law enforcement norms like introducing themselves, explaining the reason for the stop, and asking permission for searches. This work may therefore inform and aid efforts to ensure the procedural justice of police-community interactions.|2018-12-01|2018|['Transactions of the Association for Computational Linguistics']
https://doi.org/10.1162/tacl_a_00010|Learning Representations Specialized in Spatial Knowledge: Leveraging Language and Vision|Spatial understanding is crucial in many real-world problems, yet little progress has been made towards building representations that capture spatial knowledge. Here, we move one step forward in this direction and learn such representations by leveraging a task consisting in predicting continuous 2D spatial arrangements of objects given object-relationship-object instances (e.g., “cat under chair”) and a simple neural network model that learns the task from annotated images. We show that the model succeeds in this task and, furthermore, that it is capable of predicting correct spatial arrangements for unseen objects if either CNN features or word embeddings of the objects are provided. The differences between visual and linguistic features are discussed. Next, to evaluate the spatial representations learned in the previous task, we introduce a task and a dataset consisting in a set of crowdsourced human ratings of spatial similarity for object pairs. We find that both CNN (convolutional neural network) features and word embeddings predict human judgments of similarity well and that these vectors can be further specialized in spatial knowledge if we update them when training the model that predicts spatial arrangements of objects. Overall, this paper paves the way towards building distributed spatial representations, contributing to the understanding of spatial expressions in language.|2018-12-01|2018|['Transactions of the Association for Computational Linguistics']
https://doi.org/10.1162/tacl_a_00020|Bootstrap Domain-Specific Sentiment Classifiers from Unlabeled Corpora|There is often the need to perform sentiment classification in a particular domain where no labeled document is available. Although we could make use of a general-purpose off-the-shelf sentiment classifier or a pre-built one for a different domain, the effectiveness would be inferior. In this paper, we explore the possibility of building domain-specific sentiment classifiers with unlabeled documents only. Our investigation indicates that in the word embeddings learned from the unlabeled corpus of a given domain, the distributed word representations (vectors) for opposite sentiments form distinct clusters, though those clusters are not transferable across domains. Exploiting such a clustering structure, we are able to utilize machine learning algorithms to induce a quality domain-specific sentiment lexicon from just a few typical sentiment words (“seeds”). An important finding is that simple linear model based supervised learning algorithms (such as linear SVM) can actually work better than more sophisticated semi-supervised/transductive learning algorithms which represent the state-of-the-art technique for sentiment lexicon induction. The induced lexicon could be applied directly in a lexicon-based method for sentiment classification, but a higher performance could be achieved through a two-phase bootstrapping method which uses the induced lexicon to assign positive/negative sentiment scores to unlabeled documents first, a nd t hen u ses those documents found to have clear sentiment signals as pseudo-labeled examples to train a document sentiment classifier v ia supervised learning algorithms (such as LSTM). On several benchmark datasets for document sentiment classification, our end-to-end pipelined approach which is overall unsupervised (except for a tiny set of seed words) outperforms existing unsupervised approaches and achieves an accuracy comparable to that of fully supervised approaches.|2018-12-01|2018|['Transactions of the Association for Computational Linguistics']
https://doi.org/10.1162/tacl_a_00015|Knowledge Completion for Generics using Guided Tensor Factorization|Given a knowledge base or KB containing (noisy) facts about common nouns or generics, such as “all trees produce oxygen” or “some animals live in forests”, we consider the problem of inferring additional such facts at a precision similar to that of the starting KB. Such KBs capture general knowledge about the world, and are crucial for various applications such as question answering. Different from commonly studied named entity KBs such as Freebase, generics KBs involve quantification, have more complex underlying regularities, tend to be more incomplete, and violate the commonly used locally closed world assumption (LCWA). We show that existing KB completion methods struggle with this new task, and present the first approach that is successful. Our results demonstrate that external information, such as relation schemas and entity taxonomies, if used appropriately, can be a surprisingly powerful tool in this setting. First, our simple yet effective knowledge guided tensor factorization approach achieves state-of-the-art results on two generics KBs (80% precise) for science, doubling their size at 74%–86% precision. Second, our novel taxonomy guided, submodular, active learning method for collecting annotations about rare entities (e.g., oriole, a bird) is 6x more effective at inferring further new facts about them than multiple active learning baselines.|2018-12-01|2018|['Transactions of the Association for Computational Linguistics']
https://doi.org/10.1162/tacl_a_00038|Probabilistic Verb Selection for Data-to-Text Generation|In data-to-text Natural Language Generation (NLG) systems, computers need to find the right words to describe phenomena seen in the data. This paper focuses on the problem of choosing appropriate verbs to express the direction and magnitude of a percentage change (e.g., in stock prices). Rather than simply using the same verbs again and again, we present a principled data-driven approach to this problem based on Shannon’s noisy-channel model so as to bring variation and naturalness into the generated text. Our experiments on three large-scale real-world news corpora demonstrate that the proposed probabilistic model can be learned to accurately imitate human authors’ pattern of usage around verbs, outperforming the state-of-the-art method significantly.|2018-12-01|2018|['Transactions of the Association for Computational Linguistics']
https://doi.org/10.1162/tacl_a_00252|Semantic Neural Machine Translation Using AMR|Abstract It is intuitive that semantic representations can be useful for machine translation, mainly because they can help in enforcing meaning preservation and handling data sparsity (many sentences correspond to one meaning) of machine translation models. On the other hand, little work has been done on leveraging semantics for neural machine translation (NMT). In this work, we study the usefulness of AMR (abstract meaning representation) on NMT. Experiments on a standard English-to-German dataset show that incorporating AMR as additional knowledge can significantly improve a strong attention-based sequence-to-sequence neural translation model.|2019-03-01|2019|['Transactions of the Association for Computational Linguistics']
https://doi.org/10.1162/tacl_a_00251|Grammar Error Correction in Morphologically Rich Languages: The Case of Russian|Abstract Until now, most of the research in grammar error correction focused on English, and the problem has hardly been explored for other languages. We address the task of correcting writing mistakes in morphologically rich languages, with a focus on Russian. We present a corrected and error-tagged corpus of Russian learner writing and develop models that make use of existing state-of-the-art methods that have been well studied for English. Although impressive results have recently been achieved for grammar error correction of non-native English writing, these results are limited to domains where plentiful training data are available. Because annotation is extremely costly, these approaches are not suitable for the majority of domains and languages. We thus focus on methods that use “minimal supervision”; that is, those that do not rely on large amounts of annotated training data, and show how existing minimal-supervision approaches extend to a highly inflectional language such as Russian. The results demonstrate that these methods are particularly useful for correcting mistakes in grammatical phenomena that involve rich morphology.|2019-03-01|2019|['Transactions of the Association for Computational Linguistics']
https://doi.org/10.1162/tacl_a_00253|Joint Transition-Based Models for Morpho-Syntactic Parsing: Parsing Strategies for MRLs and a Case Study from Modern Hebrew|Abstract In standard NLP pipelines, morphological analysis and disambiguation (MA&amp;D) precedes syntactic and semantic downstream tasks. However, for languages with complex and ambiguous word-internal structure, known as morphologically rich languages (MRLs), it has been hypothesized that syntactic context may be crucial for accurate MA&amp;D, and vice versa. In this work we empirically confirm this hypothesis for Modern Hebrew, an MRL with complex morphology and severe word-level ambiguity, in a novel transition-based framework. Specifically, we propose a joint morphosyntactic transition-based framework which formally unifies two distinct transition systems, morphological and syntactic, into a single transition-based system with joint training and joint inference. We empirically show that MA&amp;D results obtained in the joint settings outperform MA&amp;D results obtained by the respective standalone components, and that end-to-end parsing results obtained by our joint system present a new state of the art for Hebrew dependency parsing.|2019-03-01|2019|['Transactions of the Association for Computational Linguistics']
https://doi.org/10.1162/tacl_a_00254|Analysis Methods in Neural Language Processing: A Survey|Abstract The field of natural language processing has seen impressive progress in recent years, with neural network models replacing many of the traditional systems. A plethora of new models have been proposed, many of which are thought to be opaque compared to their feature-rich counterparts. This has led researchers to analyze, interpret, and evaluate neural networks in novel and more fine-grained ways. In this survey paper, we review analysis methods in neural language processing, categorize them according to prominent research trends, highlight existing limitations, and point to potential directions for future work.|2019-04-01|2019|['Transactions of the Association for Computational Linguistics']
https://doi.org/10.1162/tacl_a_00256|Synchronous Bidirectional Neural Machine Translation|Abstract Existing approaches to neural machine translation (NMT) generate the target language sequence token-by-token from left to right. However, this kind of unidirectional decoding framework cannot make full use of the target-side future contexts which can be produced in a right-to-left decoding direction, and thus suffers from the issue of unbalanced outputs. In this paper, we introduce a synchronous bidirectional–neural machine translation (SB-NMT) that predicts its outputs using left-to-right and right-to-left decoding simultaneously and interactively, in order to leverage both of the history and future information at the same time. Specifically, we first propose a new algorithm that enables synchronous bidirectional decoding in a single model. Then, we present an interactive decoding model in which left-to-right (right-to-left) generation does not only depend on its previously generated outputs, but also relies on future contexts predicted by right-to-left (left-to-right) decoding. We extensively evaluate the proposed SB-NMT model on large-scale NIST Chinese-English, WMT14 English-German, and WMT18 Russian-English translation tasks. Experimental results demonstrate that our model achieves significant improvements over the strong Transformer model by 3.92, 1.49, and 1.04 BLEU points, respectively, and obtains the state-of-the-art per- formance on Chinese-English and English- German translation tasks.1|2019-04-01|2019|['Transactions of the Association for Computational Linguistics']
https://doi.org/10.1162/tacl_a_00257|Learning Multilingual Word Embeddings in Latent Metric Space: A Geometric Approach|Abstract We propose a novel geometric approach for learning bilingual mappings given monolingual embeddings and a bilingual dictionary. Our approach decouples the source-to-target language transformation into (a) language-specific rotations on the original embeddings to align them in a common, latent space, and (b) a language-independent similarity metric in this common space to better model the similarity between the embeddings. Overall, we pose the bilingual mapping problem as a classification problem on smooth Riemannian manifolds. Empirically, our approach outperforms previous approaches on the bilingual lexicon induction and cross-lingual word similarity tasks. We next generalize our framework to represent multiple languages in a common latent space. Language-specific rotations for all the languages and a common similarity metric in the latent space are learned jointly from bilingual dictionaries for multiple language pairs. We illustrate the effectiveness of joint learning for multiple languages in an indirect word translation setting.|2019-04-01|2019|['Transactions of the Association for Computational Linguistics']
https://doi.org/10.1162/tacl_a_00255|Unlexicalized Transition-based Discontinuous Constituency Parsing|Abstract Lexicalized parsing models are based on the assumptions that (i) constituents are organized around a lexical head and (ii) bilexical statistics are crucial to solve ambiguities. In this paper, we introduce an unlexicalized transition-based parser for discontinuous constituency structures, based on a structure-label transition system and a bi-LSTM scoring system. We compare it with lexicalized parsing models in order to address the question of lexicalization in the context of discontinuous constituency parsing. Our experiments show that unlexicalized models systematically achieve higher results than lexicalized models, and provide additional empirical evidence that lexicalization is not necessary to achieve strong parsing results. Our best unlexicalized model sets a new state of the art on English and German discontinuous constituency treebanks. We further provide a per-phenomenon analysis of its errors on discontinuous constituents.|2019-04-01|2019|['Transactions of the Association for Computational Linguistics']
https://doi.org/10.1162/tacl_a_00261|SECTOR: A Neural Model for Coherent Topic Segmentation and Classification|When searching for information, a human reader first glances over a document, spots relevant sections, and then focuses on a few sentences for resolving her intention. However, the high variance of document structure complicates the identification of the salient topic of a given section at a glance. To tackle this challenge, we present SECTOR, a model to support machine reading systems by segmenting documents into coherent sections and assigning topic labels to each section. Our deep neural network architecture learns a latent topic embedding over the course of a document. This can be leveraged to classify local topics from plain text and segment a document at topic shifts. In addition, we contribute WikiSection, a publicly available data set with 242k labeled sections in English and German from two distinct domains: diseases and cities. From our extensive evaluation of 20 architectures, we report a highest score of 71.6% F1 for the segmentation and classification of 30 topics from the English city domain, scored by our SECTOR long short-term memory model with Bloom filter embeddings and bidirectional segmentation. This is a significant improvement of 29.5 points F1 over state-of-the-art CNN classifiers with baseline segmentation.|2019-04-18|2019|['Transactions of the Association for Computational Linguistics']
https://doi.org/10.1162/tacl_a_00259|GILE: A Generalized Input-Label Embedding for Text Classification|Neural text classification models typically treat output labels as categorical variables that lack description and semantics. This forces their parametrization to be dependent on the label set size, and, hence, they are unable to scale to large label sets and generalize to unseen ones. Existing joint input-label text models overcome these issues by exploiting label descriptions, but they are unable to capture complex label relationships, have rigid parametrization, and their gains on unseen labels happen often at the expense of weak performance on the labels seen during training. In this paper, we propose a new input-label model that generalizes over previous such models, addresses their limitations, and does not compromise performance on seen labels. The model consists of a joint nonlinear input-label embedding with controllable capacity and a joint-space-dependent classification unit that is trained with cross-entropy loss to optimize classification performance. We evaluate models on full-resource and low- or zero-resource text classification of multilingual news and biomedical text with a large label set. Our model outperforms monolingual and multilingual models that do not leverage label semantics and previous joint input-label space models in both scenarios.|2019-04-18|2019|['Transactions of the Association for Computational Linguistics']
https://doi.org/10.1162/tacl_a_00258|Rotational Unit of Memory: A Novel Representation Unit for RNNs with Scalable Applications|Stacking long short-term memory (LSTM) cells or gated recurrent units (GRUs) as part of a recurrent neural network (RNN) has become a standard approach to solving a number of tasks ranging from language modeling to text summarization. Although LSTMs and GRUs were designed to model long-range dependencies more accurately than conventional RNNs, they nevertheless have problems copying or recalling information from the long distant past. Here, we derive a phase-coded representation of the memory state, Rotational Unit of Memory (RUM), that unifies the concepts of unitary learning and associative memory. We show experimentally that RNNs based on RUMs can solve basic sequential tasks such as memory copying and memory recall much better than LSTMs/GRUs. We further demonstrate that by replacing LSTM/GRU with RUM units we can apply neural networks to real-world problems such as language modeling and text summarization, yielding results comparable to the state of the art.|2019-04-18|2019|['Transactions of the Association for Computational Linguistics']
https://doi.org/10.1162/tacl_a_00260|Autosegmental Input Strictly Local Functions|Autosegmental representations (ARs; Goldsmith, 1976 ) are claimed to enable local analyses of otherwise non-local phenomena Odden ( 1994 ). Focusing on the domain of tone, we investigate this ability of ARs using a computationally well-defined notion of locality extended from Chandlee ( 2014 ). The result is a more nuanced understanding of the way in which ARs interact with phonological locality.|2019-04-18|2019|['Transactions of the Association for Computational Linguistics']
https://doi.org/10.1162/tacl_a_00264|DREAM: A Challenge Data Set and Models for Dialogue-Based Reading Comprehension|We present DREAM, the first dialogue-based multiple-choice reading comprehension data set. Collected from English as a Foreign Language examinations designed by human experts to evaluate the comprehension level of Chinese learners of English, our data set contains 10,197 multiple-choice questions for 6,444 dialogues. In contrast to existing reading comprehension data sets, DREAM is the first to focus on in-depth multi-turn multi-party dialogue understanding. DREAM is likely to present significant challenges for existing reading comprehension systems: 84% of answers are non-extractive, 85% of questions require reasoning beyond a single sentence, and 34% of questions also involve commonsense knowledge. We apply several popular neural reading comprehension models that primarily exploit surface information within the text and find them to, at best, just barely outperform a rule-based approach. We next investigate the effects of incorporating dialogue structure and different kinds of general world knowledge into both rule-based and (neural and non-neural) machine learning-based reading comprehension models. Experimental results on the DREAM data set show the effectiveness of dialogue structure and general world knowledge. DREAM is available at https://dataset.org/dream/ .|2019-04-29|2019|['Transactions of the Association for Computational Linguistics']
https://doi.org/10.1162/tacl_a_00262|Complex Program Induction for Querying Knowledge Bases in the Absence of Gold Programs|Recent years have seen increasingly complex question-answering on knowledge bases (KBQA) involving logical, quantitative, and comparative reasoning over KB subgraphs. Neural Program Induction (NPI) is a pragmatic approach toward modularizing the reasoning process by translating a complex natural language query into a multi-step executable program. While NPI has been commonly trained with the ‘‘gold’’ program or its sketch, for realistic KBQA applications such gold programs are expensive to obtain. There, practically only natural language queries and the corresponding answers can be provided for training. The resulting combinatorial explosion in program space, along with extremely sparse rewards, makes NPI for KBQA ambitious and challenging. We present Complex Imperative Program Induction from Terminal Rewards (CIPITR), an advanced neural programmer that mitigates reward sparsity with auxiliary rewards, and restricts the program space to semantically correct programs using high-level constraints, KB schema, and inferred answer type. CIPITR solves complex KBQA considerably more accurately than key-value memory networks and neural symbolic machines (NSM). For moderately complex queries requiring 2- to 5-step programs, CIPITR scores at least 3× higher F1 than the competing systems. On one of the hardest class of programs (comparative reasoning) with 5–10 steps, CIPITR outperforms NSM by a factor of 89 and memory networks by 9 times. 1|2019-04-29|2019|['Transactions of the Association for Computational Linguistics']
https://doi.org/10.1162/tacl_a_00263|Categorical Metadata Representation for Customized Text Classification|The performance of text classification has improved tremendously using intelligently engineered neural-based models, especially those injecting categorical metadata as additional information, e.g., using user/product information for sentiment classification. This information has been used to modify parts of the model (e.g., word embeddings, attention mechanisms) such that results can be customized according to the metadata. We observe that current representation methods for categorical metadata, which are devised for human consumption, are not as effective as claimed in popular classification methods, outperformed even by simple concatenation of categorical features in the final layer of the sentence encoder. We conjecture that categorical features are harder to represent for machine use, as available context only indirectly describes the category, and even such context is often scarce (for tail category). To this end, we propose using basis vectors to effectively incorporate categorical metadata on various parts of a neural-based model. This additionally decreases the number of parameters dramatically, especially when the number of categorical features is large. Extensive experiments on various data sets with different properties are performed and show that through our method, we can represent categorical metadata more effectively to customize parts of the model, including unexplored ones, and increase the performance of the model greatly.|2019-04-29|2019|['Transactions of the Association for Computational Linguistics']
https://doi.org/10.1162/tacl_a_00267|What You Say and How You Say it: Joint Modeling of Topics and Discourse in Microblog Conversations|This paper presents an unsupervised framework for jointly modeling topic content and discourse behavior in microblog conversations. Concretely, we propose a neural model to discover word clusters indicating what a conversation concerns (i.e., topics) and those reflecting how participants voice their opinions (i.e., discourse). 1 Extensive experiments show that our model can yield both coherent topics and meaningful discourse behavior. Further study shows that our topic and discourse representations can benefit the classification of microblog messages, especially when they are jointly trained with the classifier. Our data sets and code are available at: http://github.com/zengjichuan/Topic_Disc .|2019-06-04|2019|['Transactions of the Association for Computational Linguistics']
https://doi.org/10.1162/tacl_a_00268|Calculating the Optimal Step in Shift-Reduce Dependency Parsing: From Cubic to Linear Time|We present a new cubic-time algorithm to calculate the optimal next step in shift-reduce dependency parsing, relative to ground truth, commonly referred to as dynamic oracle. Unlike existing algorithms, it is applicable if the training corpus contains non-projective structures. We then show that for a projective training corpus, the time complexity can be improved from cubic to linear.|2019-06-04|2019|['Transactions of the Association for Computational Linguistics']
https://doi.org/10.1162/tacl_a_00269|Densely Connected Graph Convolutional Networks for Graph-to-Sequence Learning|We focus on graph-to-sequence learning, which can be framed as transducing graph structures to sequences for text generation. To capture structural information associated with graphs, we investigate the problem of encoding graphs using graph convolutional networks (GCNs). Unlike various existing approaches where shallow architectures were used for capturing local structural information only, we introduce a dense connection strategy, proposing a novel Densely Connected Graph Convolutional Network (DCGCN). Such a deep architecture is able to integrate both local and non-local features to learn a better structural representation of a graph. Our model outperforms the state-of-the-art neural models significantly on AMR-to-text generation and syntax-based neural machine translation.|2019-06-19|2019|['Transactions of the Association for Computational Linguistics']
https://doi.org/10.1162/tacl_a_00270|Attention-Passing Models for Robust and Data-Efficient End-to-End Speech Translation|Speech translation has traditionally been approached through cascaded models consisting of a speech recognizer trained on a corpus of transcribed speech, and a machine translation system trained on parallel texts. Several recent works have shown the feasibility of collapsing the cascade into a single, direct model that can be trained in an end-to-end fashion on a corpus of translated speech. However, experiments are inconclusive on whether the cascade or the direct model is stronger, and have only been conducted under the unrealistic assumption that both are trained on equal amounts of data, ignoring other available speech recognition and machine translation corpora. In this paper, we demonstrate that direct speech translation models require more data to perform well than cascaded models, and although they allow including auxiliary data through multi-task training, they are poor at exploiting such data, putting them at a severe disadvantage. As a remedy, we propose the use of end- to-end trainable models with two attention mechanisms, the first establishing source speech to source text alignments, the second modeling source to target text alignment. We show that such models naturally decompose into multi-task–trainable recognition and translation tasks and propose an attention-passing technique that alleviates error propagation issues in a previous formulation of a model with two attention stages. Our proposed model outperforms all examined baselines and is able to exploit auxiliary training data much more effectively than direct attentional models.|2019-06-19|2019|['Transactions of the Association for Computational Linguistics']
https://doi.org/10.1162/tacl_a_00272|Syntax-aware Semantic Role Labeling without Parsing|In this paper we focus on learning dependency aware representations for semantic role labeling without recourse to an external parser. The backbone of our model is an LSTM-based semantic role labeler jointly trained with two auxiliary tasks: predicting the dependency label of a word and whether there exists an arc linking it to the predicate. The auxiliary tasks provide syntactic information that is specific to semantic role labeling and are learned from training data (dependency annotations) without relying on existing dependency parsers, which can be noisy (e.g., on out-of-domain data or infrequent constructions). Experimental results on the CoNLL-2009 benchmark dataset show that our model outperforms the state of the art in English, and consistently improves performance in other languages, including Chinese, German, and Spanish.|2019-06-21|2019|['Transactions of the Association for Computational Linguistics']
https://doi.org/10.1162/tacl_a_00274|Learning End-to-End Goal-Oriented Dialog with Maximal User Task Success and Minimal Human Agent Use|Neural end-to-end goal-oriented dialog systems showed promise to reduce the workload of human agents for customer service, as well as reduce wait time for users. However, their inability to handle new user behavior at deployment has limited their usage in real world. In this work, we propose an end-to-end trainable method for neural goal-oriented dialog systems that handles new user behaviors at deployment by transferring the dialog to a human agent intelligently. The proposed method has three goals: 1) maximize user’s task success by transferring to human agents, 2) minimize the load on the human agents by transferring to them only when it is essential, and 3) learn online from the human agent’s responses to reduce human agents’ load further. We evaluate our proposed method on a modified-bAbI dialog task, 1 which simulates the scenario of new user behaviors occurring at test time. Experimental results show that our proposed method is effective in achieving the desired goals.|2019-07-12|2019|['Transactions of the Association for Computational Linguistics']
https://doi.org/10.1162/tacl_a_00277|Still a Pain in the Neck: Evaluating Text Representations on Lexical Composition|Building meaningful phrase representations is challenging because phrase meanings are not simply the sum of their constituent meanings. Lexical composition can shift the meanings of the constituent words and introduce implicit information. We tested a broad range of textual representations for their capacity to address these issues. We found that, as expected, contextualized word representations perform better than static word embeddings, more so on detecting meaning shift than in recovering implicit information, in which their performance is still far from that of humans. Our evaluation suite, consisting of six tasks related to lexical composition effects, can serve future research aiming to improve representations.|2019-07-26|2019|['Transactions of the Association for Computational Linguistics']
https://doi.org/10.1162/tacl_a_00278|Multiattentive Recurrent Neural Network Architecture for Multilingual Readability Assessment|We present a multiattentive recurrent neural network architecture for automatic multilingual readability assessment. This architecture considers raw words as its main input, but internally captures text structure and informs its word attention process using other syntax- and morphology-related datapoints, known to be of great importance to readability. This is achieved by a multiattentive strategy that allows the neural network to focus on specific parts of a text for predicting its reading level. We conducted an exhaustive evaluation using data sets targeting multiple languages and prediction task types, to compare the proposed model with traditional, state-of-the-art, and other neural network strategies.|2019-07-26|2019|['Transactions of the Association for Computational Linguistics']
https://doi.org/10.1162/tacl_a_00276|Natural Questions: A Benchmark for Question Answering Research|We present the Natural Questions corpus, a question answering data set. Questions consist of real anonymized, aggregated queries issued to the Google search engine. An annotator is presented with a question along with a Wikipedia page from the top 5 search results, and annotates a long answer (typically a paragraph) and a short answer (one or more entities) if present on the page, or marks null if no long/short answer is present. The public release consists of 307,373 training examples with single annotations; 7,830 examples with 5-way annotations for development data; and a further 7,842 examples with 5-way annotated sequestered as test data. We present experiments validating quality of the data. We also describe analysis of 25-way annotations on 302 examples, giving insights into human variability on the annotation task. We introduce robust metrics for the purposes of evaluating question answering systems; demonstrate high human upper bounds on these metrics; and establish baseline results using competitive methods drawn from related literature.|2019-08-02|2019|['Transactions of the Association for Computational Linguistics']
https://doi.org/10.1162/tacl_a_00284|Graph Convolutional Network with Sequential Attention for Goal-Oriented Dialogue Systems|Domain-specific goal-oriented dialogue systems typically require modeling three types of inputs, namely, (i) the knowledge-base associated with the domain, (ii) the history of the conversation, which is a sequence of utterances, and (iii) the current utterance for which the response needs to be generated. While modeling these inputs, current state-of-the-art models such as Mem2Seq typically ignore the rich structure inherent in the knowledge graph and the sentences in the conversation context. Inspired by the recent success of structure-aware Graph Convolutional Networks (GCNs) for various NLP tasks such as machine translation, semantic role labeling, and document dating, we propose a memory-augmented GCN for goal-oriented dialogues. Our model exploits (i) the entity relation graph in a knowledge-base and (ii) the dependency graph associated with an utterance to compute richer representations for words and entities. Further, we take cognizance of the fact that in certain situations, such as when the conversation is in a code-mixed language, dependency parsers may not be available. We show that in such situations we could use the global word co-occurrence graph to enrich the representations of utterances. We experiment with four datasets: (i) the modified DSTC2 dataset, (ii) recently released code-mixed versions of DSTC2 dataset in four languages, (iii) Wizard-of-Oz style CAM676 dataset, and (iv) Wizard-of-Oz style MultiWOZ dataset. On all four datasets our method outperforms existing methods, on a wide range of evaluation metrics.|2019-09-11|2019|['Transactions of the Association for Computational Linguistics']
https://doi.org/10.1162/tacl_a_00282|Enabling Robust Grammatical Error Correction in New Domains: Data Sets, Metrics, and Analyses|Until now, grammatical error correction (GEC) has been primarily evaluated on text written by non-native English speakers, with a focus on student essays. This paper enables GEC development on text written by native speakers by providing a new data set and metric. We present a multiple-reference test corpus for GEC that includes 4,000 sentences in two new domains ( formal and informal writing by native English speakers) and 2,000 sentences from a diverse set of non-native student writing. We also collect human judgments of several GEC systems on this new test set and perform a meta-evaluation, assessing how reliable automatic metrics are across these domains. We find that commonly used GEC metrics have inconsistent performance across domains, and therefore we propose a new ensemble metric that is robust on all three domains of text.|2019-09-11|2019|['Transactions of the Association for Computational Linguistics']
https://doi.org/10.1162/tacl_a_00280|Where’s My Head? Definition, Data Set, and Models for Numeric Fused-Head Identification and Resolution|We provide the first computational treatment of fused-heads constructions (FHs), focusing on the numeric fused-heads (NFHs). FHs constructions are noun phrases in which the head noun is missing and is said to be “fused” with its dependent modifier. This missing information is implicit and is important for sentence understanding. The missing references are easily filled in by humans but pose a challenge for computational models. We formulate the handling of FHs as a two stages process: Identification of the FH construction and resolution of the missing head. We explore the NFH phenomena in large corpora of English text and create (1) a data set and a highly accurate method for NFH identification; (2) a 10k examples (1 M tokens) crowd-sourced data set of NFH resolution; and (3) a neural baseline for the NFH resolution task. We release our code and data set, to foster further research into this challenging problem.|2019-09-11|2019|['Transactions of the Association for Computational Linguistics']
https://doi.org/10.1162/tacl_a_00281|Measuring Online Debaters’ Persuasive Skill from Text over Time|Online debates allow people to express their persuasive abilities and provide exciting opportunities for understanding persuasion. Prior studies have focused on studying persuasion in debate content, but without accounting for each debater’s history or exploring the progression of a debater’s persuasive ability. We study debater skill by modeling how participants progress over time in a collection of debates from Debate.org . We build on a widely used model of skill in two-player games and augment it with linguistic features of a debater’s content. We show that online debaters’ skill levels do tend to improve over time. Incorporating linguistic profiles leads to more robust skill estimation than winning records alone. Notably, we find that an interaction feature combining uncertainty cues (hedging) with terms strongly associated with either side of a particular debate (fightin’ words) is more predictive than either feature on its own, indicating the importance of fine- grained linguistic features.|2019-09-11|2019|['Transactions of the Association for Computational Linguistics']
https://doi.org/10.1162/tacl_a_00286|Morphological Analysis Using a Sequence Decoder|We introduce Morse, a recurrent encoder-decoder model that produces morphological analyses of each word in a sentence. The encoder turns the relevant information about the word and its context into a fixed size vector representation and the decoder generates the sequence of characters for the lemma followed by a sequence of individual morphological features. We show that generating morphological features individually rather than as a combined tag allows the model to handle rare or unseen tags and to outperform whole-tag models. In addition, generating morphological features as a sequence rather than, for example, an unordered set allows our model to produce an arbitrary number of features that represent multiple inflectional groups in morphologically complex languages. We obtain state-of-the-art results in nine languages of different morphological complexity under low-resource, high-resource, and transfer learning settings. We also introduce TrMor2018, a new high-accuracy Turkish morphology data set. Our Morse implementation and the TrMor2018 data set are available online to support future research. 1 See https://github.com/ai-ku/Morse.jl for a Morse implementation in Julia/Knet (Yuret, 2016 ) and https://github.com/ai-ku/TrMor2018 for the new Turkish data set.|2019-09-11|2019|['Transactions of the Association for Computational Linguistics']
https://doi.org/10.1162/tacl_a_00283|<i>Tabula</i>Nearly<i>Rasa:</i>Probing the Linguistic Knowledge of Character-level Neural Language Models Trained on Unsegmented Text|Recurrent neural networks (RNNs) have reached striking performance in many natural language processing tasks. This has renewed interest in whether these generic sequence processing devices are inducing genuine linguistic knowledge. Nearly all current analytical studies, however, initialize the RNNs with a vocabulary of known words, and feed them tokenized input during training. We present a multi-lingual study of the linguistic knowledge encoded in RNNs trained as character-level language models, on input data with word boundaries removed. These networks face a tougher and more cognitively realistic task, having to discover any useful linguistic unit from scratch based on input statistics. The results show that our “near tabula rasa” RNNs are mostly able to solve morphological, syntactic and semantic tasks that intuitively presuppose word-level knowledge, and indeed they learned, to some extent, to track word boundaries. Our study opens the door to speculations about the necessity of an explicit, rigid word lexicon in language learning and usage.|2019-09-11|2019|['Transactions of the Association for Computational Linguistics']
https://doi.org/10.1162/tacl_a_00287|Weakly Supervised Domain Detection|In this paper we introduce domain detection as a new natural language processing task. We argue that the ability to detect textual segments that are domain-heavy (i.e., sentences or phrases that are representative of and provide evidence for a given domain) could enhance the robustness and portability of various text classification applications. We propose an encoder-detector framework for domain detection and bootstrap classifiers with multiple instance learning. The model is hierarchically organized and suited to multilabel classification. We demonstrate that despite learning with minimal supervision, our model can be applied to text spans of different granularities, languages, and genres. We also showcase the potential of domain detection for text summarization.|2019-09-11|2019|['Transactions of the Association for Computational Linguistics']
https://doi.org/10.1162/tacl_a_00289|Efficient Contextual Representation Learning With Continuous Outputs|Contextual representation models have achieved great success in improving various downstream natural language processing tasks. However, these language-model-based encoders are difficult to train due to their large parameter size and high computational complexity. By carefully examining the training procedure, we observe that the softmax layer, which predicts a distribution of the target word, often induces significant overhead, especially when the vocabulary size is large. Therefore, we revisit the design of the output layer and consider directly predicting the pre-trained embedding of the target word for a given context. When applied to ELMo, the proposed approach achieves a 4-fold speedup and eliminates 80% trainable parameters while achieving competitive performance on downstream tasks. Further analysis shows that the approach maintains the speed advantage under various settings, even when the sentence encoder is scaled up.|2019-09-30|2019|['Transactions of the Association for Computational Linguistics']
https://doi.org/10.1162/tacl_a_00291|Perturbation Based Learning for Structured NLP Tasks with Application to Dependency Parsing|The best solution of structured prediction models in NLP is often inaccurate because of limited expressive power of the model or to non-exact parameter estimation. One way to mitigate this problem is sampling candidate solutions from the model’s solution space, reasoning that effective exploration of this space should yield high-quality solutions. Unfortunately, sampling is often computationally hard and many works hence back-off to sub-optimal strategies, such as extraction of the best scoring solutions of the model, which are not as diverse as sampled solutions. In this paper we propose a perturbation-based approach where sampling from a probabilistic model is computationally efficient. We present a learning algorithm for the variance of the perturbations, and empirically demonstrate its importance. Moreover, while finding the argmax in our model is intractable, we propose an efficient and effective approximation. We apply our framework to cross-lingual dependency parsing across 72 corpora from 42 languages and to lightly supervised dependency parsing across 13 corpora from 12 languages, and demonstrate strong results in terms of both the quality of the entire solution list and of the final solution. 1|2019-09-30|2019|['Transactions of the Association for Computational Linguistics']
https://doi.org/10.1162/tacl_a_00293|Inherent Disagreements in Human Textual Inferences|We analyze human’s disagreements about the validity of natural language inferences. We show that, very often, disagreements are not dismissible as annotation “noise”, but rather persist as we collect more ratings and as we vary the amount of context provided to raters. We further show that the type of uncertainty captured by current state-of-the-art models for natural language inference is not reflective of the type of uncertainty present in human disagreements. We discuss implications of our results in relation to the recognizing textual entailment (RTE)/natural language inference (NLI) task. We argue for a refined evaluation objective that requires models to explicitly capture the full distribution of plausible human judgments.|2019-11-01|2019|['Transactions of the Association for Computational Linguistics']
https://doi.org/10.1162/tacl_a_00292|Insertion-based Decoding with Automatically Inferred Generation Order|Conventional neural autoregressive decoding commonly assumes a fixed left-to-right generation order, which may be sub-optimal. In this work, we propose a novel decoding algorithm— InDIGO—which supports flexible sequence generation in arbitrary orders through insertion operations. We extend Transformer, a state-of-the-art sequence generation model, to efficiently implement the proposed approach, enabling it to be trained with either a pre-defined generation order or adaptive orders obtained from beam-search. Experiments on four real-world tasks, including word order recovery, machine translation, image caption, and code generation, demonstrate that our algorithm can generate sequences following arbitrary orders, while achieving competitive or even better performance compared with the conventional left-to-right generation. The generated sequences show that InDIGO adopts adaptive generation orders based on input information.|2019-11-01|2019|['Transactions of the Association for Computational Linguistics']
https://doi.org/10.1162/tacl_a_00294|Deep Contextualized Self-training for Low Resource Dependency Parsing|Neural dependency parsing has proven very effective, achieving state-of-the-art results on numerous domains and languages. Unfortunately, it requires large amounts of labeled data, which is costly and laborious to create. In this paper we propose a self-training algorithm that alleviates this annotation bottleneck by training a parser on its own output. Our Deep Contextualized Self-training (DCST) algorithm utilizes representation models trained on sequence labeling tasks that are derived from the parser’s output when applied to unlabeled data, and integrates these models with the base parser through a gating mechanism. We conduct experiments across multiple languages, both in low resource in-domain and in cross-domain setups, and demonstrate that DCST substantially outperforms traditional self-training as well as recent semi-supervised training methods. 1|2019-11-01|2019|['Transactions of the Association for Computational Linguistics']
https://doi.org/10.1162/tacl_a_00295|Paraphrase-Sense-Tagged Sentences|Many natural language processing tasks require discriminating the particular meaning of a word in context, but building corpora for developing sense-aware models can be a challenge. We present a large resource of example usages for words having a particular meaning, called Paraphrase-Sense-Tagged Sentences (PSTS). Built on the premise that a word’s paraphrases instantiate its fine-grained meanings (i.e., bug has different meanings corresponding to its paraphrases fly and microbe) the resource contains up to 10,000 sentences for each of 3 million target-paraphrase pairs where the target word takes on the meaning of the paraphrase. We describe an automatic method based on bilingual pivoting used to enumerate sentences for PSTS, and present two models for ranking PSTS sentences based on their quality. Finally, we demonstrate the utility of PSTS by using it to build a dataset for the task of hypernym prediction in context. Training a model on this automatically generated dataset produces accuracy that is competitive with a model trained on smaller datasets crafted with some manual effort.|2019-11-01|2019|['Transactions of the Association for Computational Linguistics']
https://doi.org/10.1162/tacl_a_00296|Phonotactic Complexity and Its Trade-offs|We present methods for calculating a measure of phonotactic complexity—bits per phoneme— that permits a straightforward cross-linguistic comparison. When given a word, represented as a sequence of phonemic segments such as symbols in the international phonetic alphabet, and a statistical model trained on a sample of word types from the language, we can approximately measure bits per phoneme using the negative log-probability of that word under the model. This simple measure allows us to compare the entropy across languages, giving insight into how complex a language’s phonotactics is. Using a collection of 1016 basic concept words across 106 languages, we demonstrate a very strong negative correlation of − 0.74 between bits per phoneme and the average length of words.|2020-01-23|2020|['Transactions of the Association for Computational Linguistics']
https://doi.org/10.1162/tacl_a_00297|AMR-To-Text Generation with Graph Transformer|Abstract meaning representation (AMR)-to-text generation is the challenging task of generating natural language texts from AMR graphs, where nodes represent concepts and edges denote relations. The current state-of-the-art methods use graph-to-sequence models; however, they still cannot significantly outperform the previous sequence-to-sequence models or statistical approaches. In this paper, we propose a novel graph-to-sequence model (Graph Transformer) to address this task. The model directly encodes the AMR graphs and learns the node representations. A pairwise interaction function is used for computing the semantic relations between the concepts. Moreover, attention mechanisms are used for aggregating the information from the incoming and outgoing neighbors, which help the model to capture the semantic information effectively. Our model outperforms the state-of-the-art neural approach by 1.5 BLEU points on LDC2015E86 and 4.8 BLEU points on LDC2017T10 and achieves new state-of-the-art performances.|2020-01-31|2020|['Transactions of the Association for Computational Linguistics']
https://doi.org/10.1162/tacl_a_00299|Membership Inference Attacks on Sequence-to-Sequence Models: Is My Data In Your Machine Translation System?|Data privacy is an important issue for “machine learning as a service” providers. We focus on the problem of membership inference attacks: Given a data sample and black-box access to a model’s API, determine whether the sample existed in the model’s training data. Our contribution is an investigation of this problem in the context of sequence-to-sequence models, which are important in applications such as machine translation and video captioning. We define the membership inference problem for sequence generation, provide an open dataset based on state-of-the-art machine translation models, and report initial results on whether these models leak private information against several kinds of membership inference attacks.|2020-03-12|2020|['Transactions of the Association for Computational Linguistics']
https://doi.org/10.1162/tacl_a_00302|A Knowledge-Enhanced Pretraining Model for Commonsense Story Generation|Story generation, namely, generating a reasonable story from a leading context, is an important but challenging task. In spite of the success in modeling fluency and local coherence, existing neural language generation models (e.g., GPT-2) still suffer from repetition, logic conflicts, and lack of long-range coherence in generated stories. We conjecture that this is because of the difficulty of associating relevant commonsense knowledge, understanding the causal relationships, and planning entities and events with proper temporal order. In this paper, we devise a knowledge-enhanced pretraining model for commonsense story generation. We propose to utilize commonsense knowledge from external knowledge bases to generate reasonable stories. To further capture the causal and temporal dependencies between the sentences in a reasonable story, we use multi-task learning, which combines a discriminative objective to distinguish true and fake stories during fine-tuning. Automatic and manual evaluation shows that our model can generate more reasonable stories than state-of-the-art baselines, particularly in terms of logic and global coherence.|2020-03-31|2020|['Transactions of the Association for Computational Linguistics']
https://doi.org/10.1162/tacl_a_00306|Theoretical Limitations of Self-Attention in Neural Sequence Models|Transformers are emerging as the new workhorse of NLP, showing great success across tasks. Unlike LSTMs, transformers process input sequences entirely through self-attention. Previous work has suggested that the computational capabilities of self-attention to process hierarchical structures are limited. In this work, we mathematically investigate the computational power of self-attention to model formal languages. Across both soft and hard attention, we show strong theoretical limitations of the computational abilities of self-attention, finding that it cannot model periodic finite-state languages, nor hierarchical structure, unless the number of layers or heads increases with input length. These limitations seem surprising given the practical success of self-attention and the prominent role assigned to hierarchical structure in linguistics, suggesting that natural language can be approximated well with models that are too weak for the formal languages typically assumed in theoretical linguistics.|2020-03-31|2020|['Transactions of the Association for Computational Linguistics']
https://doi.org/10.1162/tacl_a_00303|Improving Candidate Generation for Low-resource Cross-lingual Entity Linking|Cross-lingual entity linking (XEL) is the task of finding referents in a target-language knowledge base (KB) for mentions extracted from source-language texts. The first step of (X)EL is candidate generation, which retrieves a list of plausible candidate entities from the target-language KB for each mention. Approaches based on resources from Wikipedia have proven successful in the realm of relatively high-resource languages, but these do not extend well to low-resource languages with few, if any, Wikipedia pages. Recently, transfer learning methods have been shown to reduce the demand for resources in the low-resource languages by utilizing resources in closely related languages, but the performance still lags far behind their high-resource counterparts. In this paper, we first assess the problems faced by current entity candidate generation methods for low-resource XEL, then propose three improvements that (1) reduce the disconnect between entity mentions and KB entries, and (2) improve the robustness of the model to low-resource scenarios. The methods are simple, but effective: We experiment with our approach on seven XEL datasets and find that they yield an average gain of 16.9% in Top-30 gold candidate recall, compared with state-of-the-art baselines. Our improved model also yields an average gain of 7.9% in in-KB accuracy of end-to-end XEL. 1|2020-03-31|2020|['Transactions of the Association for Computational Linguistics']
https://doi.org/10.1162/tacl_a_00309|B<scp>reak</scp> It Down: A Question Understanding Benchmark|Understanding natural language questions entails the ability to break down a question into the requisite steps for computing its answer. In this work, we introduce a Question Decomposition Meaning Representation (QDMR) for questions. QDMR constitutes the ordered list of steps, expressed through natural language, that are necessary for answering a question. We develop a crowdsourcing pipeline, showing that quality QDMRs can be annotated at scale, and release the Break dataset, containing over 83K pairs of questions and their QDMRs. We demonstrate the utility of QDMR by showing that (a) it can be used to improve open-domain question answering on the HotpotQA dataset, (b) it can be deterministically converted to a pseudo-SQL formal language, which can alleviate annotation in semantic parsing applications. Last, we use Break to train a sequence-to-sequence model with copying that parses questions into QDMR structures, and show that it substantially outperforms several natural baselines.|2020-04-17|2020|['Transactions of the Association for Computational Linguistics']
https://doi.org/10.1162/tacl_a_00311|Acoustic-Prosodic and Lexical Cues to Deception and Trust: Deciphering How People Detect Lies|Humans rarely perform better than chance at lie detection. To better understand human perception of deception, we created a game framework, LieCatcher, to collect ratings of perceived deception using a large corpus of deceptive and truthful interviews. We analyzed the acoustic-prosodic and linguistic characteristics of language trusted and mistrusted by raters and compared these to characteristics of actual truthful and deceptive language to understand how perception aligns with reality. With this data we built classifiers to automatically distinguish trusted from mistrusted speech, achieving an F1 of 66.1%. We next evaluated whether the strategies raters said they used to discriminate between truthful and deceptive responses were in fact useful. Our results show that, although several prosodic and lexical features were consistently perceived as trustworthy, they were not reliable cues. Also, the strategies that judges reported using in deception detection were not helpful for the task. Our work sheds light on the nature of trusted language and provides insight into the challenging problem of human deception detection.|2020-04-17|2020|['Transactions of the Association for Computational Linguistics']
https://doi.org/10.1162/tacl_a_00308|Target-Guided Structured Attention Network for Target-Dependent Sentiment Analysis|Target-dependent sentiment analysis (TDSA) aims to classify the sentiment of a text towards a given target. The major challenge of this task lies in modeling the semantic relatedness between a target and its context sentence. This paper proposes a novel Target-Guided Structured Attention Network (TG-SAN), which captures target-related contexts for TDSA in a fine-to-coarse manner. Given a target and its context sentence, the proposed TG-SAN first identifies multiple semantic segments from the sentence using a target-guided structured attention mechanism. It then fuses the extracted segments based on their relatedness with the target for sentiment classification. We present comprehensive comparative experiments on three benchmarks with three major findings. First, TG-SAN outperforms the state-of-the-art by up to 1.61% and 3.58% in terms of accuracy and Marco-F1, respectively. Second, it shows a strong advantage in determining the sentiment of a target when the context sentence contains multiple semantic segments. Lastly, visualization results show that the attention scores produced by TG-SAN are highly interpretable|2020-04-17|2020|['Transactions of the Association for Computational Linguistics']
https://doi.org/10.1162/tacl_a_00312|Unsupervised Discourse Constituency Parsing Using Viterbi EM|In this paper, we introduce an unsupervised discourse constituency parsing algorithm. We use Viterbi EM with a margin-based criterion to train a span-based discourse parser in an unsupervised manner. We also propose initialization methods for Viterbi training of discourse constituents based on our prior knowledge of text structures. Experimental results demonstrate that our unsupervised parser achieves comparable or even superior performance to fully supervised parsers. We also investigate discourse constituents that are learned by our method.|2020-04-17|2020|['Transactions of the Association for Computational Linguistics']
https://doi.org/10.1162/tacl_a_00310|Machine Learning–Driven Language Assessment|We describe a method for rapidly creating language proficiency assessments, and provide experimental evidence that such tests can be valid, reliable, and secure. Our approach is the first to use machine learning and natural language processing to induce proficiency scales based on a given standard, and then use linguistic models to estimate item difficulty directly for computer-adaptive testing. This alleviates the need for expensive pilot testing with human subjects. We used these methods to develop an online proficiency exam called the Duolingo English Test, and demonstrate that its scores align significantly with other high-stakes English assessments. Furthermore, our approach produces test scores that are highly reliable, while generating item banks large enough to satisfy security requirements.|2020-04-27|2020|['Transactions of the Association for Computational Linguistics']
https://doi.org/10.1162/tacl_a_00307|Decoding Brain Activity Associated with Literal and Metaphoric Sentence Comprehension Using Distributional Semantic Models|Recent years have seen a growing interest within the natural language processing (NLP) community in evaluating the ability of semantic models to capture human meaning representation in the brain. Existing research has mainly focused on applying semantic models to decode brain activity patterns associated with the meaning of individual words, and, more recently, this approach has been extended to sentences and larger text fragments. Our work is the first to investigate metaphor processing in the brain in this context. We evaluate a range of semantic models (word embeddings, compositional, and visual models) in their ability to decode brain activity associated with reading of both literal and metaphoric sentences. Our results suggest that compositional models and word embeddings are able to capture differences in the processing of literal and metaphoric sentences, providing support for the idea that the literal meaning is not fully accessible during familiar metaphor comprehension.|2020-04-27|2020|['Transactions of the Association for Computational Linguistics']
https://doi.org/10.1162/tacl_a_00315|How Furiously Can Colorless Green Ideas Sleep? Sentence Acceptability in Context|We study the influence of context on sentence acceptability. First we compare the acceptability ratings of sentences judged in isolation, with a relevant context, and with an irrelevant context. Our results show that context induces a cognitive load for humans, which compresses the distribution of ratings. Moreover, in relevant contexts we observe a discourse coherence effect that uniformly raises acceptability. Next, we test unidirectional and bidirectional language models in their ability to predict acceptability ratings. The bidirectional models show very promising results, with the best model achieving a new state-of-the-art for unsupervised acceptability prediction. The two sets of experiments provide insights into the cognitive aspects of sentence processing and central issues in the computational modeling of text and discourse.|2020-06-17|2020|['Transactions of the Association for Computational Linguistics']
https://doi.org/10.1162/tacl_a_00316|Learning Lexical Subspaces in a Distributional Vector Space|In this paper, we propose LexSub, a novel approach towards unifying lexical and distributional semantics. We inject knowledge about lexical-semantic relations into distributional word embeddings by defining subspaces of the distributional vector space in which a lexical relation should hold. Our framework can handle symmetric attract and repel relations (e.g., synonymy and antonymy, respectively), as well as asymmetric relations (e.g., hypernymy and meronomy). In a suite of intrinsic benchmarks, we show that our model outperforms previous approaches on relatedness tasks and on hypernymy classification and detection, while being competitive on word similarity tasks. It also outperforms previous systems on extrinsic classification tasks that benefit from exploiting lexical relational cues. We perform a series of analyses to understand the behaviors of our model. 1 Code available at https://github.com/aishikchakraborty/LexSub .|2020-06-17|2020|['Transactions of the Association for Computational Linguistics']
https://doi.org/10.1162/tacl_a_00323|Consistent Unsupervised Estimators for Anchored PCFGs|Abstract Learning probabilistic context-free grammars (PCFGs) from strings is a classic problem in computational linguistics since Horning (1969). Here we present an algorithm based on distributional learning that is a consistent estimator for a large class of PCFGs that satisfy certain natural conditions including being anchored (Stratos et al., 2016). We proceed via a reparameterization of (top–down) PCFGs that we call a bottom–up weighted context-free grammar. We show that if the grammar is anchored and satisfies additional restrictions on its ambiguity, then the parameters can be directly related to distributional properties of the anchoring strings; we show the asymptotic correctness of a naive estimator and present some simulations using synthetic data that show that algorithms based on this approach have good finite sample behavior.|2020-07-01|2020|['Transactions of the Association for Computational Linguistics']
https://doi.org/10.1162/tacl_a_00320|Hierarchical Mapping for Crosslingual Word Embedding Alignment|Abstract The alignment of word embedding spaces in different languages into a common crosslingual space has recently been in vogue. Strategies that do so compute pairwise alignments and then map multiple languages to a single pivot language (most often English). These strategies, however, are biased towards the choice of the pivot language, given that language proximity and the linguistic characteristics of the target language can strongly impact the resultant crosslingual space in detriment of topologically distant languages. We present a strategy that eliminates the need for a pivot language by learning the mappings across languages in a hierarchical way. Experiments demonstrate that our strategy significantly improves vocabulary induction scores in all existing benchmarks, as well as in a new non-English–centered benchmark we built, which we make publicly available.|2020-07-01|2020|['Transactions of the Association for Computational Linguistics']
https://doi.org/10.1162/tacl_a_00322|Reproducible and Efficient Benchmarks for Hyperparameter Optimization of Neural Machine Translation Systems|Hyperparameter selection is a crucial part of building neural machine translation (NMT) systems across both academia and industry. Fine-grained adjustments to a model’s architecture or training recipe can mean the difference between a positive and negative research result or between a state-of-the-art and underperforming system. While recent literature has proposed methods for automatic hyperparameter optimization (HPO), there has been limited work on applying these methods to neural machine translation (NMT), due in part to the high costs associated with experiments that train large numbers of model variants. To facilitate research in this space, we introduce a lookup-based approach that uses a library of pre-trained models for fast, low cost HPO experimentation. Our contributions include (1) the release of a large collection of trained NMT models covering a wide range of hyperparameters, (2) the proposal of targeted metrics for evaluating HPO methods on NMT, and (3) a reproducible benchmark of several HPO methods against our model library, including novel graph-based and multiobjective methods.|2020-07-20|2020|['Transactions of the Association for Computational Linguistics']
https://doi.org/10.1162/tacl_a_00317|T<scp>y</scp>D<scp>i</scp> QA: A Benchmark for Information-Seeking Question Answering in <i>Ty</i>pologically <i>Di</i>verse Languages|Confidently making progress on multilingual modeling requires challenging, trustworthy evaluations. We present TyDi QA—a question answering dataset covering 11 typologically diverse languages with 204K question-answer pairs. The languages of TyDi QA are diverse with regard to their typology—the set of linguistic features each language expresses—such that we expect models performing well on this set to generalize across a large number of the world’s languages. We present a quantitative analysis of the data quality and example-level qualitative linguistic analyses of observed language phenomena that would not be found in English-only corpora. To provide a realistic information-seeking task and avoid priming effects, questions are written by people who want to know the answer, but don’t know the answer yet, and the data is collected directly in each language without the use of translation.|2020-07-23|2020|['Transactions of the Association for Computational Linguistics']
https://doi.org/10.1162/tacl_a_00328|PERL: Pivot-based Domain Adaptation for Pre-trained Deep Contextualized Embedding Models|Pivot-based neural representation models have led to significant progress in domain adaptation for NLP. However, previous research following this approach utilize only labeled data from the source domain and unlabeled data from the source and target domains, but neglect to incorporate massive unlabeled corpora that are not necessarily drawn from these domains. To alleviate this, we propose PERL: A representation learning model that extends contextualized word embedding models such as BERT (Devlin et al., 2019 ) with pivot-based fine-tuning. PERL outperforms strong baselines across 22 sentiment classification domain adaptation setups, improves in-domain model performance, yields effective reduced-size models, and increases model stability. 1|2020-09-03|2020|['Transactions of the Association for Computational Linguistics']
https://doi.org/10.1162/tacl_a_00329|AMR Similarity Metrics from Principles|Different metrics have been proposed to compare Abstract Meaning Representation (AMR) graphs. The canonical Smatch metric (Cai and Knight, 2013 ) aligns the variables of two graphs and assesses triple matches. The recent SemBleu metric (Song and Gildea, 2019 ) is based on the machine-translation metric Bleu (Papineni et al., 2002 ) and increases computational efficiency by ablating the variable-alignment. In this paper, i) we establish criteria that enable researchers to perform a principled assessment of metrics comparing meaning representations like AMR; ii) we undertake a thorough analysis of Smatch and SemBleu where we show that the latter exhibits some undesirable properties. For example, it does not conform to the identity of indiscernibles rule and introduces biases that are hard to control; and iii) we propose a novel metric S 2 match that is more benevolent to only very slight meaning deviations and targets the fulfilment of all established criteria. We assess its suitability and show its advantages over Smatch and SemBleu.|2020-09-09|2020|['Transactions of the Association for Computational Linguistics']
https://doi.org/10.1162/tacl_a_00333|Task-Oriented Dialogue as Dataflow Synthesis|We describe an approach to task-oriented dialogue in which dialogue state is represented as a dataflow graph. A dialogue agent maps each user utterance to a program that extends this graph. Programs include metacomputation operators for reference and revision that reuse dataflow fragments from previous turns. Our graph-based state enables the expression and manipulation of complex user intents, and explicit metacomputation makes these intents easier for learned models to predict. We introduce a new dataset, SMCalFlow, featuring complex dialogues about events, weather, places, and people. Experiments show that dataflow graphs and metacomputation substantially improve representability and predictability in these natural dialogues. Additional experiments on the MultiWOZ dataset show that our dataflow representation enables an otherwise off-the-shelf sequence-to-sequence model to match the best existing task-specific state tracking model. The SMCalFlow dataset, code for replicating experiments, and a public leaderboard are available at https://www.microsoft.com/en-us/research/project/dataflow-based-dialogue-semantic-machines .|2020-09-21|2020|['Transactions of the Association for Computational Linguistics']
https://doi.org/10.1162/tacl_a_00334|Nested Named Entity Recognition via Second-best Sequence Learning and Decoding|When an entity name contains other names within it, the identification of all combinations of names can become difficult and expensive. We propose a new method to recognize not only outermost named entities but also inner nested ones. We design an objective function for training a neural model that treats the tag sequence for nested entities as the second best path within the span of their parent entity. In addition, we provide the decoding method for inference that extracts entities iteratively from outermost ones to inner ones in an outside-to-inside way. Our method has no additional hyperparameters to the conditional random field based model widely used for flat named entity recognition tasks. Experiments demonstrate that our method performs better than or at least as well as existing methods capable of handling nested entities, achieving F1-scores of 85.82%, 84.34%, and 77.36% on ACE-2004, ACE-2005, and GENIA datasets, respectively.|2020-09-30|2020|['Transactions of the Association for Computational Linguistics']
https://doi.org/10.1162/tacl_a_00335|An Empirical Study on Robustness to Spurious Correlations using Pre-trained Language Models|Recent work has shown that pre-trained language models such as BERT improve robustness to spurious correlations in the dataset. Intrigued by these results, we find that the key to their success is generalization from a small amount of counterexamples where the spurious correlations do not hold. When such minority examples are scarce, pre-trained models perform as poorly as models trained from scratch. In the case of extreme minority, we propose to use multi-task learning (MTL) to improve generalization. Our experiments on natural language inference and paraphrase identification show that MTL with the right auxiliary tasks significantly improves performance on challenging examples without hurting the in-distribution performance. Further, we show that the gain from MTL mainly comes from improved generalization from the minority examples. Our results highlight the importance of data diversity for overcoming spurious correlations. 1|2020-10-15|2020|['Transactions of the Association for Computational Linguistics']
https://doi.org/10.1162/tacl_a_00338|Beat the AI: Investigating Adversarial Human Annotation for Reading Comprehension|Innovations in annotation methodology have been a catalyst for Reading Comprehension (RC) datasets and models. One recent trend to challenge current RC models is to involve a model in the annotation process: Humans create questions adversarially, such that the model fails to answer them correctly. In this work we investigate this annotation methodology and apply it in three different settings, collecting a total of 36,000 samples with progressively stronger models in the annotation loop. This allows us to explore questions such as the reproducibility of the adversarial effect, transfer from data collected with varying model-in-the-loop strengths, and generalization to data collected without a model. We find that training on adversarially collected samples leads to strong generalization to non-adversarially collected datasets, yet with progressive performance deterioration with increasingly stronger models-in-the-loop. Furthermore, we find that stronger models can still learn from datasets collected with substantially weaker models-in-the-loop. When trained on data collected with a BiDAF model in the loop, RoBERTa achieves 39.9F 1 on questions that it cannot answer when trained on SQuAD—only marginally lower than when trained on data collected using RoBERTa itself (41.0F 1 ).|2020-11-12|2020|['Transactions of the Association for Computational Linguistics']
https://doi.org/10.1162/tacl_a_00339|Sketch-Driven Regular Expression Generation from Natural Language and Examples|Recent systems for converting natural language descriptions into regular expressions (regexes) have achieved some success, but typically deal with short, formulaic text and can only produce simple regexes. Real-world regexes are complex, hard to describe with brief sentences, and sometimes require examples to fully convey the user’s intent. We present a framework for regex synthesis in this setting where both natural language (NL) and examples are available. First, a semantic parser (either grammar-based or neural) maps the natural language description into an intermediate sketch, which is an incomplete regex containing holes to denote missing components. Then a program synthesizer searches over the regex space defined by the sketch and finds a regex that is consistent with the given string examples. Our semantic parser can be trained purely from weak supervision based on correctness of the synthesized regex, or it can leverage heuristically derived sketches. We evaluate on two prior datasets (Kushman and Barzilay 2013 ; Locascio et al. 2016 ) and a real-world dataset from Stack Overflow. Our system achieves state-of-the-art performance on the prior datasets and solves 57% of the real-world dataset, which existing neural systems completely fail on. 1|2020-11-12|2020|['Transactions of the Association for Computational Linguistics']
https://doi.org/10.1162/tacl_a_00341|Synthesizing Parallel Data of User-Generated Texts with Zero-Shot Neural Machine Translation|Neural machine translation (NMT) systems are usually trained on clean parallel data. They can perform very well for translating clean in-domain texts. However, as demonstrated by previous work, the translation quality significantly worsens when translating noisy texts, such as user-generated texts (UGT) from online social media. Given the lack of parallel data of UGT that can be used to train or adapt NMT systems, we synthesize parallel data of UGT, exploiting monolingual data of UGT through crosslingual language model pre-training and zero-shot NMT systems. This paper presents two different but complementary approaches: One alters given clean parallel data into UGT-like parallel data whereas the other generates translations from monolingual data of UGT. On the MTNT translation tasks, we show that our synthesized parallel data can lead to better NMT systems for UGT while making them more robust in translating texts from various domains and styles.|2020-11-13|2020|['Transactions of the Association for Computational Linguistics']
https://doi.org/10.1162/tacl_a_00343|Multilingual Denoising Pre-training for Neural Machine Translation|This paper demonstrates that multilingual denoising pre-training produces significant performance gains across a wide variety of machine translation (MT) tasks. We present mBART—a sequence-to-sequence denoising auto-encoder pre-trained on large-scale monolingual corpora in many languages using the BART objective (Lewis et al., 2019 ). mBART is the first method for pre-training a complete sequence-to-sequence model by denoising full texts in multiple languages, whereas previous approaches have focused only on the encoder, decoder, or reconstructing parts of the text. Pre-training a complete model allows it to be directly fine-tuned for supervised (both sentence-level and document-level) and unsupervised machine translation, with no task- specific modifications. We demonstrate that adding mBART initialization produces performance gains in all but the highest-resource settings, including up to 12 BLEU points for low resource MT and over 5 BLEU points for many document-level and unsupervised models. We also show that it enables transfer to language pairs with no bi-text or that were not in the pre-training corpus, and present extensive analysis of which factors contribute the most to effective pre-training. 1|2020-11-25|2020|['Transactions of the Association for Computational Linguistics']
https://doi.org/10.1162/tacl_a_00344|Interactive Text Ranking with Bayesian Optimization: A Case Study on Community QA and Summarization|For many NLP applications, such as question answering and summarization, the goal is to select the best solution from a large space of candidates to meet a particular user’s needs. To address the lack of user or task-specific training data, we propose an interactive text ranking approach that actively selects pairs of candidates, from which the user selects the best. Unlike previous strategies, which attempt to learn a ranking across the whole candidate space, our method uses Bayesian optimization to focus the user’s labeling effort on high quality candidates and integrate prior knowledge to cope better with small data scenarios. We apply our method to community question answering (cQA) and extractive multidocument summarization, finding that it significantly outperforms existing interactive approaches. We also show that the ranking function learned by our method is an effective reward function for reinforcement learning, which improves the state of the art for interactive summarization.|2020-12-01|2020|['Transactions of the Association for Computational Linguistics']
https://doi.org/10.1162/tacl_a_00369|Sparse, Dense, and Attentional Representations for Text Retrieval|Abstract Dual encoders perform retrieval by encoding documents and queries into dense low-dimensional vectors, scoring each document by its inner product with the query. We investigate the capacity of this architecture relative to sparse bag-of-words models and attentional neural networks. Using both theoretical and empirical analysis, we establish connections between the encoding dimension, the margin between gold and lower-ranked documents, and the document length, suggesting limitations in the capacity of fixed-length encodings to support precise retrieval of long documents. Building on these insights, we propose a simple neural model that combines the efficiency of dual encoders with some of the expressiveness of more costly attentional architectures, and explore sparse-dense hybrids to capitalize on the precision of sparse retrieval. These models outperform strong alternatives in large-scale retrieval.|2021-01-01|2021|['Transactions of the Association for Computational Linguistics']
https://doi.org/10.1162/tacl_a_00437|Experts, Errors, and Context: A Large-Scale Study of Human Evaluation for Machine Translation|Abstract Human evaluation of modern high-quality machine translation systems is a difficult problem, and there is increasing evidence that inadequate evaluation procedures can lead to erroneous conclusions. While there has been considerable research on human evaluation, the field still lacks a commonly accepted standard procedure. As a step toward this goal, we propose an evaluation methodology grounded in explicit error analysis, based on the Multidimensional Quality Metrics (MQM) framework. We carry out the largest MQM research study to date, scoring the outputs of top systems from the WMT 2020 shared task in two language pairs using annotations provided by professional translators with access to full document context. We analyze the resulting data extensively, finding among other results a substantially different ranking of evaluated systems from the one established by the WMT crowd workers, exhibiting a clear preference for human over machine output. Surprisingly, we also find that automatic metrics based on pre-trained embeddings can outperform human crowd workers. We make our corpus publicly available for further research.|2021-01-01|2021|['Transactions of the Association for Computational Linguistics']
https://doi.org/10.1162/tacl_a_00416|MasakhaNER: Named Entity Recognition for African Languages|Abstract We take a step towards addressing the under- representation of the African continent in NLP research by bringing together different stakeholders to create the first large, publicly available, high-quality dataset for named entity recognition (NER) in ten African languages. We detail the characteristics of these languages to help researchers and practitioners better understand the challenges they pose for NER tasks. We analyze our datasets and conduct an extensive empirical evaluation of state- of-the-art methods across both supervised and transfer learning settings. Finally, we release the data, code, and models to inspire future research on African NLP.1|2021-01-01|2021|['Transactions of the Association for Computational Linguistics']
https://doi.org/10.1162/tacl_a_00434|Self-Diagnosis and Self-Debiasing: A Proposal for Reducing Corpus-Based Bias in NLP|Abstract ⚠ This paper contains prompts and model outputs that are offensive in nature. When trained on large, unfiltered crawls from the Internet, language models pick up and reproduce all kinds of undesirable biases that can be found in the data: They often generate racist, sexist, violent, or otherwise toxic language. As large models require millions of training examples to achieve good performance, it is difficult to completely prevent them from being exposed to such content. In this paper, we first demonstrate a surprising finding: Pretrained language models recognize, to a considerable degree, their undesirable biases and the toxicity of the content they produce. We refer to this capability as self-diagnosis. Based on this finding, we then propose a decoding algorithm that, given only a textual description of the undesired behavior, reduces the probability of a language model producing problematic text. We refer to this approach as self-debiasing. Self-debiasing does not rely on manually curated word lists, nor does it require any training data or changes to the model’s parameters. While we by no means eliminate the issue of language models generating biased text, we believe our approach to be an important step in this direction.1|2021-01-01|2021|['Transactions of the Association for Computational Linguistics']
https://doi.org/10.1162/tacl_a_00370|<i>Did Aristotle Use a Laptop?</i>A Question Answering Benchmark with Implicit Reasoning Strategies|Abstract A key limitation in current datasets for multi-hop reasoning is that the required steps for answering the question are mentioned in it explicitly. In this work, we introduce StrategyQA, a question answering (QA) benchmark where the required reasoning steps are implicit in the question, and should be inferred using a strategy. A fundamental challenge in this setup is how to elicit such creative questions from crowdsourcing workers, while covering a broad range of potential strategies. We propose a data collection procedure that combines term-based priming to inspire annotators, careful control over the annotator population, and adversarial filtering for eliminating reasoning shortcuts. Moreover, we annotate each question with (1) a decomposition into reasoning steps for answering it, and (2) Wikipedia paragraphs that contain the answers to each step. Overall, StrategyQA includes 2,780 examples, each consisting of a strategy question, its decomposition, and evidence paragraphs. Analysis shows that questions in StrategyQA are short, topic-diverse, and cover a wide range of strategies. Empirically, we show that humans perform well (87%) on this task, while our best baseline reaches an accuracy of ∼ 66%.|2021-01-01|2021|['Transactions of the Association for Computational Linguistics']
https://doi.org/10.1162/tacl_a_00410|Measuring and Improving Consistency in Pretrained Language Models|Abstract Consistency of a model—that is, the invariance of its behavior under meaning-preserving alternations in its input—is a highly desirable property in natural language processing. In this paper we study the question: Are Pretrained Language Models (PLMs) consistent with respect to factual knowledge? To this end, we create ParaRel🤘, a high-quality resource of cloze-style query English paraphrases. It contains a total of 328 paraphrases for 38 relations. Using ParaRel🤘, we show that the consistency of all PLMs we experiment with is poor— though with high variance between relations. Our analysis of the representational spaces of PLMs suggests that they have a poor structure and are currently not suitable for representing knowledge robustly. Finally, we propose a method for improving model consistency and experimentally demonstrate its effectiveness.1|2021-01-01|2021|['Transactions of the Association for Computational Linguistics']
https://doi.org/10.1162/tacl_a_00407|How Can We Know <i>When</i> Language Models Know? On the Calibration of Language Models for Question Answering|Abstract Recent works have shown that language models (LM) capture different types of knowledge regarding facts or common sense. However, because no model is perfect, they still fail to provide appropriate answers in many cases. In this paper, we ask the question, “How can we know when language models know, with confidence, the answer to a particular query?” We examine this question from the point of view of calibration, the property of a probabilistic model’s predicted probabilities actually being well correlated with the probabilities of correctness. We examine three strong generative models—T5, BART, and GPT-2—and study whether their probabilities on QA tasks are well calibrated, finding the answer is a relatively emphatic no. We then examine methods to calibrate such models to make their confidence scores correlate better with the likelihood of correctness through fine-tuning, post-hoc probability modification, or adjustment of the predicted outputs or inputs. Experiments on a diverse range of datasets demonstrate the effectiveness of our methods. We also perform analysis to study the strengths and limitations of these methods, shedding light on further improvements that may be made in methods for calibrating LMs. We have released the code at https://github.com/jzbjyb/lm-calibration.|2021-01-01|2021|['Transactions of the Association for Computational Linguistics']
https://doi.org/10.1162/tacl_a_00413|Compressing Large-Scale Transformer-Based Models: A Case Study on BERT|Abstract Pre-trained Transformer-based models have achieved state-of-the-art performance for various Natural Language Processing (NLP) tasks. However, these models often have billions of parameters, and thus are too resource- hungry and computation-intensive to suit low- capability devices or applications with strict latency requirements. One potential remedy for this is model compression, which has attracted considerable research attention. Here, we summarize the research in compressing Transformers, focusing on the especially popular BERT model. In particular, we survey the state of the art in compression for BERT, we clarify the current best practices for compressing large-scale Transformer models, and we provide insights into the workings of various methods. Our categorization and analysis also shed light on promising future research directions for achieving lightweight, accurate, and generic NLP models.|2021-01-01|2021|['Transactions of the Association for Computational Linguistics']
https://doi.org/10.1162/tacl_a_00433|MKQA: A Linguistically Diverse Benchmark for Multilingual Open Domain Question Answering|Abstract Progress in cross-lingual modeling depends on challenging, realistic, and diverse evaluation sets. We introduce Multilingual Knowledge Questions and Answers (MKQA), an open- domain question answering evaluation set comprising 10k question-answer pairs aligned across 26 typologically diverse languages (260k question-answer pairs in total). Answers are based on heavily curated, language- independent data representation, making results comparable across languages and independent of language-specific passages. With 26 languages, this dataset supplies the widest range of languages to-date for evaluating question answering. We benchmark a variety of state- of-the-art methods and baselines for generative and extractive question answering, trained on Natural Questions, in zero shot and translation settings. Results indicate this dataset is challenging even in English, but especially in low-resource languages.1|2021-01-01|2021|['Transactions of the Association for Computational Linguistics']
https://doi.org/10.1162/tacl_a_00438|Planning with Learned Entity Prompts for Abstractive Summarization|Abstract We introduce a simple but flexible mechanism to learn an intermediate plan to ground the generation of abstractive summaries. Specifically, we prepend (or prompt) target summaries with entity chains—ordered sequences of entities mentioned in the summary. Transformer-based sequence-to-sequence models are then trained to generate the entity chain and then continue generating the summary conditioned on the entity chain and the input. We experimented with both pretraining and finetuning with this content planning objective. When evaluated on CNN/DailyMail, XSum, SAMSum, and BillSum, we demonstrate empirically that the grounded generation with the planning objective improves entity specificity and planning in summaries for all datasets, and achieves state-of-the-art performance on XSum and SAMSum in terms of rouge. Moreover, we demonstrate empirically that planning with entity chains provides a mechanism to control hallucinations in abstractive summaries. By prompting the decoder with a modified content plan that drops hallucinated entities, we outperform state-of-the-art approaches for faithfulness when evaluated automatically and by humans.|2021-01-01|2021|['Transactions of the Association for Computational Linguistics']
https://doi.org/10.1162/tacl_a_00399|S<scp>oloist</scp>: BuildingTask Bots at Scale with Transfer Learning and Machine Teaching|Abstract We present a new method, Soloist,1 that uses transfer learning and machine teaching to build task bots at scale. We parameterize classical modular task-oriented dialog systems using a Transformer-based auto-regressive language model, which subsumes different dialog modules into a single neural model. We pre-train, on heterogeneous dialog corpora, a task-grounded response generation model, which can generate dialog responses grounded in user goals and real-world knowledge for task completion. The pre-trained model can be efficiently adapted to accomplish new tasks with a handful of task-specific dialogs via machine teaching, where training samples are generated by human teachers interacting with the system. Experiments show that (i)Soloist creates new state-of-the-art on well-studied task-oriented dialog benchmarks, including CamRest676 and MultiWOZ; (ii) in the few-shot fine-tuning settings, Soloist significantly outperforms existing methods; and (iii) the use of machine teaching substantially reduces the labeling cost of fine-tuning. The pre-trained models and codes are available at https://aka.ms/soloist.|2021-01-01|2021|['Transactions of the Association for Computational Linguistics']
https://doi.org/10.1162/tacl_a_00385|Decoupling the Role of Data, Attention, and Losses in Multimodal Transformers|Abstract Recently, multimodal transformer models have gained popularity because their performance on downstream tasks suggests they learn rich visual-linguistic representations. Focusing on zero-shot image retrieval tasks, we study three important factors that can impact the quality of learned representations: pretraining data, the attention mechanism, and loss functions. By pretraining models on six datasets, we observe that dataset noise and language similarity to our downstream task are important indicators of model performance. Through architectural analysis, we learn that models with a multimodal attention mechanism can outperform deeper models with modality-specific attention mechanisms. Finally, we show that successful contrastive losses used in the self-supervised learning literature do not yield similar performance gains when used in multimodal transformers.|2021-01-01|2021|['Transactions of the Association for Computational Linguistics']
https://doi.org/10.1162/tacl_a_00397|Towards Question-Answering as an Automatic Metric for Evaluating the Content Quality of a Summary|Abstract A desirable property of a reference-based evaluation metric that measures the content quality of a summary is that it should estimate how much information that summary has in common with a reference. Traditional text overlap based metrics such as ROUGE fail to achieve this because they are limited to matching tokens, either lexically or via embeddings. In this work, we propose a metric to evaluate the content quality of a summary using question-answering (QA). QA-based methods directly measure a summary’s information overlap with a reference, making them fundamentally different than text overlap metrics. We demonstrate the experimental benefits of QA-based metrics through an analysis of our proposed metric, QAEval. QAEval outperforms current state-of-the-art metrics on most evaluations using benchmark datasets, while being competitive on others due to limitations of state-of-the-art models. Through a careful analysis of each component of QAEval, we identify its performance bottlenecks and estimate that its potential upper-bound performance surpasses all other automatic metrics, approaching that of the gold-standard Pyramid Method.1|2021-01-01|2021|['Transactions of the Association for Computational Linguistics']
https://doi.org/10.1162/tacl_a_00371|Adaptive Semiparametric Language Models|Abstract We present a language model that combines a large parametric neural network (i.e., a transformer) with a non-parametric episodic memory component in an integrated architecture. Our model uses extended short-term context by caching local hidden states—similar to transformer-XL—and global long-term memory by retrieving a set of nearest neighbor tokens at each timestep. We design a gating function to adaptively combine multiple information sources to make a prediction. This mechanism allows the model to use either local context, short-term memory, or long-term memory (or any combination of them) on an ad hoc basis depending on the context. Experiments on word-based and character-based language modeling datasets demonstrate the efficacy of our proposed method compared to strong baselines.|2021-01-01|2021|['Transactions of the Association for Computational Linguistics']
https://doi.org/10.1162/tacl_a_00417|A Statistical Analysis of Summarization Evaluation Metrics Using Resampling Methods|Abstract The quality of a summarization evaluation metric is quantified by calculating the correlation between its scores and human annotations across a large number of summaries. Currently, it is unclear how precise these correlation estimates are, nor whether differences between two metrics’ correlations reflect a true difference or if it is due to mere chance. In this work, we address these two problems by proposing methods for calculating confidence intervals and running hypothesis tests for correlations using two resampling methods, bootstrapping and permutation. After evaluating which of the proposed methods is most appropriate for summarization through two simulation experiments, we analyze the results of applying these methods to several different automatic evaluation metrics across three sets of human annotations. We find that the confidence intervals are rather wide, demonstrating high uncertainty in the reliability of automatic metrics. Further, although many metrics fail to show statistical improvements over ROUGE, two recent works, QAEval and BERTScore, do so in some evaluation settings.1|2021-01-01|2021|['Transactions of the Association for Computational Linguistics']
https://doi.org/10.1162/tacl_a_00436|Differentiable Subset Pruning of Transformer Heads|Abstract Multi-head attention, a collection of several attention mechanisms that independently attend to different parts of the input, is the key ingredient in the Transformer. Recent work has shown, however, that a large proportion of the heads in a Transformer’s multi-head attention mechanism can be safely pruned away without significantly harming the performance of the model; such pruning leads to models that are noticeably smaller and faster in practice. Our work introduces a new head pruning technique that we term differentiable subset pruning. ntuitively, our method learns per- head importance variables and then enforces a user-specified hard constraint on the number of unpruned heads. he importance variables are learned via stochastic gradient descent. e conduct experiments on natural language inference and machine translation; we show that differentiable subset pruning performs comparably or better than previous works while offering precise control of the sparsity level.1|2021-01-01|2021|['Transactions of the Association for Computational Linguistics']
https://doi.org/10.1162/tacl_a_00400|Let’s Play<tt>Mono</tt>-<tt>Poly</tt>: BERT Can Reveal Words’ Polysemy Level and Partitionability into Senses|Pre-trained language models (LMs) encode rich information about linguistic structure but their knowledge about lexical polysemy remains unclear. We propose a novel experimental setup for analyzing this knowledge in LMs specifically trained for different languages (English, French, Spanish, and Greek) and in multilingual BERT. We perform our analysis on datasets carefully designed to reflect different sense distributions, and control for parameters that are highly correlated with polysemy such as frequency and grammatical category. We demonstrate that BERT-derived representations reflect words’ polysemy level and their partitionability into senses. Polysemy-related information is more clearly present in English BERT embeddings, but models in other languages also manage to establish relevant distinctions between words at different polysemy levels. Our results contribute to a better understanding of the knowledge encoded in contextualized representations and open up new avenues for multilingual lexical semantics research.|2021-01-01|2021|['Transactions of the Association for Computational Linguistics']
https://doi.org/10.1162/tacl_a_00368|EDITOR: An Edit-Based Transformer with Repositioning for Neural Machine Translation with Soft Lexical Constraints|Abstract We introduce an Edit-Based TransfOrmer with Repositioning (EDITOR), which makes sequence generation flexible by seamlessly allowing users to specify preferences in output lexical choice. Building on recent models for non-autoregressive sequence generation (Gu et al., 2019), EDITOR generates new sequences by iteratively editing hypotheses. It relies on a novel reposition operation designed to disentangle lexical choice from word positioning decisions, while enabling efficient oracles for imitation learning and parallel edits at decoding time. Empirically, EDITOR uses soft lexical constraints more effectively than the Levenshtein Transformer (Gu et al., 2019) while speeding up decoding dramatically compared to constrained beam search (Post and Vilar, 2018). EDITOR also achieves comparable or better translation quality with faster decoding speed than the Levenshtein Transformer on standard Romanian-English, English-German, and English-Japanese machine translation tasks.|2021-01-01|2021|['Transactions of the Association for Computational Linguistics']
https://doi.org/10.1162/tacl_a_00383|Characterizing English Variation across Social Media Communities with BERT|Abstract Much previous work characterizing language variation across Internet social groups has focused on the types of words used by these groups. We extend this type of study by employing BERT to characterize variation in the senses of words as well, analyzing two months of English comments in 474 Reddit communities. The specificity of different sense clusters to a community, combined with the specificity of a community’s unique word types, is used to identify cases where a social group’s language deviates from the norm. We validate our metrics using user-created glossaries and draw on sociolinguistic theories to connect language variation with trends in community behavior. We find that communities with highly distinctive language are medium-sized, and their loyal and highly engaged users interact in dense networks.|2021-01-01|2021|['Transactions of the Association for Computational Linguistics']
https://doi.org/10.1162/tacl_a_00392|Revisiting Few-shot Relation Classification: Evaluation Data and Classification Schemes|We explore few-shot learning (FSL) for relation classification (RC). Focusing on the realistic scenario of FSL, in which a test instance might not belong to any of the target categories (none-of-the-above, [NOTA]), we first revisit the recent popular dataset structure for FSL, pointing out its unrealistic data distribution. To remedy this, we propose a novel methodology for deriving more realistic few-shot test data from available datasets for supervised RC, and apply it to the TACRED dataset. This yields a new challenging benchmark for FSL-RC, on which state of the art models show poor performance. Next, we analyze classification schemes within the popular embedding-based nearest-neighbor approach for FSL, with respect to constraints they impose on the embedding space. Triggered by this analysis, we propose a novel classification scheme in which the NOTA category is represented as learned vectors, shown empirically to be an appealing option for FSL.|2021-01-01|2021|['Transactions of the Association for Computational Linguistics']
https://doi.org/10.1162/tacl_a_00430|On Generative Spoken Language Modeling from Raw Audio|Abstract We introduce Generative Spoken Language Modeling, the task of learning the acoustic and linguistic characteristics of a language from raw audio (no text, no labels), and a set of metrics to automatically evaluate the learned representations at acoustic and linguistic levels for both encoding and generation. We set up baseline systems consisting of a discrete speech encoder (returning pseudo-text units), a generative language model (trained on pseudo- text), and a speech decoder (generating a waveform from pseudo-text) all trained without supervision and validate the proposed metrics with human evaluation. Across 3 speech encoders (CPC, wav2vec 2.0, HuBERT), we find that the number of discrete units (50, 100, or 200) matters in a task-dependent and encoder- dependent way, and that some combinations approach text-based systems.1|2021-01-01|2021|['Transactions of the Association for Computational Linguistics']
https://doi.org/10.1162/tacl_a_00394|Classifying Argumentative Relations Using Logical Mechanisms and Argumentation Schemes|While argument mining has achieved significant success in classifying argumentative relations between statements (support, attack, and neutral), we have a limited computational understanding of logical mechanisms that constitute those relations. Most recent studies rely on black-box models, which are not as linguistically insightful as desired. On the other hand, earlier studies use rather simple lexical features, missing logical relations between statements. To overcome these limitations, our work classifies argumentative relations based on four logical and theory-informed mechanisms between two statements, namely, (i) factual consistency, (ii) sentiment coherence, (iii) causal relation, and (iv) normative relation. We demonstrate that our operationalization of these logical mechanisms classifies argumentative relations without directly training on data labeled with the relations, significantly better than several unsupervised baselines. We further demonstrate that these mechanisms also improve supervised classifiers through representation learning.|2021-01-01|2021|['Transactions of the Association for Computational Linguistics']
https://doi.org/10.1162/tacl_a_00442|Idiomatic Expression Identification using Semantic Compatibility|Abstract Idiomatic expressions are an integral part of natural language and constantly being added to a language. Owing to their non-compositionality and their ability to take on a figurative or literal meaning depending on the sentential context, they have been a classical challenge for NLP systems. To address this challenge, we study the task of detecting whether a sentence has an idiomatic expression and localizing it when it occurs in a figurative sense. Prior research for this task has studied specific classes of idiomatic expressions offering limited views of their generalizability to new idioms. We propose a multi-stage neural architecture with attention flow as a solution. The network effectively fuses contextual and lexical information at different levels using word and sub-word representations. Empirical evaluations on three of the largest benchmark datasets with idiomatic expressions of varied syntactic patterns and degrees of non-compositionality show that our proposed model achieves new state-of-the-art results. A salient feature of the model is its ability to identify idioms unseen during training with gains from 1.4% to 30.8% over competitive baselines on the largest dataset.|2021-01-01|2021|['Transactions of the Association for Computational Linguistics']
https://doi.org/10.1162/tacl_a_00386|Context-aware Adversarial Training for Name Regularity Bias in Named Entity Recognition|Abstract In this work, we examine the ability of NER models to use contextual information when predicting the type of an ambiguous entity. We introduce NRB, a new testbed carefully designed to diagnose Name Regularity Bias of NER models. Our results indicate that all state-of-the-art models we tested show such a bias; BERT fine-tuned models significantly outperforming feature-based (LSTM-CRF) ones on NRB, despite having comparable (sometimes lower) performance on standard benchmarks. To mitigate this bias, we propose a novel model-agnostic training method that adds learnable adversarial noise to some entity mentions, thus enforcing models to focus more strongly on the contextual signal, leading to significant gains on NRB. Combining it with two other training strategies, data augmentation and parameter freezing, leads to further gains.|2021-01-01|2021|['Transactions of the Association for Computational Linguistics']
https://doi.org/10.1162/tacl_a_00390|Pretraining the Noisy Channel Model for Task-Oriented Dialogue|Abstract Direct decoding for task-oriented dialogue is known to suffer from the explaining-away effect, manifested in models that prefer short and generic responses. Here we argue for the use of Bayes’ theorem to factorize the dialogue task into two models, the distribution of the context given the response, and the prior for the response itself. This approach, an instantiation of the noisy channel model, both mitigates the explaining-away effect and allows the principled incorporation of large pretrained models for the response prior. We present extensive experiments showing that a noisy channel model decodes better responses compared to direct decoding and that a two-stage pretraining strategy, employing both open-domain and task-oriented dialogue data, improves over randomly initialized models.|2021-01-01|2021|['Transactions of the Association for Computational Linguistics']
https://doi.org/10.1162/tacl_a_00388|Evaluating Document Coherence Modeling|Abstract While pretrained language models (LMs) have driven impressive gains over morpho-syntactic and semantic tasks, their ability to model discourse and pragmatic phenomena is less clear. As a step towards a better understanding of their discourse modeling capabilities, we propose a sentence intrusion detection task. We examine the performance of a broad range of pretrained LMs on this detection task for English. Lacking a dataset for the task, we introduce INSteD, a novel intruder sentence detection dataset, containing 170,000+ documents constructed from English Wikipedia and CNN news articles. Our experiments show that pretrained LMs perform impressively in in-domain evaluation, but experience a substantial drop in the cross-domain setting, indicating limited generalization capacity. Further results over a novel linguistic probe dataset show that there is substantial room for improvement, especially in the cross- domain setting.|2021-01-01|2021|['Transactions of the Association for Computational Linguistics']
https://doi.org/10.1162/tacl_a_00389|Self-supervised Regularization for Text Classification|Abstract Text classification is a widely studied problem and has broad applications. In many real-world problems, the number of texts for training classification models is limited, which renders these models prone to overfitting. To address this problem, we propose SSL-Reg, a data-dependent regularization approach based on self-supervised learning (SSL). SSL (Devlin et al., 2019a) is an unsupervised learning approach that defines auxiliary tasks on input data without using any human-provided labels and learns data representations by solving these auxiliary tasks. In SSL-Reg, a supervised classification task and an unsupervised SSL task are performed simultaneously. The SSL task is unsupervised, which is defined purely on input texts without using any human- provided labels. Training a model using an SSL task can prevent the model from being overfitted to a limited number of class labels in the classification task. Experiments on 17 text classification datasets demonstrate the effectiveness of our proposed method. Code is available at https://github.com/UCSD-AI4H/SSReg.|2021-01-01|2021|['Transactions of the Association for Computational Linguistics']
https://doi.org/10.1162/tacl_a_00411|Narrative Question Answering with Cutting-Edge Open-Domain QA Techniques: A Comprehensive Study|Abstract Recent advancements in open-domain question answering (ODQA), that is, finding answers from large open-domain corpus like Wikipedia, have led to human-level performance on many datasets. However, progress in QA over book stories (Book QA) lags despite its similar task formulation to ODQA. This work provides a comprehensive and quantitative analysis about the difficulty of Book QA: (1) We benchmark the research on the NarrativeQA dataset with extensive experiments with cutting-edge ODQA techniques. This quantifies the challenges Book QA poses, as well as advances the published state-of-the-art with a ∼7% absolute improvement on ROUGE-L. (2) We further analyze the detailed challenges in Book QA through human studies.1 Our findings indicate that the event-centric questions dominate this task, which exemplifies the inability of existing QA models to handle event-oriented scenarios.|2021-01-01|2021|['Transactions of the Association for Computational Linguistics']
https://doi.org/10.1162/tacl_a_00443|Word Representation Learning in Multimodal Pre-Trained Transformers: An Intrinsic Evaluation|Abstract This study carries out a systematic intrinsic evaluation of the semantic representations learned by state-of-the-art pre-trained multimodal Transformers. These representations are claimed to be task-agnostic and shown to help on many downstream language-and-vision tasks. However, the extent to which they align with human semantic intuitions remains unclear. We experiment with various models and obtain static word representations from the contextualized ones they learn. We then evaluate them against the semantic judgments provided by human speakers. In line with previous evidence, we observe a generalized advantage of multimodal representations over language- only ones on concrete word pairs, but not on abstract ones. On the one hand, this confirms the effectiveness of these models to align language and vision, which results in better semantic representations for concepts that are grounded in images. On the other hand, models are shown to follow different representation learning patterns, which sheds some light on how and when they perform multimodal integration.|2021-01-01|2021|['Transactions of the Association for Computational Linguistics']
https://doi.org/10.1162/tacl_a_00409|Maintaining Common Ground in Dynamic Environments|Abstract Common grounding is the process of creating and maintaining mutual understandings, which is a critical aspect of sophisticated human communication. While various task settings have been proposed in existing literature, they mostly focus on creating common ground under a static context and ignore the aspect of maintaining them overtime under dynamic context. In this work, we propose a novel task setting to study the ability of both creating and maintaining common ground in dynamic environments. Based on our minimal task formulation, we collected a large-scale dataset of 5,617 dialogues to enable fine-grained evaluation and analysis of various dialogue systems. Through our dataset analyses, we highlight novel challenges introduced in our setting, such as the usage of complex spatio-temporal expressions to create and maintain common ground. Finally, we conduct extensive experiments to assess the capabilities of our baseline dialogue system and discuss future prospects of our research.|2021-01-01|2021|['Transactions of the Association for Computational Linguistics']
https://doi.org/10.1162/tacl_a_00384|Dialogue State Tracking with Incremental Reasoning|Abstract Tracking dialogue states to better interpret user goals and feed downstream policy learning is a bottleneck in dialogue management. Common practice has been to treat it as a problem of classifying dialogue content into a set of pre-defined slot-value pairs, or generating values for different slots given the dialogue history. Both have limitations on considering dependencies that occur on dialogues, and are lacking of reasoning capabilities. This paper proposes to track dialogue states gradually with reasoning over dialogue turns with the help of the back-end data. Empirical results demonstrate that our method outperforms the state-of-the-art methods in terms of joint belief accuracy for MultiWOZ 2.1, a large-scale human--human dialogue dataset across multiple domains.|2021-01-01|2021|['Transactions of the Association for Computational Linguistics']
https://doi.org/10.1162/tacl_a_00361|Latent Compositional Representations Improve Systematic Generalization in Grounded Question Answering|Abstract Answering questions that involve multi-step reasoning requires decomposing them and using the answers of intermediate steps to reach the final answer. However, state-of-the-art models in grounded question answering often do not explicitly perform decomposition, leading to difficulties in generalization to out-of-distribution examples. In this work, we propose a model that computes a representation and denotation for all question spans in a bottom-up, compositional manner using a CKY-style parser. Our model induces latent trees, driven by end-to-end (the answer) supervision only. We show that this inductive bias towards tree structures dramatically improves systematic generalization to out-of- distribution examples, compared to strong baselines on an arithmetic expressions benchmark as well as on C losure, a dataset that focuses on systematic generalization for grounded question answering. On this challenging dataset, our model reaches an accuracy of 96.1%, significantly higher than prior models that almost perfectly solve the task on a random, in-distribution split.|2021-01-01|2021|['Transactions of the Association for Computational Linguistics']
https://doi.org/10.1162/tacl_a_00435|Weisfeiler-Leman in the <scp>Bamboo</scp>: Novel AMR Graph Metrics and a Benchmark for AMR Graph Similarity|Abstract Several metrics have been proposed for assessing the similarity of (abstract) meaning representations (AMRs), but little is known about how they relate to human similarity ratings. Moreover, the current metrics have complementary strengths and weaknesses: Some emphasize speed, while others make the alignment of graph structures explicit, at the price of a costly alignment step. In this work we propose new Weisfeiler-Leman AMR similarity metrics that unify the strengths of previous metrics, while mitigating their weaknesses. Specifically, our new metrics are able to match contextualized substructures and induce n:m alignments between their nodes. Furthermore, we introduce a Benchmark for AMR Metrics based on Overt Objectives (Bamboo), the first benchmark to support empirical assessment of graph-based MR similarity metrics. Bamboo maximizes the interpretability of results by defining multiple overt objectives that range from sentence similarity objectives to stress tests that probe a metric’s robustness against meaning-altering and meaning- preserving graph transformations. We show the benefits of Bamboo by profiling previous metrics and our own metrics. Results indicate that our novel metrics may serve as a strong baseline for future work.|2021-01-01|2021|['Transactions of the Association for Computational Linguistics']
https://doi.org/10.1162/tacl_a_00419|<scp>ParsiNLU</scp>: A Suite of Language Understanding Challenges for Persian|Abstract Despite the progress made in recent years in addressing natural language understanding (NLU) challenges, the majority of this progress remains to be concentrated on resource-rich languages like English. This work focuses on Persian language, one of the widely spoken languages in the world, and yet there are few NLU datasets available for this language. The availability of high-quality evaluation datasets is a necessity for reliable assessment of the progress on different NLU tasks and domains. We introduce ParsiNLU, the first benchmark in Persian language that includes a range of language understanding tasks—reading comprehension, textual entailment, and so on. These datasets are collected in a multitude of ways, often involving manual annotations by native speakers. This results in over 14.5k new instances across 6 distinct NLU tasks. Additionally, we present the first results on state-of-the-art monolingual and multilingual pre-trained language models on this benchmark and compare them with human performance, which provides valuable insights into our ability to tackle natural language understanding challenges in Persian. We hope ParsiNLU fosters further research and advances in Persian language understanding.1|2021-01-01|2021|['Transactions of the Association for Computational Linguistics']
https://doi.org/10.1162/tacl_a_00406|Unsupervised Abstractive Opinion Summarization by Generating Sentences with Tree-Structured Topic Guidance|Abstract This paper presents a novel unsupervised abstractive summarization method for opinionated texts. While the basic variational autoencoder-based models assume a unimodal Gaussian prior for the latent code of sentences, we alternate it with a recursive Gaussian mixture, where each mixture component corresponds to the latent code of a topic sentence and is mixed by a tree-structured topic distribution. By decoding each Gaussian component, we generate sentences with tree-structured topic guidance, where the root sentence conveys generic content, and the leaf sentences describe specific topics. Experimental results demonstrate that the generated topic sentences are appropriate as a summary of opinionated texts, which are more informative and cover more input contents than those generated by the recent unsupervised summarization model (Bražinskas et al., 2020). Furthermore, we demonstrate that the variance of latent Gaussians represents the granularity of sentences, analogous to Gaussian word embedding (Vilnis and McCallum, 2015).|2021-01-01|2021|['Transactions of the Association for Computational Linguistics']
https://doi.org/10.1162/tacl_a_00363|Infusing Finetuning with Semantic Dependencies|Abstract For natural language processing systems, two kinds of evidence support the use of text representations from neural language models “pretrained” on large unannotated corpora: performance on application-inspired benchmarks (Peters et al., 2018, inter alia), and the emergence of syntactic abstractions in those representations (Tenney et al., 2019, inter alia). On the other hand, the lack of grounded supervision calls into question how well these representations can ever capture meaning (Bender and Koller, 2020). We apply novel probes to recent language models— specifically focusing on predicate-argument structure as operationalized by semantic dependencies (Ivanova et al., 2012)—and find that, unlike syntax, semantics is not brought to the surface by today’s pretrained models. We then use convolutional graph encoders to explicitly incorporate semantic parses into task-specific finetuning, yielding benefits to natural language understanding (NLU) tasks in the GLUE benchmark. This approach demonstrates the potential for general-purpose (rather than task-specific) linguistic supervision, above and beyond conventional pretraining and finetuning. Several diagnostics help to localize the benefits of our approach.1|2021-01-01|2021|['Transactions of the Association for Computational Linguistics']
https://doi.org/10.1162/tacl_a_00431|Model Compression for Domain Adaptation through Causal Effect Estimation|Abstract Recent improvements in the predictive quality of natural language processing systems are often dependent on a substantial increase in the number of model parameters. This has led to various attempts of compressing such models, but existing methods have not considered the differences in the predictive power of various model components or in the generalizability of the compressed models. To understand the connection between model compression and out-of-distribution generalization, we define the task of compressing language representation models such that they perform best in a domain adaptation setting. We choose to address this problem from a causal perspective, attempting to estimate the average treatment effect (ATE) of a model component, such as a single layer, on the model’s predictions. Our proposed ATE-guided Model Compression scheme (AMoC), generates many model candidates, differing by the model components that were removed. Then, we select the best candidate through a stepwise regression model that utilizes the ATE to predict the expected performance on the target domain. AMoC outperforms strong baselines on dozens of domain pairs across three text classification and sequence tagging tasks.1|2021-01-01|2021|['Transactions of the Association for Computational Linguistics']
https://doi.org/10.1162/tacl_a_00427|Lexically Aware Semi-Supervised Learning for OCR Post-Correction|Abstract Much of the existing linguistic data in many languages of the world is locked away in non- digitized books and documents. Optical character recognition (OCR) can be used to produce digitized text, and previous work has demonstrated the utility of neural post-correction methods that improve the results of general- purpose OCR systems on recognition of less- well-resourced languages. However, these methods rely on manually curated post- correction data, which are relatively scarce compared to the non-annotated raw images that need to be digitized. In this paper, we present a semi-supervised learning method that makes it possible to utilize these raw images to improve performance, specifically through the use of self-training, a technique where a model is iteratively trained on its own outputs. In addition, to enforce consistency in the recognized vocabulary, we introduce a lexically aware decoding method that augments the neural post-correction model with a count-based language model constructed from the recognized texts, implemented using weighted finite-state automata (WFSA) for efficient and effective decoding. Results on four endangered languages demonstrate the utility of the proposed method, with relative error reductions of 15%–29%, where we find the combination of self-training and lexically aware decoding essential for achieving consistent improvements.1|2021-01-01|2021|['Transactions of the Association for Computational Linguistics']
https://doi.org/10.1162/tacl_a_00395|Revisiting Negation in Neural Machine Translation|In this paper, we evaluate the translation of negation both automatically and manually, in English–German (EN–DE) and English– Chinese (EN–ZH). We show that the ability of neural machine translation (NMT) models to translate negation has improved with deeper and more advanced networks, although the performance varies between language pairs and translation directions. The accuracy of manual evaluation in EN→DE, DE→EN, EN→ZH, and ZH→EN is 95.7%, 94.8%, 93.4%, and 91.7%, respectively. In addition, we show that under-translation is the most significant error type in NMT, which contrasts with the more diverse error profile previously observed for statistical machine translation. To better understand the root of the under-translation of negation, we study the model’s information flow and training data. While our information flow analysis does not reveal any deficiencies that could be used to detect or fix the under-translation of negation, we find that negation is often rephrased during training, which could make it more difficult for the model to learn a reliable link between source and target negation. We finally conduct intrinsic analysis and extrinsic probing tasks on negation, showing that NMT models can distinguish negation and non-negation tokens very well and encode a lot of information about negation in hidden states but nevertheless leave room for improvement.|2021-01-01|2021|['Transactions of the Association for Computational Linguistics']
https://doi.org/10.1162/tacl_a_00414|He Thinks He Knows Better than the Doctors: BERT for Event Factuality Fails on Pragmatics|Abstract We investigate how well BERT performs on predicting factuality in several existing English datasets, encompassing various linguistic constructions. Although BERT obtains a strong performance on most datasets, it does so by exploiting common surface patterns that correlate with certain factuality labels, and it fails on instances where pragmatic reasoning is necessary. Contrary to what the high performance suggests, we are still far from having a robust system for factuality prediction.|2021-01-01|2021|['Transactions of the Association for Computational Linguistics']
https://doi.org/10.1162/tacl_a_00382|Optimizing over subsequences generates context-sensitive languages|Abstract Phonological generalizations are finite-state. While Optimality Theory is a popular framework for modeling phonology, it is known to generate non-finite-state mappings and languages. This paper demonstrates that Optimality Theory is capable of generating non-context-free languages, contributing to the characterization of its generative capacity. This is achieved with minimal modification to the theory as it is standardly employed.|2021-01-01|2021|['Transactions of the Association for Computational Linguistics']
https://doi.org/10.1162/tacl_a_00378|A Computational Framework for Slang Generation|Abstract Slang is a common type of informal language, but its flexible nature and paucity of data resources present challenges for existing natural language systems. We take an initial step toward machine generation of slang by developing a framework that models the speaker’s word choice in slang context. Our framework encodes novel slang meaning by relating the conventional and slang senses of a word while incorporating syntactic and contextual knowledge in slang usage. We construct the framework using a combination of probabilistic inference and neural contrastive learning. We perform rigorous evaluations on three slang dictionaries and show that our approach not only outperforms state-of-the-art language models, but also better predicts the historical emergence of slang word usages from 1960s to 2000s. We interpret the proposed models and find that the contrastively learned semantic space is sensitive to the similarities between slang and conventional senses of words. Our work creates opportunities for the automated generation and interpretation of informal language.|2021-01-01|2021|['Transactions of the Association for Computational Linguistics']
https://doi.org/10.1162/tacl_a_00391|Efficient Computation of Expectations under Spanning Tree Distributions|Abstract We give a general framework for inference in spanning tree models. We propose unified algorithms for the important cases of first-order expectations and second-order expectations in edge-factored, non-projective spanning-tree models. Our algorithms exploit a fundamental connection between gradients and expectations, which allows us to derive efficient algorithms. These algorithms are easy to implement with or without automatic differentiation software. We motivate the development of our framework with several cautionary tales of previous research, which has developed numerous inefficient algorithms for computing expectations and their gradients. We demonstrate how our framework efficiently computes several quantities with known algorithms, including the expected attachment score, entropy, and generalized expectation criteria. As a bonus, we give algorithms for quantities that are missing in the literature, including the KL divergence. In all cases, our approach matches the efficiency of existing algorithms and, in several cases, reduces the runtime complexity by a factor of the sentence length. We validate the implementation of our framework through runtime experiments. We find our algorithms are up to 15 and 9 times faster than previous algorithms for computing the Shannon entropy and the gradient of the generalized expectation objective, respectively.|2021-01-01|2021|['Transactions of the Association for Computational Linguistics']
https://doi.org/10.1162/tacl_a_00428|Continual Learning for Grounded Instruction Generation by Observing Human Following Behavior|Abstract We study continual learning for natural language instruction generation, by observing human users’ instruction execution. We focus on a collaborative scenario, where the system both acts and delegates tasks to human users using natural language. We compare user execution of generated instructions to the original system intent as an indication to the system’s success communicating its intent. We show how to use this signal to improve the system’s ability to generate instructions via contextual bandit learning. In interaction with real users, our system demonstrates dramatic improvements in its ability to generate language over time.|2021-01-01|2021|['Transactions of the Association for Computational Linguistics']
https://doi.org/10.1162/tacl_a_00429|Partially Supervised Named Entity Recognition via the Expected Entity Ratio Loss|Abstract We study learning named entity recognizers in the presence of missing entity annotations. We approach this setting as tagging with latent variables and propose a novel loss, the Expected Entity Ratio, to learn models in the presence of systematically missing tags. We show that our approach is both theoretically sound and empirically useful. Experimentally, we find that it meets or exceeds performance of strong and state-of-the-art baselines across a variety of languages, annotation scenarios, and amounts of labeled data. In particular, we find that it significantly outperforms the previous state-of-the-art methods from Mayhew et al. (2019) and Li et al. (2021) by +12.7 and +2.3 F1 score in a challenging setting with only 1,000 biased annotations, averaged across 7 datasets. We also show that, when combined with our approach, a novel sparse annotation scheme outperforms exhaustive annotation for modest annotation budgets.1|2021-01-01|2021|['Transactions of the Association for Computational Linguistics']
https://doi.org/10.1162/tacl_a_00402|Neural Event Semantics for Grounded Language Understanding|Abstract We present a new conjunctivist framework, neural event semantics (NES), for compositional grounded language understanding. Our approach treats all words as classifiers that compose to form a sentence meaning by multiplying output scores. These classifiers apply to spatial regions (events) and NES derives its semantic structure from language by routing events to different classifier argument inputs via soft attention. NES is trainable end-to-end by gradient descent with minimal supervision. We evaluate our method on compositional grounded language tasks in controlled synthetic and real-world settings. NES offers stronger generalization capability than standard function-based compositional frameworks, while improving accuracy over state-of-the-art neural methods on real-world language tasks.|2021-01-01|2021|['Transactions of the Association for Computational Linguistics']
https://doi.org/10.1162/tacl_a_00372|Unsupervised Learning of KB Queries in Task-Oriented Dialogs|Abstract Task-oriented dialog (TOD) systems often need to formulate knowledge base (KB) queries corresponding to the user intent and use the query results to generate system responses. Existing approaches require dialog datasets to explicitly annotate these KB queries—these annotations can be time consuming, and expensive. In response, we define the novel problems of predicting the KB query and training the dialog agent, without explicit KB query annotation. For query prediction, we propose a reinforcement learning (RL) baseline, which rewards the generation of those queries whose KB results cover the entities mentioned in subsequent dialog. Further analysis reveals that correlation among query attributes in KB can significantly confuse memory augmented policy optimization (MAPO), an existing state of the art RL agent. To address this, we improve the MAPO baseline with simple but important modifications suited to our task. To train the full TOD system for our setting, we propose a pipelined approach: it independently predicts when to make a KB query (query position predictor), then predicts a KB query at the predicted position (query predictor), and uses the results of predicted query in subsequent dialog (next response predictor). Overall, our work proposes first solutions to our novel problem, and our analysis highlights the research challenges in training TOD systems without query annotation.|2021-01-01|2021|['Transactions of the Association for Computational Linguistics']
https://doi.org/10.1162/tacl_a_00376|An Error Analysis Framework for Shallow Surface Realization|Abstract The metrics standardly used to evaluate Natural Language Generation (NLG) models, such as BLEU or METEOR, fail to provide information on which linguistic factors impact performance. Focusing on Surface Realization (SR), the task of converting an unordered dependency tree into a well-formed sentence, we propose a framework for error analysis which permits identifying which features of the input affect the models’ results. This framework consists of two main components: (i) correlation analyses between a wide range of syntactic metrics and standard performance metrics and (ii) a set of techniques to automatically identify syntactic constructs that often co-occur with low performance scores. We demonstrate the advantages of our framework by performing error analysis on the results of 174 system runs submitted to the Multilingual SR shared tasks; we show that dependency edge accuracy correlate with automatic metrics thereby providing a more interpretable basis for evaluation; and we suggest ways in which our framework could be used to improve models and data. The framework is available in the form of a toolkit which can be used both by campaign organizers to provide detailed, linguistically interpretable feedback on the state of the art in multilingual SR, and by individual researchers to improve models and datasets.1|2021-01-01|2021|['Transactions of the Association for Computational Linguistics']
https://doi.org/10.1162/tacl_a_00387|There Once Was a Really Bad Poet, It Was Automated but You Didn’t Know It|Abstract Limerick generation exemplifies some of the most difficult challenges faced in poetry generation, as the poems must tell a story in only five lines, with constraints on rhyme, stress, and meter. To address these challenges, we introduce LimGen, a novel and fully automated system for limerick generation that outperforms state-of-the-art neural network-based poetry models, as well as prior rule-based poetry models. LimGen consists of three important pieces: the Adaptive Multi-Templated Constraint algorithm that constrains our search to the space of realistic poems, the Multi-Templated Beam Search algorithm which searches efficiently through the space, and the probabilistic Storyline algorithm that provides coherent storylines related to a user-provided prompt word. The resulting limericks satisfy poetic constraints and have thematically coherent storylines, which are sometimes even funny (when we are lucky).|2021-01-01|2021|['Transactions of the Association for Computational Linguistics']
https://doi.org/10.1162/tacl_a_00426|Structured Self-Supervised Pretraining for Commonsense Knowledge Graph Completion|Abstract To develop commonsense-grounded NLP applications, a comprehensive and accurate commonsense knowledge graph (CKG) is needed. It is time-consuming to manually construct CKGs and many research efforts have been devoted to the automatic construction of CKGs. Previous approaches focus on generating concepts that have direct and obvious relationships with existing concepts and lack an capability to generate unobvious concepts. In this work, we aim to bridge this gap. We propose a general graph-to-paths pretraining framework that leverages high-order structures in CKGs to capture high-order relationships between concepts. We instantiate this general framework to four special cases: long path, path-to-path, router, and graph-node-path. Experiments on two datasets demonstrate the effectiveness of our methods. The code will be released via the public GitHub repository.|2021-01-01|2021|['Transactions of the Association for Computational Linguistics']
https://doi.org/10.1162/tacl_a_00393|Strong Equivalence of TAG and CCG|Tree-adjoining grammar (TAG) and combinatory categorial grammar (CCG) are two well-established mildly context-sensitive grammar formalisms that are known to have the same expressive power on strings (i.e., generate the same class of string languages). It is demonstrated that their expressive power on trees also essentially coincides. In fact, CCG without lexicon entries for the empty string and only first-order rules of degree at most 2 are sufficient for its full expressive power.|2021-01-01|2021|['Transactions of the Association for Computational Linguistics']
https://doi.org/10.1162/tacl_a_00439|Instance-Based Neural Dependency Parsing|Abstract Interpretable rationales for model predictions are crucial in practical applications. We develop neural models that possess an interpretable inference process for dependency parsing. Our models adopt instance-based inference, where dependency edges are extracted and labeled by comparing them to edges in a training set. The training edges are explicitly used for the predictions; thus, it is easy to grasp the contribution of each edge to the predictions. Our experiments show that our instance-based models achieve competitive accuracy with standard neural models and have the reasonable plausibility of instance-based explanations.|2021-01-01|2021|['Transactions of the Association for Computational Linguistics']
https://doi.org/10.1162/tacl_a_00425|Quantifying Social Biases in NLP: A Generalization and Empirical Comparison of Extrinsic Fairness Metrics|Abstract Measuring bias is key for better understanding and addressing unfairness in NLP/ML models. This is often done via fairness metrics, which quantify the differences in a model’s behaviour across a range of demographic groups. In this work, we shed more light on the differences and similarities between the fairness metrics used in NLP. First, we unify a broad range of existing metrics under three generalized fairness metrics, revealing the connections between them. Next, we carry out an extensive empirical comparison of existing metrics and demonstrate that the observed differences in bias measurement can be systematically explained via differences in parameter choices for our generalized metrics.|2021-01-01|2021|['Transactions of the Association for Computational Linguistics']
https://doi.org/10.1162/tacl_a_00356|Augmenting Transformers with KNN-Based Composite Memory for Dialog|Various machine learning tasks can benefit from access to external information of different modalities, such as text and images. Recent work has focused on learning architectures with large memories capable of storing this knowledge. We propose augmenting generative Transformer neural networks with KNN-based Information Fetching (KIF) modules. Each KIF module learns a read operation to access fixed external knowledge. We apply these modules to generative dialog modeling, a challenging task where information must be flexibly retrieved and incorporated to maintain the topic and flow of conversation. We demonstrate the effectiveness of our approach by identifying relevant knowledge required for knowledgeable but engaging dialog from Wikipedia, images, and human-written dialog utterances, and show that leveraging this retrieved information improves model performance, measured by automatic and human evaluation.|2021-02-01|2021|['Transactions of the Association for Computational Linguistics']
https://doi.org/10.1162/tacl_a_00354|Deciphering Undersegmented Ancient Scripts Using Phonetic Prior|Most undeciphered lost languages exhibit two characteristics that pose significant decipherment challenges: (1) the scripts are not fully segmented into words; (2) the closest known language is not determined. We propose a decipherment model that handles both of these challenges by building on rich linguistic constraints reflecting consistent patterns in historical sound change. We capture the natural phonological geometry by learning character embeddings based on the International Phonetic Alphabet (IPA). The resulting generative framework jointly models word segmentation and cognate alignment, informed by phonological constraints. We evaluate the model on both deciphered languages (Gothic, Ugaritic) and an undeciphered one (Iberian). The experiments show that incorporating phonetic geometry leads to clear and consistent gains. Additionally, we propose a measure for language closeness which correctly identifies related languages for Gothic and Ugaritic. For Iberian, the method does not show strong evidence supporting Basque as a related language, concurring with the favored position by the current scholarship. 1|2021-02-01|2021|['Transactions of the Association for Computational Linguistics']
https://doi.org/10.1162/tacl_a_00351|Revisiting Multi-Domain Machine Translation|When building machine translation systems, one often needs to make the best out of heterogeneous sets of parallel data in training, and to robustly handle inputs from unexpected domains in testing. This multi-domain scenario has attracted a lot of recent work that fall under the general umbrella of transfer learning. In this study, we revisit multi-domain machine translation, with the aim to formulate the motivations for developing such systems and the associated expectations with respect to performance. Our experiments with a large sample of multi-domain systems show that most of these expectations are hardly met and suggest that further work is needed to better analyze the current behaviour of multi-domain systems and to make them fully hold their promises.|2021-02-01|2021|['Transactions of the Association for Computational Linguistics']
https://doi.org/10.1162/tacl_a_00357|Modeling Content and Context with Deep Relational Learning|Building models for realistic natural language tasks requires dealing with long texts and accounting for complicated structural dependencies. Neural-symbolic representations have emerged as a way to combine the reasoning capabilities of symbolic methods, with the expressiveness of neural networks. However, most of the existing frameworks for combining neural and symbolic representations have been designed for classic relational learning tasks that work over a universe of symbolic entities and relations. In this paper, we present DRaiL, an open-source declarative framework for specifying deep relational models, designed to support a variety of NLP scenarios. Our framework supports easy integration with expressive language encoders, and provides an interface to study the interactions between representation, inference and learning.|2021-02-01|2021|['Transactions of the Association for Computational Linguistics']
https://doi.org/10.1162/tacl_a_00358|Recursive Non-Autoregressive Graph-to-Graph Transformer for Dependency Parsing with Iterative Refinement|We propose the Recursive Non-autoregressive Graph-to-Graph Transformer architecture (RNGTr) for the iterative refinement of arbitrary graphs through the recursive application of a non-autoregressive Graph-to-Graph Transformer and apply it to syntactic dependency parsing. We demonstrate the power and effectiveness of RNGTr on several dependency corpora, using a refinement model pre-trained with BERT. We also introduce Syntactic Transformer (SynTr), a non-recursive parser similar to our refinement model. RNGTr can improve the accuracy of a variety of initial parsers on 13 languages from the Universal Dependencies Treebanks, English and Chinese Penn Treebanks, and the German CoNLL2009 corpus, even improving over the new state-of-the-art results achieved by SynTr, significantly improving the state-of-the-art for all corpora tested.|2021-02-01|2021|['Transactions of the Association for Computational Linguistics']
https://doi.org/10.1162/tacl_a_00360|KEPLER: A Unified Model for Knowledge Embedding and Pre-trained Language Representation|Abstract Pre-trained language representation models (PLMs) cannot well capture factual knowledge from text. In contrast, knowledge embedding (KE) methods can effectively represent the relational facts in knowledge graphs (KGs) with informative entity embeddings, but conventional KE models cannot take full advantage of the abundant textual information. In this paper, we propose a unified model for Knowledge Embedding and Pre-trained LanguagERepresentation (KEPLER), which can not only better integrate factual knowledge into PLMs but also produce effective text-enhanced KE with the strong PLMs. In KEPLER, we encode textual entity descriptions with a PLM as their embeddings, and then jointly optimize the KE and language modeling objectives. Experimental results show that KEPLER achieves state-of-the-art performances on various NLP tasks, and also works remarkably well as an inductive KE model on KG link prediction. Furthermore, for pre-training and evaluating KEPLER, we construct Wikidata5M1 , a large-scale KG dataset with aligned entity descriptions, and benchmark state-of-the-art KE methods on it. It shall serve as a new KE benchmark and facilitate the research on large KG, inductive KE, and KG with text. The source code can be obtained from https://github.com/THU-KEG/KEPLER.|2021-03-01|2021|['Transactions of the Association for Computational Linguistics']
https://doi.org/10.1162/tacl_a_00359|Amnesic Probing: Behavioral Explanation with Amnesic Counterfactuals|Abstract A growing body of work makes use of probing in order to investigate the working of neural models, often considered black boxes. Recently, an ongoing debate emerged surrounding the limitations of the probing paradigm. In this work, we point out the inability to infer behavioral conclusions from probing results, and offer an alternative method that focuses on how the information is being used, rather than on what information is encoded. Our method, Amnesic Probing, follows the intuition that the utility of a property for a given task can be assessed by measuring the influence of a causal intervention that removes it from the representation. Equipped with this new analysis tool, we can ask questions that were not possible before, for example, is part-of-speech information important for word prediction? We perform a series of analyses on BERT to answer these types of questions. Our findings demonstrate that conventional probing performance is not correlated to task importance, and we call for increased scrutiny of claims that draw behavioral or causal conclusions from probing results.1|2021-03-11|2021|['Transactions of the Association for Computational Linguistics']
https://doi.org/10.1162/tacl_a_00362|WikiAsp: A Dataset for Multi-domain Aspect-based Summarization|Abstract Aspect-based summarization is the task of generating focused summaries based on specific points of interest. Such summaries aid efficient analysis of text, such as quickly understanding reviews or opinions from different angles. However, due to large differences in the type of aspects for different domains (e.g., sentiment, product features), the development of previous models has tended to be domain-specific. In this paper, we propose WikiAsp,1 a large-scale dataset for multi-domain aspect- based summarization that attempts to spur research in the direction of open-domain aspect-based summarization. Specifically, we build the dataset using Wikipedia articles from 20 different domains, using the section titles and boundaries of each article as a proxy for aspect annotation. We propose several straightforward baseline models for this task and conduct experiments on the dataset. Results highlight key challenges that existing summarization models face in this setting, such as proper pronoun handling of quoted sources and consistent explanation of time-sensitive events.|2021-03-11|2021|['Transactions of the Association for Computational Linguistics']
https://doi.org/10.1162/tacl_a_00365|Morphology Matters: A Multilingual Language Modeling Analysis|Abstract Prior studies in multilingual language modeling (e.g., Cotterell et al., 2018; Mielke et al., 2019) disagree on whether or not inflectional morphology makes languages harder to model. We attempt to resolve the disagreement and extend those studies. We compile a larger corpus of 145 Bible translations in 92 languages and a larger number of typological features.1 We fill in missing typological data for several languages and consider corpus-based measures of morphological complexity in addition to expert-produced typological features. We find that several morphological measures are significantly associated with higher surprisal when LSTM models are trained with BPE-segmented data. We also investigate linguistically motivated subword segmentation strategies like Morfessor and Finite-State Transducers (FSTs) and find that these segmentation strategies yield better performance and reduce the impact of a language’s morphology on language modeling.|2021-03-17|2021|['Transactions of the Association for Computational Linguistics']
https://doi.org/10.1162/tacl_a_00454|A Survey on Automated Fact-Checking|Abstract Fact-checking has become increasingly important due to the speed with which both information and misinformation can spread in the modern media ecosystem. Therefore, researchers have been exploring how fact-checking can be automated, using techniques based on natural language processing, machine learning, knowledge representation, and databases to automatically predict the veracity of claims. In this paper, we survey automated fact-checking stemming from natural language processing, and discuss its connections to related tasks and disciplines. In this process, we present an overview of existing datasets and models, aiming to unify the various definitions given and identify common concepts. Finally, we highlight challenges for future research.|2022-01-01|2022|['Transactions of the Association for Computational Linguistics']
https://doi.org/10.1162/tacl_a_00461|ByT5: Towards a Token-Free Future with Pre-trained Byte-to-Byte Models|Abstract Most widely used pre-trained language models operate on sequences of tokens corresponding to word or subword units. By comparison, token-free models that operate directly on raw text (bytes or characters) have many benefits: They can process text in any language out of the box, they are more robust to noise, and they minimize technical debt by removing complex and error-prone text preprocessing pipelines. Because byte or character sequences are longer than token sequences, past work on token-free models has often introduced new model architectures designed to amortize the cost of operating directly on raw text. In this paper, we show that a standard Transformer architecture can be used with minimal modifications to process byte sequences. We characterize the trade-offs in terms of parameter count, training FLOPs, and inference speed, and show that byte-level models are competitive with their token-level counterparts. We also demonstrate that byte-level models are significantly more robust to noise and perform better on tasks that are sensitive to spelling and pronunciation. As part of our contribution, we release a new set of pre-trained byte-level Transformer models based on the T5 architecture, as well as all code and data used in our experiments.1|2022-01-01|2022|['Transactions of the Association for Computational Linguistics']
https://doi.org/10.1162/tacl_a_00449|Dealing with Disagreements: Looking Beyond the Majority Vote in Subjective Annotations|Abstract Majority voting and averaging are common approaches used to resolve annotator disagreements and derive single ground truth labels from multiple annotations. However, annotators may systematically disagree with one another, often reflecting their individual biases and values, especially in the case of subjective tasks such as detecting affect, aggression, and hate speech. Annotator disagreements may capture important nuances in such tasks that are often ignored while aggregating annotations to a single ground truth. In order to address this, we investigate the efficacy of multi-annotator models. In particular, our multi-task based approach treats predicting each annotators’ judgements as separate subtasks, while sharing a common learned representation of the task. We show that this approach yields same or better performance than aggregating labels in the data prior to training across seven different binary classification tasks. Our approach also provides a way to estimate uncertainty in predictions, which we demonstrate better correlate with annotation disagreements than traditional methods. Being able to model uncertainty is especially useful in deployment scenarios where knowing when not to make a prediction is important.|2022-01-01|2022|['Transactions of the Association for Computational Linguistics']
https://doi.org/10.1162/tacl_a_00511|Causal Inference in Natural Language Processing: Estimation, Prediction, Interpretation and Beyond|Abstract A fundamental goal of scientific research is to learn about causal relationships. However, despite its critical role in the life and social sciences, causality has not had the same importance in Natural Language Processing (NLP), which has traditionally placed more emphasis on predictive tasks. This distinction is beginning to fade, with an emerging area of interdisciplinary research at the convergence of causal inference and language processing. Still, research on causality in NLP remains scattered across domains without unified definitions, benchmark datasets and clear articulations of the challenges and opportunities in the application of causal inference to the textual domain, with its unique properties. In this survey, we consolidate research across academic areas and situate it in the broader NLP landscape. We introduce the statistical challenge of estimating causal effects with text, encompassing settings where text is used as an outcome, treatment, or to address confounding. In addition, we explore potential uses of causal inference to improve the robustness, fairness, and interpretability of NLP models. We thus provide a unified overview of causal inference for the NLP community.1|2022-01-01|2022|['Transactions of the Association for Computational Linguistics']
https://doi.org/10.1162/tacl_a_00474|The <scp>Flores-101</scp> Evaluation Benchmark for Low-Resource and Multilingual Machine Translation|Abstract One of the biggest challenges hindering progress in low-resource and multilingual machine translation is the lack of good evaluation benchmarks. Current evaluation benchmarks either lack good coverage of low-resource languages, consider only restricted domains, or are low quality because they are constructed using semi-automatic procedures. In this work, we introduce the Flores-101 evaluation benchmark, consisting of 3001 sentences extracted from English Wikipedia and covering a variety of different topics and domains. These sentences have been translated in 101 languages by professional translators through a carefully controlled process. The resulting dataset enables better assessment of model quality on the long tail of low-resource languages, including the evaluation of many-to-many multilingual translation systems, as all translations are fully aligned. By publicly releasing such a high-quality and high-coverage dataset, we hope to foster progress in the machine translation community and beyond.|2022-01-01|2022|['Transactions of the Association for Computational Linguistics']
https://doi.org/10.1162/tacl_a_00453|<scp>SummaC</scp>: Re-Visiting NLI-based Models for Inconsistency Detection in Summarization|Abstract In the summarization domain, a key requirement for summaries is to be factually consistent with the input document. Previous work has found that natural language inference (NLI) models do not perform competitively when applied to inconsistency detection. In this work, we revisit the use of NLI for inconsistency detection, finding that past work suffered from a mismatch in input granularity between NLI datasets (sentence-level), and inconsistency detection (document level). We provide a highly effective and light-weight method called SummaCConv that enables NLI models to be successfully used for this task by segmenting documents into sentence units and aggregating scores between pairs of sentences. We furthermore introduce a new benchmark called SummaC (Summary Consistency) which consists of six large inconsistency detection datasets. On this dataset, SummaCConv obtains state-of-the-art results with a balanced accuracy of 74.4%, a 5% improvement compared with prior work.|2022-01-01|2022|['Transactions of the Association for Computational Linguistics']
https://doi.org/10.1162/tacl_a_00475|♫ MuSiQue: Multihop Questions via Single-hop Question Composition|Abstract Multihop reasoning remains an elusive goal as existing multihop benchmarks are known to be largely solvable via shortcuts. Can we create a question answering (QA) dataset that, by construction, requires proper multihop reasoning? To this end, we introduce a bottom–up approach that systematically selects composable pairs of single-hop questions that are connected, that is, where one reasoning step critically relies on information from another. This bottom–up methodology lets us explore a vast space of questions and add stringent filters as well as other mechanisms targeting connected reasoning. It provides fine-grained control over the construction process and the properties of the resulting k-hop questions. We use this methodology to create MuSiQue-Ans, a new multihop QA dataset with 25K 2–4 hop questions. Relative to existing datasets, MuSiQue-Ans is more difficult overall (3× increase in human–machine gap), and harder to cheat via disconnected reasoning (e.g., a single-hop model has a 30-point drop in F1). We further add unanswerable contrast questions to produce a more stringent dataset, MuSiQue-Full. We hope our datasets will help the NLP community develop models that perform genuine multihop reasoning.1|2022-01-01|2022|['Transactions of the Association for Computational Linguistics']
https://doi.org/10.1162/tacl_a_00447|Quality at a Glance: An Audit of Web-Crawled Multilingual Datasets|Abstract With the success of large-scale pre-training and multilingual modeling in Natural Language Processing (NLP), recent years have seen a proliferation of large, Web-mined text datasets covering hundreds of languages. We manually audit the quality of 205 language-specific corpora released with five major public datasets (CCAligned, ParaCrawl, WikiMatrix, OSCAR, mC4). Lower-resource corpora have systematic issues: At least 15 corpora have no usable text, and a significant fraction contains less than 50% sentences of acceptable quality. In addition, many are mislabeled or use nonstandard/ambiguous language codes. We demonstrate that these issues are easy to detect even for non-proficient speakers, and supplement the human audit with automatic analyses. Finally, we recommend techniques to evaluate and improve multilingual corpora and discuss potential risks that come with low-quality data releases.|2022-01-01|2022|['Transactions of the Association for Computational Linguistics']
https://doi.org/10.1162/tacl_a_00452|<i>Samanantar</i>: The Largest Publicly Available Parallel Corpora Collection for 11 Indic Languages|Abstract We present Samanantar, the largest publicly available parallel corpora collection for Indic languages. The collection contains a total of 49.7 million sentence pairs between English and 11 Indic languages (from two language families). Specifically, we compile 12.4 million sentence pairs from existing, publicly available parallel corpora, and additionally mine 37.4 million sentence pairs from the Web, resulting in a 4× increase. We mine the parallel sentences from the Web by combining many corpora, tools, and methods: (a) Web-crawled monolingual corpora, (b) document OCR for extracting sentences from scanned documents, (c) multilingual representation models for aligning sentences, and (d) approximate nearest neighbor search for searching in a large collection of sentences. Human evaluation of samples from the newly mined corpora validate the high quality of the parallel sentences across 11 languages. Further, we extract 83.4 million sentence pairs between all 55 Indic language pairs from the English-centric parallel corpus using English as the pivot language. We trained multilingual NMT models spanning all these languages on Samanantar which outperform existing models and baselines on publicly available benchmarks, such as FLORES, establishing the utility of Samanantar. Our data and models are available publicly at Samanantar and we hope they will help advance research in NMT and multilingual NLP for Indic languages.|2022-01-01|2022|['Transactions of the Association for Computational Linguistics']
https://doi.org/10.1162/tacl_a_00448|<scp>Canine</scp>: Pre-training an Efficient Tokenization-Free Encoder for Language Representation|Abstract Pipelined NLP systems have largely been superseded by end-to-end neural modeling, yet nearly all commonly used models still require an explicit tokenization step. While recent tokenization approaches based on data-derived subword lexicons are less brittle than manually engineered tokenizers, these techniques are not equally suited to all languages, and the use of any fixed vocabulary may limit a model’s ability to adapt. In this paper, we present Canine, a neural encoder that operates directly on character sequences—without explicit tokenization or vocabulary—and a pre-training strategy that operates either directly on characters or optionally uses subwords as a soft inductive bias. To use its finer-grained input effectively and efficiently, Canine combines downsampling, which reduces the input sequence length, with a deep transformer stack, which encodes context. Canine outperforms a comparable mBert model by 5.7 F1 on TyDi QA, a challenging multilingual benchmark, despite having fewer model parameters.|2022-01-01|2022|['Transactions of the Association for Computational Linguistics']
https://doi.org/10.1162/tacl_a_00446|FeTaQA: Free-form Table Question Answering|Abstract Existing table question answering datasets contain abundant factual questions that primarily evaluate a QA system’s comprehension of query and tabular data. However, restricted by their short-form answers, these datasets fail to include question–answer interactions that represent more advanced and naturally occurring information needs: questions that ask for reasoning and integration of information pieces retrieved from a structured knowledge source. To complement the existing datasets and to reveal the challenging nature of the table-based question answering task, we introduce FeTaQA, a new dataset with 10K Wikipedia-based {table, question, free-form answer, supporting table cells} pairs. FeTaQA is collected from noteworthy descriptions of Wikipedia tables that contain information people tend to seek; generation of these descriptions requires advanced processing that humans perform on a daily basis: Understand the question and table, retrieve, integrate, infer, and conduct text planning and surface realization to generate an answer. We provide two benchmark methods for the proposed task: a pipeline method based on semantic parsing-based QA systems and an end-to-end method based on large pretrained text generation models, and show that FeTaQA poses a challenge for both methods.|2022-01-01|2022|['Transactions of the Association for Computational Linguistics']
https://doi.org/10.1162/tacl_a_00460|Multilingual Autoregressive Entity Linking|Abstract We present mGENRE, a sequence-to- sequence system for the Multilingual Entity Linking (MEL) problem—the task of resolving language-specific mentions to a multilingual Knowledge Base (KB). For a mention in a given language, mGENRE predicts the name of the target entity left-to-right, token-by-token in an autoregressive fashion. The autoregressive formulation allows us to effectively cross-encode mention string and entity names to capture more interactions than the standard dot product between mention and entity vectors. It also enables fast search within a large KB even for mentions that do not appear in mention tables and with no need for large-scale vector indices. While prior MEL works use a single representation for each entity, we match against entity names of as many languages as possible, which allows exploiting language connections between source input and target name. Moreover, in a zero-shot setting on languages with no training data at all, mGENRE treats the target language as a latent variable that is marginalized at prediction time. This leads to over 50% improvements in average accuracy. We show the efficacy of our approach through extensive evaluation including experiments on three popular MEL benchmarks where we establish new state-of-the-art results. Source code available at https://github.com/facebookresearch/GENRE.|2022-01-01|2022|['Transactions of the Association for Computational Linguistics']
https://doi.org/10.1162/tacl_a_00471|TopiOCQA: Open-domain Conversational Question Answering with Topic Switching|Abstract In a conversational question answering scenario, a questioner seeks to extract information about a topic through a series of interdependent questions and answers. As the conversation progresses, they may switch to related topics, a phenomenon commonly observed in information-seeking search sessions. However, current datasets for conversational question answering are limiting in two ways: 1) they do not contain topic switches; and 2) they assume the reference text for the conversation is given, that is, the setting is not open-domain. We introduce TopiOCQA (pronounced Tapioca), an open-domain conversational dataset with topic switches based on Wikipedia. TopiOCQA contains 3,920 conversations with information-seeking questions and free-form answers. On average, a conversation in our dataset spans 13 question-answer turns and involves four topics (documents). TopiOCQA poses a challenging test-bed for models, where efficient retrieval is required on multiple turns of the same conversation, in conjunction with constructing valid responses using conversational history. We evaluate several baselines, by combining state-of-the-art document retrieval methods with neural reader models. Our best model achieves F1 of 55.8, falling short of human performance by 14.2 points, indicating the difficulty of our dataset. Our dataset and code are available at https://mcgill-nlp.github.io/topiocqa.|2022-01-01|2022|['Transactions of the Association for Computational Linguistics']
https://doi.org/10.1162/tacl_a_00485|True Few-Shot Learning with Prompts—A Real-World Perspective|Abstract Prompt-based approaches excel at few-shot learning. However, Perez et al. (2021) recently cast doubt on their performance as they had difficulty getting good results in a “true” few-shot setting in which prompts and hyperparameters cannot be tuned on a dev set. In view of this, we conduct an extensive study of Pet, a method that combines textual instructions with example-based finetuning. We show that, if correctly configured, Pet performs strongly in true few-shot settings without a dev set. Crucial for this strong performance is a number of design choices, including Pet’s ability to intelligently handle multiple prompts. We put our findings to a real-world test by running Pet on RAFT, a benchmark of tasks taken from realistic NLP applications for which no labeled dev or test sets are available. Pet achieves a new state of the art on RAFT and performs close to non-expert humans for 7 out of 11 tasks. These results demonstrate that prompt-based learners can successfully be applied in true few-shot settings and underpin our belief that learning from instructions will play an important role on the path towards human-like few-shot learning capabilities.|2022-01-01|2022|['Transactions of the Association for Computational Linguistics']
https://doi.org/10.1162/tacl_a_00494|Reducing Conversational Agents’ Overconfidence Through Linguistic Calibration|Abstract While improving neural dialogue agents’ factual accuracy is the object of much research, another important aspect of communication, less studied in the setting of neural dialogue, is transparency about ignorance. In this work, we analyze to what extent state-of-the-art chit-chat models are linguistically calibrated in the sense that their verbalized expression of doubt (or confidence) matches the likelihood that the model’s responses are factually incorrect (or correct). We find that these models are poorly calibrated, yet we show that likelihood of correctness can accurately be predicted. By incorporating such metacognitive features into the training of a controllable generation model, we obtain a dialogue agent with greatly improved linguistic calibration.|2022-01-01|2022|['Transactions of the Association for Computational Linguistics']
https://doi.org/10.1162/tacl_a_00520|A Survey on Cross-Lingual Summarization|Abstract Cross-lingual summarization is the task of generating a summary in one language (e.g., English) for the given document(s) in a different language (e.g., Chinese). Under the globalization background, this task has attracted increasing attention of the computational linguistics community. Nevertheless, there still remains a lack of comprehensive review for this task. Therefore, we present the first systematic critical review on the datasets, approaches, and challenges in this field. Specifically, we carefully organize existing datasets and approaches according to different construction methods and solution paradigms, respectively. For each type of dataset or approach, we thoroughly introduce and summarize previous efforts and further compare them with each other to provide deeper analyses. In the end, we also discuss promising directions and offer our thoughts to facilitate future research. This survey is for both beginners and experts in cross-lingual summarization, and we hope it will serve as a starting point as well as a source of new ideas for researchers and engineers interested in this area.|2022-01-01|2022|['Transactions of the Association for Computational Linguistics']
https://doi.org/10.1162/tacl_a_00465|Evaluating Explanations: How Much Do Explanations from the Teacher Aid Students?|Abstract While many methods purport to explain predictions by highlighting salient features, what aims these explanations serve and how they ought to be evaluated often go unstated. In this work, we introduce a framework to quantify the value of explanations via the accuracy gains that they confer on a student model trained to simulate a teacher model. Crucially, the explanations are available to the student during training, but are not available at test time. Compared with prior proposals, our approach is less easily gamed, enabling principled, automatic, model-agnostic evaluation of attributions. Using our framework, we compare numerous attribution methods for text classification and question answering, and observe quantitative differences that are consistent (to a moderate to high degree) across different student model architectures and learning strategies.1|2022-01-01|2022|['Transactions of the Association for Computational Linguistics']
https://doi.org/10.1162/tacl_a_00468|PADA: Example-based Prompt Learning for on-the-fly Adaptation to Unseen Domains|Abstract Natural Language Processing algorithms have made incredible progress, but they still struggle when applied to out-of-distribution examples. We address a challenging and underexplored version of this domain adaptation problem, where an algorithm is trained on several source domains, and then applied to examples from unseen domains that are unknown at training time. Particularly, no examples, labeled or unlabeled, or any other knowledge about the target domain are available to the algorithm at training time. We present PADA: An example-based autoregressive Prompt learning algorithm for on-the-fly Any-Domain Adaptation, based on the T5 language model. Given a test example, PADA first generates a unique prompt for it and then, conditioned on this prompt, labels the example with respect to the NLP prediction task. PADA is trained to generate a prompt that is a token sequence of unrestricted length, consisting of Domain Related Features (DRFs) that characterize each of the source domains. Intuitively, the generated prompt is a unique signature that maps the test example to a semantic space spanned by the source domains. In experiments with 3 tasks (text classification and sequence tagging), for a total of 14 multi-source adaptation scenarios, PADA substantially outperforms strong baselines.1|2022-01-01|2022|['Transactions of the Association for Computational Linguistics']
https://doi.org/10.1162/tacl_a_00473|Retrieve Fast, Rerank Smart: Cooperative and Joint Approaches for Improved Cross-Modal Retrieval|Abstract Current state-of-the-art approaches to cross- modal retrieval process text and visual input jointly, relying on Transformer-based architectures with cross-attention mechanisms that attend over all words and objects in an image. While offering unmatched retrieval performance, such models: 1) are typically pretrained from scratch and thus less scalable, 2) suffer from huge retrieval latency and inefficiency issues, which makes them impractical in realistic applications. To address these crucial gaps towards both improved and efficient cross- modal retrieval, we propose a novel fine-tuning framework that turns any pretrained text-image multi-modal model into an efficient retrieval model. The framework is based on a cooperative retrieve-and-rerank approach that combines: 1) twin networks (i.e., a bi-encoder) to separately encode all items of a corpus, enabling efficient initial retrieval, and 2) a cross-encoder component for a more nuanced (i.e., smarter) ranking of the retrieved small set of items. We also propose to jointly fine- tune the two components with shared weights, yielding a more parameter-efficient model. Our experiments on a series of standard cross-modal retrieval benchmarks in monolingual, multilingual, and zero-shot setups, demonstrate improved accuracy and huge efficiency benefits over the state-of-the-art cross- encoders.1|2022-01-01|2022|['Transactions of the Association for Computational Linguistics']
https://doi.org/10.1162/tacl_a_00504|Structural Persistence in Language Models: Priming as a Window into Abstract Language Representations|Abstract We investigate the extent to which modern neural language models are susceptible to structural priming, the phenomenon whereby the structure of a sentence makes the same structure more probable in a follow-up sentence. We explore how priming can be used to study the potential of these models to learn abstract structural information, which is a prerequisite for good performance on tasks that require natural language understanding skills. We introduce a novel metric and release Prime-LM, a large corpus where we control for various linguistic factors that interact with priming strength. We find that Transformer models indeed show evidence of structural priming, but also that the generalizations they learned are to some extent modulated by semantic information. Our experiments also show that the representations acquired by the models may not only encode abstract sequential structure but involve certain level of hierarchical syntactic information. More generally, our study shows that the priming paradigm is a useful, additional tool for gaining insights into the capacities of language models and opens the door to future priming-based investigations that probe the model’s internal states.1|2022-01-01|2022|['Transactions of the Association for Computational Linguistics']
https://doi.org/10.1162/tacl_a_00503|ProoFVer: Natural Logic Theorem Proving for Fact Verification|Abstract Fact verification systems typically rely on neural network classifiers for veracity prediction, which lack explainability. This paper proposes ProoFVer, which uses a seq2seq model to generate natural logic-based inferences as proofs. These proofs consist of lexical mutations between spans in the claim and the evidence retrieved, each marked with a natural logic operator. Claim veracity is determined solely based on the sequence of these operators. Hence, these proofs are faithful explanations, and this makes ProoFVer faithful by construction. Currently, ProoFVer has the highest label accuracy and the second best score in the FEVER leaderboard. Furthermore, it improves by 13.21% points over the next best model on a dataset with counterfactual instances, demonstrating its robustness. As explanations, the proofs show better overlap with human rationales than attention-based highlights and the proofs help humans predict model decisions correctly more often than using the evidence directly.1|2022-01-01|2022|['Transactions of the Association for Computational Linguistics']
https://doi.org/10.1162/tacl_a_00506|Evaluating Attribution in Dialogue Systems: The BEGIN Benchmark|Abstract Knowledge-grounded dialogue systems powered by large language models often generate responses that, while fluent, are not attributable to a relevant source of information. Progress towards models that do not exhibit this issue requires evaluation metrics that can quantify its prevalence. To this end, we introduce the Benchmark for Evaluation of Grounded INteraction (Begin), comprising 12k dialogue turns generated by neural dialogue systems trained on three knowledge-grounded dialogue corpora. We collect human annotations assessing the extent to which the models’ responses can be attributed to the given background information. We then use Begin to analyze eight evaluation metrics. We find that these metrics rely on spurious correlations, do not reliably distinguish attributable abstractive responses from unattributable ones, and perform substantially worse when the knowledge source is longer. Our findings underscore the need for more sophisticated and robust evaluation metrics for knowledge-grounded dialogue. We make Begin publicly available at https://github.com/google/BEGIN-dataset.|2022-01-01|2022|['Transactions of the Association for Computational Linguistics']
https://doi.org/10.1162/tacl_a_00519|Neuron-level Interpretation of Deep NLP Models: A Survey|Abstract The proliferation of Deep Neural Networks in various domains has seen an increased need for interpretability of these models. Preliminary work done along this line, and papers that surveyed such, are focused on high-level representation analysis. However, a recent branch of work has concentrated on interpretability at a more granular level of analyzing neurons within these models. In this paper, we survey the work done on neuron analysis including: i) methods to discover and understand neurons in a network; ii) evaluation methods; iii) major findings including cross architectural comparisons that neuron analysis has unraveled; iv) applications of neuron probing such as: controlling the model, domain adaptation, and so forth; and v) a discussion on open issues and future research directions.|2022-01-01|2022|['Transactions of the Association for Computational Linguistics']
https://doi.org/10.1162/tacl_a_00497|Temporal Effects on Pre-trained Models for Language Processing Tasks|Abstract Keeping the performance of language technologies optimal as time passes is of great practical interest. We study temporal effects on model performance on downstream language tasks, establishing a nuanced terminology for such discussion and identifying factors essential to conduct a robust study. We present experiments for several tasks in English where the label correctness is not dependent on time and demonstrate the importance of distinguishing between temporal model deterioration and temporal domain adaptation for systems using pre-trained representations. We find that, depending on the task, temporal model deterioration is not necessarily a concern. Temporal domain adaptation, however, is beneficial in all cases, with better performance for a given time period possible when the system is trained on temporally more recent data. Therefore, we also examine the efficacy of two approaches for temporal domain adaptation without human annotations on new data. Self-labeling shows consistent improvement and notably, for named entity recognition, leads to better temporal adaptation than even human annotations.|2022-01-01|2022|['Transactions of the Association for Computational Linguistics']
https://doi.org/10.1162/tacl_a_00478|It’s not Rocket Science: Interpreting Figurative Language in Narratives|Abstract Figurative language is ubiquitous in English. Yet, the vast majority of NLP research focuses on literal language. Existing text representations by design rely on compositionality, while figurative language is often non- compositional. In this paper, we study the interpretation of two non-compositional figurative languages (idioms and similes). We collected datasets of fictional narratives containing a figurative expression along with crowd-sourced plausible and implausible continuations relying on the correct interpretation of the expression. We then trained models to choose or generate the plausible continuation. Our experiments show that models based solely on pre-trained language models perform substantially worse than humans on these tasks. We additionally propose knowledge-enhanced models, adopting human strategies for interpreting figurative language types: inferring meaning from the context and relying on the constituent words’ literal meanings. The knowledge-enhanced models improve the performance on both the discriminative and generative tasks, further bridging the gap from human performance.|2022-01-01|2022|['Transactions of the Association for Computational Linguistics']
https://doi.org/10.1162/tacl_a_00479|Ultra-fine Entity Typing with Indirect Supervision from Natural Language Inference|Abstract The task of ultra-fine entity typing (UFET) seeks to predict diverse and free-form words or phrases that describe the appropriate types of entities mentioned in sentences. A key challenge for this task lies in the large number of types and the scarcity of annotated data per type. Existing systems formulate the task as a multi-way classification problem and train directly or distantly supervised classifiers. This causes two issues: (i) the classifiers do not capture the type semantics because types are often converted into indices; (ii) systems developed in this way are limited to predicting within a pre-defined type set, and often fall short of generalizing to types that are rarely seen or unseen in training. This work presents LITE🍻, a new approach that formulates entity typing as a natural language inference (NLI) problem, making use of (i) the indirect supervision from NLI to infer type information meaningfully represented as textual hypotheses and alleviate the data scarcity issue, as well as (ii) a learning-to-rank objective to avoid the pre-defining of a type set. Experiments show that, with limited training data, LITE obtains state-of-the-art performance on the UFET task. In addition, LITE demonstrates its strong generalizability by not only yielding best results on other fine-grained entity typing benchmarks, more importantly, a pre-trained LITE system works well on new data containing unseen types.1|2022-01-01|2022|['Transactions of the Association for Computational Linguistics']
https://doi.org/10.1162/tacl_a_00492|Generate, Annotate, and Learn: NLP with Synthetic Text|Abstract This paper studies the use of language models as a source of synthetic unlabeled text for NLP. We formulate a general framework called “generate, annotate, and learn (GAL)” to take advantage of synthetic text within knowledge distillation, self-training, and few-shot learning applications. To generate high-quality task-specific text, we either fine-tune LMs on inputs from the task of interest, or prompt large LMs with few examples. We use the best available classifier to annotate synthetic text with soft pseudo labels for knowledge distillation and self-training, and use LMs to obtain hard labels for few-shot learning. We train new supervised models on the combination of labeled and pseudo-labeled data, which results in significant gains across several applications. We investigate key components of GAL and present theoretical and empirical arguments against the use of class-conditional LMs to generate synthetic labeled text instead of unlabeled text. GAL achieves new state-of-the-art knowledge distillation results for 6-layer transformers on the GLUE leaderboard.|2022-01-01|2022|['Transactions of the Association for Computational Linguistics']
https://doi.org/10.1162/tacl_a_00523|Investigating Reasons for Disagreement in Natural Language Inference|Abstract We investigate how disagreement in natural language inference (NLI) annotation arises. We developed a taxonomy of disagreement sources with 10 categories spanning 3 high- level classes. We found that some disagreements are due to uncertainty in the sentence meaning, others to annotator biases and task artifacts, leading to different interpretations of the label distribution. We explore two modeling approaches for detecting items with potential disagreement: a 4-way classification with a “Complicated” label in addition to the three standard NLI labels, and a multilabel classification approach. We found that the multilabel classification is more expressive and gives better recall of the possible interpretations in the data.|2022-01-01|2022|['Transactions of the Association for Computational Linguistics']
https://doi.org/10.1162/tacl_a_00526|Transformer Grammars: Augmenting Transformer Language Models with Syntactic Inductive Biases at Scale|Abstract We introduce Transformer Grammars (TGs), a novel class of Transformer language models that combine (i) the expressive power, scalability, and strong performance of Transformers and (ii) recursive syntactic compositions, which here are implemented through a special attention mask and deterministic transformation of the linearized tree. We find that TGs outperform various strong baselines on sentence-level language modeling perplexity, as well as on multiple syntax-sensitive language modeling evaluation metrics. Additionally, we find that the recursive syntactic composition bottleneck which represents each sentence as a single vector harms perplexity on document-level language modeling, providing evidence that a different kind of memory mechanism—one that is independent of composed syntactic representations—plays an important role in current successful models of long text.|2022-01-01|2022|['Transactions of the Association for Computational Linguistics']
https://doi.org/10.1162/tacl_a_00491|High Quality Rather than High Model Probability: Minimum Bayes Risk Decoding with Neural Metrics|Abstract In Neural Machine Translation, it is typically assumed that the sentence with the highest estimated probability should also be the translation with the highest quality as measured by humans. In this work, we question this assumption and show that model estimates and translation quality only vaguely correlate. We apply Minimum Bayes Risk (MBR) decoding on unbiased samples to optimize diverse automated metrics of translation quality as an alternative inference strategy to beam search. Instead of targeting the hypotheses with the highest model probability, MBR decoding extracts the hypotheses with the highest estimated quality. Our experiments show that the combination of a neural translation model with a neural reference-based metric, Bleurt, results in significant improvement in human evaluations. This improvement is obtained with translations different from classical beam-search output: These translations have much lower model likelihood and are less favored by surface metrics like Bleu.|2022-01-01|2022|['Transactions of the Association for Computational Linguistics']
https://doi.org/10.1162/tacl_a_00477|Sentence Similarity Based on Contexts|Abstract Existing methods to measure sentence similarity are faced with two challenges: (1) labeled datasets are usually limited in size, making them insufficient to train supervised neural models; and (2) there is a training-test gap for unsupervised language modeling (LM) based models to compute semantic scores between sentences, since sentence-level semantics are not explicitly modeled at training. This results in inferior performances in this task. In this work, we propose a new framework to address these two issues. The proposed framework is based on the core idea that the meaning of a sentence should be defined by its contexts, and that sentence similarity can be measured by comparing the probabilities of generating two sentences given the same context. The proposed framework is able to generate high-quality, large-scale dataset with semantic similarity scores between two sentences in an unsupervised manner, with which the train-test gap can be largely bridged. Extensive experiments show that the proposed framework achieves significant performance boosts over existing baselines under both the supervised and unsupervised settings across different datasets.|2022-01-01|2022|['Transactions of the Association for Computational Linguistics']
https://doi.org/10.1162/tacl_a_00502|On Decoding Strategies for Neural Text Generators|Abstract When generating text from probabilistic models, the chosen decoding strategy has a profound effect on the resulting text. Yet the properties elicited by various decoding strategies do not always transfer across natural language generation tasks. For example, while mode-seeking methods like beam search perform remarkably well for machine translation, they have been observed to lead to incoherent and repetitive text in story generation. Despite such observations, the effectiveness of decoding strategies is often assessed on only a single task. This work—in contrast—provides a comprehensive analysis of the interaction between language generation tasks and decoding strategies. Specifically, we measure changes in attributes of generated text as a function of both decoding strategy and task using human and automatic evaluation. Our results reveal both previously observed and novel findings. For example, the nature of the diversity–quality trade-off in language generation is very task-specific; the length bias often attributed to beam search is not constant across tasks. https://github.com/gianwiher/decoding-NLG|2022-01-01|2022|['Transactions of the Association for Computational Linguistics']
https://doi.org/10.1162/tacl_a_00457|ABNIRML: Analyzing the Behavior of Neural IR Models|Abstract Pretrained contextualized language models such as BERT and T5 have established a new state-of-the-art for ad-hoc search. However, it is not yet well understood why these methods are so effective, what makes some variants more effective than others, and what pitfalls they may have. We present a new comprehensive framework for Analyzing the Behavior of Neural IR ModeLs (ABNIRML), which includes new types of diagnostic probes that allow us to test several characteristics—such as writing styles, factuality, sensitivity to paraphrasing and word order—that are not addressed by previous techniques. To demonstrate the value of the framework, we conduct an extensive empirical study that yields insights into the factors that contribute to the neural model’s gains, and identify potential unintended biases the models exhibit. Some of our results confirm conventional wisdom, for example, that recent neural ranking models rely less on exact term overlap with the query, and instead leverage richer linguistic information, evidenced by their higher sensitivity to word and sentence order. Other results are more surprising, such as that some models (e.g., T5 and ColBERT) are biased towards factually correct (rather than simply relevant) texts. Further, some characteristics vary even for the same base language model, and other characteristics can appear due to random variations during model training.1|2022-01-01|2022|['Transactions of the Association for Computational Linguistics']
https://doi.org/10.1162/tacl_a_00466|VILA: Improving Structured Content Extraction from Scientific PDFs Using Visual Layout Groups|Abstract Accurately extracting structured content from PDFs is a critical first step for NLP over scientific papers. Recent work has improved extraction accuracy by incorporating elementary layout information, for example, each token’s 2D position on the page, into language model pretraining. We introduce new methods that explicitly model VIsual LAyout (VILA) groups, that is, text lines or text blocks, to further improve performance. In our I-VILA approach, we show that simply inserting special tokens denoting layout group boundaries into model inputs can lead to a 1.9% Macro F1 improvement in token classification. In the H-VILA approach, we show that hierarchical encoding of layout-groups can result in up to 47% inference time reduction with less than 0.8% Macro F1 loss. Unlike prior layout-aware approaches, our methods do not require expensive additional pretraining, only fine-tuning, which we show can reduce training cost by up to 95%. Experiments are conducted on a newly curated evaluation suite, S2-VLUE, that unifies existing automatically labeled datasets and includes a new dataset of manual annotations covering diverse papers from 19 scientific disciplines. Pre-trained weights, benchmark datasets, and source code are available at https://github.com/allenai/VILA.|2022-01-01|2022|['Transactions of the Association for Computational Linguistics']
https://doi.org/10.1162/tacl_a_00469|LOT: A Story-Centric Benchmark for Evaluating Chinese Long Text Understanding and Generation|Abstract Standard multi-task benchmarks are essential for developing pretraining models that can generalize to various downstream tasks. Existing benchmarks for natural language processing (NLP) usually focus only on understanding or generating short texts. However, long text modeling requires many distinct abilities in contrast to short texts, such as the modeling of long-range discourse and commonsense relations, and the coherence and controllability of generation. The lack of standardized benchmarks makes it difficult to assess these abilities of a model and fairly compare different models, especially Chinese models. Therefore, we propose a story-centric benchmark named LOT for evaluating Chinese long text modeling, which aggregates two understanding tasks and two generation tasks. We construct new datasets for these tasks based on human-written Chinese stories with hundreds of words. Furthermore, we release an encoder-decoder-based Chinese long text pretraining model named LongLM with up to 1 billion parameters. We pretrain LongLM on 120G Chinese novels with two generative tasks including text infilling and conditional continuation. Extensive experiments show that LongLM outperforms similar-sized pretraining models substantially on both the understanding and generation tasks in LOT.|2022-01-01|2022|['Transactions of the Association for Computational Linguistics']
https://doi.org/10.1162/tacl_a_00529|<scp>FaithDial</scp>: A Faithful Benchmark for Information-Seeking Dialogue|Abstract The goal of information-seeking dialogue is to respond to seeker queries with natural language utterances that are grounded on knowledge sources. However, dialogue systems often produce unsupported utterances, a phenomenon known as hallucination. To mitigate this behavior, we adopt a data-centric solution and create FaithDial, a new benchmark for hallucination-free dialogues, by editing hallucinated responses in the Wizard of Wikipedia (WoW) benchmark. We observe that FaithDial is more faithful than WoW while also maintaining engaging conversations. We show that FaithDial can serve as training signal for: i) a hallucination critic, which discriminates whether an utterance is faithful or not, and boosts the performance by 12.8 F1 score on the BEGIN benchmark compared to existing datasets for dialogue coherence; ii) high-quality dialogue generation. We benchmark a series of state-of-the-art models and propose an auxiliary contrastive objective that achieves the highest level of faithfulness and abstractiveness based on several automated metrics. Further, we find that the benefits of FaithDial generalize to zero-shot transfer on other datasets, such as CMU-Dog and TopicalChat. Finally, human evaluation reveals that responses generated by models trained on FaithDial are perceived as more interpretable, cooperative, and engaging.|2022-01-01|2022|['Transactions of the Association for Computational Linguistics']
https://doi.org/10.1162/tacl_a_00481|End-to-end Argument Mining with Cross-corpora Multi-task Learning|Abstract Mining an argument structure from text is an important step for tasks such as argument search and summarization. While studies on argument(ation) mining have proposed promising neural network models, they usually suffer from a shortage of training data. To address this issue, we expand the training data with various auxiliary argument mining corpora and propose an end-to-end cross-corpus training method called Multi-Task Argument Mining (MT-AM). To evaluate our approach, we conducted experiments for the main argument mining tasks on several well-established argument mining corpora. The results demonstrate that MT-AM generally outperformed the models trained on a single corpus. Also, the smaller the target corpus was, the better the MT-AM performed. Our extensive analyses suggest that the improvement of MT-AM depends on several factors of transferability among auxiliary and target corpora.|2022-01-01|2022|['Transactions of the Association for Computational Linguistics']
https://doi.org/10.1162/tacl_a_00490|Formal Language Recognition by Hard Attention Transformers: Perspectives from Circuit Complexity|Abstract This paper analyzes three formal models of Transformer encoders that differ in the form of their self-attention mechanism: unique hard attention (UHAT); generalized unique hard attention (GUHAT), which generalizes UHAT; and averaging hard attention (AHAT). We show that UHAT and GUHAT Transformers, viewed as string acceptors, can only recognize formal languages in the complexity class AC0, the class of languages recognizable by families of Boolean circuits of constant depth and polynomial size. This upper bound subsumes Hahn’s (2020) results that GUHAT cannot recognize the DYCK languages or the PARITY language, since those languages are outside AC0 (Furst et al., 1984). In contrast, the non-AC0 languages MAJORITY and DYCK-1 are recognizable by AHAT networks, implying that AHAT can recognize languages that UHAT and GUHAT cannot.|2022-01-01|2022|['Transactions of the Association for Computational Linguistics']
https://doi.org/10.1162/tacl_a_00476|Relational Memory-Augmented Language Models|Abstract We present a memory-augmented approach to condition an autoregressive language model on a knowledge graph. We represent the graph as a collection of relation triples and retrieve relevant relations for a given context to improve text generation. Experiments on WikiText-103, WMT19, and enwik8 English datasets demonstrate that our approach produces a better language model in terms of perplexity and bits per character. We also show that relational memory improves coherence, is complementary to token-based memory, and enables causal interventions. Our model provides a simple yet effective way to combine an autoregressive language model and a knowledge graph for more coherent and logical generation.|2022-01-01|2022|['Transactions of the Association for Computational Linguistics']
https://doi.org/10.1162/tacl_a_00483|Uncertainty Estimation and Reduction of Pre-trained Models for Text Regression|Abstract State-of-the-art classification and regression models are often not well calibrated, and cannot reliably provide uncertainty estimates, limiting their utility in safety-critical applications such as clinical decision-making. While recent work has focused on calibration of classifiers, there is almost no work in NLP on calibration in a regression setting. In this paper, we quantify the calibration of pre- trained language models for text regression, both intrinsically and extrinsically. We further apply uncertainty estimates to augment training data in low-resource domains. Our experiments on three regression tasks in both self-training and active-learning settings show that uncertainty estimation can be used to increase overall performance and enhance model generalization.|2022-01-01|2022|['Transactions of the Association for Computational Linguistics']
https://doi.org/10.1162/tacl_a_00486|Fact Checking with Insufficient Evidence|Abstract Automating the fact checking (FC) process relies on information obtained from external sources. In this work, we posit that it is crucial for FC models to make veracity predictions only when there is sufficient evidence and otherwise indicate when it is not enough. To this end, we are the first to study what information FC models consider sufficient by introducing a novel task and advancing it with three main contributions. First, we conduct an in-depth empirical analysis of the task with a new fluency-preserving method for omitting information from the evidence at the constituent and sentence level. We identify when models consider the remaining evidence (in)sufficient for FC, based on three trained models with different Transformer architectures and three FC datasets. Second, we ask annotators whether the omitted evidence was important for FC, resulting in a novel diagnostic dataset, SufficientFacts1, for FC with omitted evidence. We find that models are least successful in detecting missing evidence when adverbial modifiers are omitted (21% accuracy), whereas it is easiest for omitted date modifiers (63% accuracy). Finally, we propose a novel data augmentation strategy for contrastive self-learning of missing evidence by employing the proposed omission method combined with tri-training. It improves performance for Evidence Sufficiency Prediction by up to 17.8 F1 score, which in turn improves FC performance by up to 2.6 F1 score.|2022-01-01|2022|['Transactions of the Association for Computational Linguistics']
https://doi.org/10.1162/tacl_a_00525|Scientia Potentia Est—On the Role of Knowledge in Computational Argumentation|Abstract Despite extensive research efforts in recent years, computational argumentation (CA) remains one of the most challenging areas of natural language processing. The reason for this is the inherent complexity of the cognitive processes behind human argumentation, which integrate a plethora of different types of knowledge, ranging from topic-specific facts and common sense to rhetorical knowledge. The integration of knowledge from such a wide range in CA requires modeling capabilities far beyond many other natural language understanding tasks. Existing research on mining, assessing, reasoning over, and generating arguments largely acknowledges that much more knowledge is needed to accurately model argumentation computationally. However, a systematic overview of the types of knowledge introduced in existing CA models is missing, hindering targeted progress in the field. Adopting the operational definition of knowledge as any task-relevant normative information not provided as input, the survey paper at hand fills this gap by (1) proposing a taxonomy of types of knowledge required in CA tasks, (2) systematizing the large body of CA work according to the reliance on and exploitation of these knowledge types for the four main research areas in CA, and (3) outlining and discussing directions for future research efforts in CA.|2022-01-01|2022|['Transactions of the Association for Computational Linguistics']
https://doi.org/10.1162/tacl_a_00495|A Survey of Text Games for Reinforcement Learning Informed by Natural Language|Abstract Reinforcement Learning has shown success in a number of complex virtual environments. However, many challenges still exist towards solving problems with natural language as a core component. Interactive Fiction Games (or Text Games) are one such problem type that offer a set of safe, partially observable environments where natural language is required as part of the Reinforcement Learning solution. Therefore, this survey’s aim is to assist in the development of new Text Game problem settings and solutions for Reinforcement Learning informed by natural language. Specifically, this survey: 1) introduces the challenges in Text Game Reinforcement Learning problems, 2) outlines the generation tools for rendering Text Games and the subsequent environments generated, and 3) compares the agent architectures currently applied to provide a systematic review of benchmark methodologies and opportunities for future researchers.|2022-01-01|2022|['Transactions of the Association for Computational Linguistics']
https://doi.org/10.1162/tacl_a_00493|Saturated Transformers are Constant-Depth Threshold Circuits|Abstract Transformers have become a standard neural network architecture for many NLP problems, motivating theoretical analysis of their power in terms of formal languages. Recent work has shown that transformers with hard attention are quite limited in power (Hahn, 2020), as they can be simulated by constant-depth AND/OR circuits (Hao et al., 2022). However, hard attention is a strong assumption, which may complicate the relevance of these results in practice. In this work, we analyze the circuit complexity of transformers with saturated attention: a generalization of hard attention that more closely captures the attention patterns learnable in practical transformers. We first show that saturated transformers transcend the known limitations of hard-attention transformers. We then prove saturated transformers with floating-point values can be simulated by constant-depth threshold circuits, giving the class TC0 as an upper bound on the formal languages they recognize.|2022-01-01|2022|['Transactions of the Association for Computational Linguistics']
https://doi.org/10.1162/tacl_a_00515|Multi-task Active Learning for Pre-trained Transformer-based Models|Abstract Multi-task learning, in which several tasks are jointly learned by a single model, allows NLP models to share information from multiple annotations and may facilitate better predictions when the tasks are inter-related. This technique, however, requires annotating the same text with multiple annotation schemes, which may be costly and laborious. Active learning (AL) has been demonstrated to optimize annotation processes by iteratively selecting unlabeled examples whose annotation is most valuable for the NLP model. Yet, multi-task active learning (MT-AL) has not been applied to state-of-the-art pre-trained Transformer-based NLP models. This paper aims to close this gap. We explore various multi-task selection criteria in three realistic multi-task scenarios, reflecting different relations between the participating tasks, and demonstrate the effectiveness of multi-task compared to single-task selection. Our results suggest that MT-AL can be effectively used in order to minimize annotation efforts for multi-task NLP models.1|2022-01-01|2022|['Transactions of the Association for Computational Linguistics']
https://doi.org/10.1162/tacl_a_00480|Document Summarization with Latent Queries|Abstract The availability of large-scale datasets has driven the development of neural models that create generic summaries for single or multiple documents. For query-focused summarization (QFS), labeled training data in the form of queries, documents, and summaries is not readily available. We provide a unified modeling framework for any kind of summarization, under the assumption that all summaries are a response to a query, which is observed in the case of QFS and latent in the case of generic summarization. We model queries as discrete latent variables over document tokens, and learn representations compatible with observed and unobserved query verbalizations. Our framework formulates summarization as a generative process, and jointly optimizes a latent query model and a conditional language model. Despite learning from generic summarization data only, our approach outperforms strong comparison systems across benchmarks, query types, document settings, and target domains.1|2022-01-01|2022|['Transactions of the Association for Computational Linguistics']
https://doi.org/10.1162/tacl_a_00484|Data-to-text Generation with Variational Sequential Planning|Abstract We consider the task of data-to-text generation, which aims to create textual output from non-linguistic input. We focus on generating long-form text, that is, documents with multiple paragraphs, and propose a neural model enhanced with a planning component responsible for organizing high-level information in a coherent and meaningful way. We infer latent plans sequentially with a structured variational model, while interleaving the steps of planning and generation. Text is generated by conditioning on previous variational decisions and previously generated text. Experiments on two data-to-text benchmarks (RotoWire and MLB) show that our model outperforms strong baselines and is sample-efficient in the face of limited training data (e.g., a few hundred instances).|2022-01-01|2022|['Transactions of the Association for Computational Linguistics']
https://doi.org/10.1162/tacl_a_00482|Is My Model Using the Right Evidence? Systematic Probes for Examining Evidence-Based Tabular Reasoning|Abstract Neural models command state-of-the-art performance across NLP tasks, including ones involving “reasoning”. Models claiming to reason about the evidence presented to them should attend to the correct parts of the input while avoiding spurious patterns therein, be self-consistent in their predictions across inputs, and be immune to biases derived from their pre-training in a nuanced, context- sensitive fashion. Do the prevalent *BERT- family of models do so? In this paper, we study this question using the problem of reasoning on tabular data. Tabular inputs are especially well-suited for the study—they admit systematic probes targeting the properties listed above. Our experiments demonstrate that a RoBERTa-based model, representative of the current state-of-the-art, fails at reasoning on the following counts: it (a) ignores relevant parts of the evidence, (b) is over- sensitive to annotation artifacts, and (c) relies on the knowledge encoded in the pre-trained language model rather than the evidence presented in its tabular inputs. Finally, through inoculation experiments, we show that fine- tuning the model on perturbed data does not help it overcome the above challenges.|2022-01-01|2022|['Transactions of the Association for Computational Linguistics']
https://doi.org/10.1162/tacl_a_00501|How to Dissect a Muppet: The Structure of Transformer Embedding Spaces|Abstract Pretrained embeddings based on the Transformer architecture have taken the NLP community by storm. We show that they can mathematically be reframed as a sum of vector factors and showcase how to use this reframing to study the impact of each component. We provide evidence that multi-head attentions and feed-forwards are not equally useful in all downstream applications, as well as a quantitative overview of the effects of finetuning on the overall embedding space. This approach allows us to draw connections to a wide range of previous studies, from vector space anisotropy to attention weights.|2022-01-01|2022|['Transactions of the Association for Computational Linguistics']
https://doi.org/10.1162/tacl_a_00521|An End-to-End Contrastive Self-Supervised Learning Framework for Language Understanding|Abstract Self-supervised learning (SSL) methods such as Word2vec, BERT, and GPT have shown great effectiveness in language understanding. Contrastive learning, as a recent SSL approach, has attracted increasing attention in NLP. Contrastive learning learns data representations by predicting whether two augmented data instances are generated from the same original data example. Previous contrastive learning methods perform data augmentation and contrastive learning separately. As a result, the augmented data may not be optimal for contrastive learning. To address this problem, we propose a four-level optimization framework that performs data augmentation and contrastive learning end-to-end, to enable the augmented data to be tailored to the contrastive learning task. This framework consists of four learning stages, including training machine translation models for sentence augmentation, pretraining a text encoder using contrastive learning, finetuning a text classification model, and updating weights of translation data by minimizing the validation loss of the classification model, which are performed in a unified way. Experiments on datasets in the GLUE benchmark (Wang et al., 2018a) and on datasets used in Gururangan et al. (2020) demonstrate the effectiveness of our method.|2022-01-01|2022|['Transactions of the Association for Computational Linguistics']
https://doi.org/10.1162/tacl_a_00470|Czech Grammar Error Correction with a Large and Diverse Corpus|Abstract We introduce a large and diverse Czech corpus annotated for grammatical error correction (GEC) with the aim to contribute to the still scarce data resources in this domain for languages other than English. The Grammar Error Correction Corpus for Czech (GECCC) offers a variety of four domains, covering error distributions ranging from high error density essays written by non-native speakers, to website texts, where errors are expected to be much less common. We compare several Czech GEC systems, including several Transformer-based ones, setting a strong baseline to future research. Finally, we meta-evaluate common GEC metrics against human judgments on our data. We make the new Czech GEC corpus publicly available under the CC BY-SA 4.0 license at http://hdl.handle.net/11234/1-4639.|2022-01-01|2022|['Transactions of the Association for Computational Linguistics']
https://doi.org/10.1162/tacl_a_00516|Template-based Abstractive Microblog Opinion Summarization|Abstract We introduce the task of microblog opinion summarization (MOS) and share a dataset of 3100 gold-standard opinion summaries to facilitate research in this domain. The dataset contains summaries of tweets spanning a 2-year period and covers more topics than any other public Twitter summarization dataset. Summaries are abstractive in nature and have been created by journalists skilled in summarizing news articles following a template separating factual information (main story) from author opinions. Our method differs from previous work on generating gold-standard summaries from social media, which usually involves selecting representative posts and thus favors extractive summarization models. To showcase the dataset’s utility and challenges, we benchmark a range of abstractive and extractive state-of-the-art summarization models and achieve good performance, with the former outperforming the latter. We also show that fine-tuning is necessary to improve performance and investigate the benefits of using different sample sizes.|2022-01-01|2022|['Transactions of the Association for Computational Linguistics']
https://doi.org/10.1162/tacl_a_00499|Compositional Generalization in Multilingual Semantic Parsing over Wikidata|Abstract Semantic parsing (SP) allows humans to leverage vast knowledge resources through natural interaction. However, parsers are mostly designed for and evaluated on English resources, such as CFQ (Keysers et al., 2020), the current standard benchmark based on English data generated from grammar rules and oriented towards Freebase, an outdated knowledge base. We propose a method for creating a multilingual, parallel dataset of question-query pairs, grounded in Wikidata. We introduce such a dataset, which we call Multilingual Compositional Wikidata Questions (MCWQ), and use it to analyze the compositional generalization of semantic parsers in Hebrew, Kannada, Chinese, and English. While within- language generalization is comparable across languages, experiments on zero-shot cross- lingual transfer demonstrate that cross-lingual compositional generalization fails, even with state-of-the-art pretrained multilingual encoders. Furthermore, our methodology, dataset, and results will facilitate future research on SP in more realistic and diverse settings than has been possible with existing resources.|2022-01-01|2022|['Transactions of the Association for Computational Linguistics']
https://doi.org/10.1162/tacl_a_00514|Unit Testing for Concepts in Neural Networks|Abstract Many complex problems are naturally understood in terms of symbolic concepts. For example, our concept of “cat” is related to our concepts of “ears” and “whiskers” in a non-arbitrary way. Fodor (1998) proposes one theory of concepts, which emphasizes symbolic representations related via constituency structures. Whether neural networks are consistent with such a theory is open for debate. We propose unit tests for evaluating whether a system’s behavior is consistent with several key aspects of Fodor’s criteria. Using a simple visual concept learning task, we evaluate several modern neural architectures against this specification. We find that models succeed on tests of groundedness, modularity, and reusability of concepts, but that important questions about causality remain open. Resolving these will require new methods for analyzing models’ internal states.|2022-01-01|2022|['Transactions of the Association for Computational Linguistics']
https://doi.org/10.1162/tacl_a_00513|Robust Dialogue State Tracking with Weak Supervision and Sparse Data|Abstract Generalizing dialogue state tracking (DST) to new data is especially challenging due to the strong reliance on abundant and fine-grained supervision during training. Sample sparsity, distributional shift, and the occurrence of new concepts and topics frequently lead to severe performance degradation during inference. In this paper we propose a training strategy to build extractive DST models without the need for fine-grained manual span labels. Two novel input-level dropout methods mitigate the negative impact of sample sparsity. We propose a new model architecture with a unified encoder that supports value as well as slot independence by leveraging the attention mechanism. We combine the strengths of triple copy strategy DST and value matching to benefit from complementary predictions without violating the principle of ontology independence. Our experiments demonstrate that an extractive DST model can be trained without manual span labels. Our architecture and training strategies improve robustness towards sample sparsity, new concepts, and topics, leading to state-of-the-art performance on a range of benchmarks. We further highlight our model’s ability to effectively learn from non-dialogue data.|2022-01-01|2022|['Transactions of the Association for Computational Linguistics']
https://doi.org/10.1162/tacl_a_00517|Meta-Learning the Difference: Preparing Large Language Models for Efficient Adaptation|Abstract Large pretrained language models (PLMs) are often domain- or task-adapted via finetuning or prompting. Finetuning requires modifying all of the parameters and having enough data to avoid overfitting while prompting requires no training and few examples but limits performance. Instead, we prepare PLMs for data- and parameter-efficient adaptation by learning to learn the difference between general and adapted PLMs. This difference is expressed in terms of model weights and sublayer structure through our proposed dynamic low-rank reparameterization and learned architecture controller. Experiments on few-shot dialogue completion, low-resource abstractive summarization, and multi-domain language modeling show improvements in adaptation time and performance over direct finetuning or preparation via domain-adaptive pretraining. Ablations show our task-adaptive reparameterization (TARP) and model search (TAMS) components individually improve on other parameter-efficient transfer like adapters and structure-learning methods like learned sparsification.|2022-01-01|2022|['Transactions of the Association for Computational Linguistics']
https://doi.org/10.1162/tacl_a_00489|Minimum Description Length Recurrent Neural Networks|Abstract We train neural networks to optimize a Minimum Description Length score, that is, to balance between the complexity of the network and its accuracy at a task. We show that networks optimizing this objective function master tasks involving memory challenges and go beyond context-free languages. These learners master languages such as anbn, anbncn, anb2n, anbmcn +m, and they perform addition. Moreover, they often do so with 100% accuracy. The networks are small, and their inner workings are transparent. We thus provide formal proofs that their perfect accuracy holds not only on a given test set, but for any input sequence. To our knowledge, no other connectionist model has been shown to capture the underlying grammars for these languages in full generality.|2022-01-01|2022|['Transactions of the Association for Computational Linguistics']
https://doi.org/10.1162/tacl_a_00505|DP-Parse: Finding Word Boundaries from Raw Speech with an Instance Lexicon|Abstract Finding word boundaries in continuous speech is challenging as there is little or no equivalent of a ‘space’ delimiter between words. Popular Bayesian non-parametric models for text segmentation (Goldwater et al., 2006, 2009) use a Dirichlet process to jointly segment sentences and build a lexicon of word types. We introduce DP-Parse, which uses similar principles but only relies on an instance lexicon of word tokens, avoiding the clustering errors that arise with a lexicon of word types. On the Zero Resource Speech Benchmark 2017, our model sets a new speech segmentation state-of-the-art in 5 languages. The algorithm monotonically improves with better input representations, achieving yet higher scores when fed with weakly supervised inputs. Despite lacking a type lexicon, DP-Parse can be pipelined to a language model and learn semantic and syntactic representations as assessed by a new spoken word embedding benchmark. 1|2022-01-01|2022|['Transactions of the Association for Computational Linguistics']
https://doi.org/10.1162/tacl_a_00518|Compositional Evaluation on Japanese Textual Entailment and Similarity|Abstract Natural Language Inference (NLI) and Semantic Textual Similarity (STS) are widely used benchmark tasks for compositional evaluation of pre-trained language models. Despite growing interest in linguistic universals, most NLI/STS studies have focused almost exclusively on English. In particular, there are no available multilingual NLI/STS datasets in Japanese, which is typologically different from English and can shed light on the currently controversial behavior of language models in matters such as sensitivity to word order and case particles. Against this background, we introduce JSICK, a Japanese NLI/STS dataset that was manually translated from the English dataset SICK. We also present a stress-test dataset for compositional inference, created by transforming syntactic structures of sentences in JSICK to investigate whether language models are sensitive to word order and case particles. We conduct baseline experiments on different pre-trained language models and compare the performance of multilingual models when applied to Japanese and other languages. The results of the stress-test experiments suggest that the current pre-trained language models are insensitive to word order and case marking.|2022-01-01|2022|['Transactions of the Association for Computational Linguistics']
https://doi.org/10.1162/tacl_a_00487|Heterogeneous Supervised Topic Models|Abstract Researchers in the social sciences are often interested in the relationship between text and an outcome of interest, where the goal is to both uncover latent patterns in the text and predict outcomes for unseen texts. To this end, this paper develops the heterogeneous supervised topic model (HSTM), a probabilistic approach to text analysis and prediction. HSTMs posit a joint model of text and outcomes to find heterogeneous patterns that help with both text analysis and prediction. The main benefit of HSTMs is that they capture heterogeneity in the relationship between text and the outcome across latent topics. To fit HSTMs, we develop a variational inference algorithm based on the auto-encoding variational Bayes framework. We study the performance of HSTMs on eight datasets and find that they consistently outperform related methods, including fine-tuned black-box models. Finally, we apply HSTMs to analyze news articles labeled with pro- or anti-tone. We find evidence of differing language used to signal a pro- and anti-tone.|2022-01-01|2022|['Transactions of the Association for Computational Linguistics']
https://doi.org/10.1162/tacl_a_00458|Neuro-symbolic Natural Logic with Introspective Revision for Natural Language Inference|Abstract We introduce a neuro-symbolic natural logic framework based on reinforcement learning with introspective revision. The model samples and rewards specific reasoning paths through policy gradient, in which the introspective revision algorithm modifies intermediate symbolic reasoning steps to discover reward-earning operations as well as leverages external knowledge to alleviate spurious reasoning and training inefficiency. The framework is supported by properly designed local relation models to avoid input entangling, which helps ensure the interpretability of the proof paths. The proposed model has built-in interpretability and shows superior capability in monotonicity inference, systematic generalization, and interpretability, compared with previous models on the existing datasets.|2022-01-01|2022|['Transactions of the Association for Computational Linguistics']
https://doi.org/10.1162/tacl_a_00451|Out-of-Domain Discourse Dependency Parsing via Bootstrapping: An Empirical Analysis on Its Effectiveness and Limitation|Abstract Discourse parsing has been studied for decades. However, it still remains challenging to utilize discourse parsing for real-world applications because the parsing accuracy degrades significantly on out-of-domain text. In this paper, we report and discuss the effectiveness and limitations of bootstrapping methods for adapting modern BERT-based discourse dependency parsers to out-of-domain text without relying on additional human supervision. Specifically, we investigate self-training, co-training, tri-training, and asymmetric tri-training of graph-based and transition-based discourse dependency parsing models, as well as confidence measures and sample selection criteria in two adaptation scenarios: monologue adaptation between scientific disciplines and dialogue genre adaptation. We also release COVID-19 Discourse Dependency Treebank (COVID19-DTB), a new manually annotated resource for discourse dependency parsing of biomedical paper abstracts. The experimental results show that bootstrapping is significantly and consistently effective for unsupervised domain adaptation of discourse dependency parsing, but the low coverage of accurately predicted pseudo labels is a bottleneck for further improvement. We show that active learning can mitigate this limitation.|2022-01-01|2022|['Transactions of the Association for Computational Linguistics']
https://doi.org/10.1162/tacl_a_00450|<i>Break, Perturb, Build</i>: Automatic Perturbation of Reasoning Paths Through Question Decomposition|Abstract Recent efforts to create challenge benchmarks that test the abilities of natural language understanding models have largely depended on human annotations. In this work, we introduce the “Break, Perturb, Build” (BPB) framework for automatic reasoning-oriented perturbation of question-answer pairs. BPB represents a question by decomposing it into the reasoning steps that are required to answer it, symbolically perturbs the decomposition, and then generates new question-answer pairs. We demonstrate the effectiveness of BPB by creating evaluation sets for three reading comprehension (RC) benchmarks, generating thousands of high-quality examples without human intervention. We evaluate a range of RC models on our evaluation sets, which reveals large performance gaps on generated examples compared to the original data. Moreover, symbolic perturbations enable fine-grained analysis of the strengths and limitations of models. Last, augmenting the training data with examples generated by BPB helps close the performance gaps, without any drop on the original data distribution.|2022-01-01|2022|['Transactions of the Association for Computational Linguistics']
https://doi.org/10.1162/tacl_a_00527|Explainable Abuse Detection as Intent Classification and Slot Filling|Abstract To proactively offer social media users a safe online experience, there is a need for systems that can detect harmful posts and promptly alert platform moderators. In order to guarantee the enforcement of a consistent policy, moderators are provided with detailed guidelines. In contrast, most state-of-the-art models learn what abuse is from labeled examples and as a result base their predictions on spurious cues, such as the presence of group identifiers, which can be unreliable. In this work we introduce the concept of policy-aware abuse detection, abandoning the unrealistic expectation that systems can reliably learn which phenomena constitute abuse from inspecting the data alone. We propose a machine-friendly representation of the policy that moderators wish to enforce, by breaking it down into a collection of intents and slots. We collect and annotate a dataset of 3,535 English posts with such slots, and show how architectures for intent classification and slot filling can be used for abuse detection, while providing a rationale for model decisions.1|2022-01-01|2022|['Transactions of the Association for Computational Linguistics']
https://doi.org/10.1162/tacl_a_00462|Designing an Automatic Agent for Repeated Language–based Persuasion Games|Abstract Persuasion games are fundamental in economics and AI research and serve as the basis for important applications. However, work on this setup assumes communication with stylized messages that do not consist of rich human language. In this paper we consider a repeated sender (expert) – receiver (decision maker) game, where the sender is fully informed about the state of the world and aims to persuade the receiver to accept a deal by sending one of several possible natural language reviews. We design an automatic expert that plays this repeated game, aiming to achieve the maximal payoff. Our expert is implemented within the Monte Carlo Tree Search (MCTS) algorithm, with deep learning models that exploit behavioral and linguistic signals in order to predict the next action of the decision maker, and the future payoff of the expert given the state of the game and a candidate review. We demonstrate the superiority of our expert over strong baselines and its adaptability to different decision makers and potential proposed deals.1|2022-01-01|2022|['Transactions of the Association for Computational Linguistics']
https://doi.org/10.1162/tacl_a_00500|Adapting to the Long Tail: A Meta-Analysis of Transfer Learning Research for Language Understanding Tasks|Abstract Natural language understanding (NLU) has made massive progress driven by large benchmarks, but benchmarks often leave a long tail of infrequent phenomena underrepresented. We reflect on the question: Have transfer learning methods sufficiently addressed the poor performance of benchmark-trained models on the long tail? We conceptualize the long tail using macro-level dimensions (underrepresented genres, topics, etc.), and perform a qualitative meta-analysis of 100 representative papers on transfer learning research for NLU. Our analysis asks three questions: (i) Which long tail dimensions do transfer learning studies target? (ii) Which properties of adaptation methods help improve performance on the long tail? (iii) Which methodological gaps have greatest negative impact on long tail performance? Our answers highlight major avenues for future research in transfer learning for the long tail. Lastly, using our meta-analysis framework, we perform a case study comparing the performance of various adaptation methods on clinical narratives, which provides interesting insights that may enable us to make progress along these future avenues.|2022-01-01|2022|['Transactions of the Association for Computational Linguistics']
https://doi.org/10.1162/tacl_a_00496|Dependency Parsing with Backtracking using Deep Reinforcement Learning|Abstract Greedy algorithms for NLP such as transition-based parsing are prone to error propagation. One way to overcome this problem is to allow the algorithm to backtrack and explore an alternative solution in cases where new evidence contradicts the solution explored so far. In order to implement such a behavior, we use reinforcement learning and let the algorithm backtrack in cases where such an action gets a better reward than continuing to explore the current solution. We test this idea on both POS tagging and dependency parsing and show that backtracking is an effective means to fight against error propagation.|2022-01-01|2022|['Transactions of the Association for Computational Linguistics']
https://doi.org/10.1162/tacl_a_00512|Learning Fair Representations via Rate-Distortion Maximization|Abstract Text representations learned by machine learning models often encode undesirable demographic information of the user. Predictive models based on these representations can rely on such information, resulting in biased decisions. We present a novel debiasing technique, Fairness-aware Rate Maximization (FaRM), that removes protected information by making representations of instances belonging to the same protected attribute class uncorrelated, using the rate-distortion function. FaRM is able to debias representations with or without a target task at hand. FaRM can also be adapted to remove information about multiple protected attributes simultaneously. Empirical evaluations show that FaRM achieves state-of-the-art performance on several datasets, and learned representations leak significantly less protected attribute information against an attack by a non-linear probing network.|2022-01-01|2022|['Transactions of the Association for Computational Linguistics']
https://doi.org/10.1162/tacl_a_00522|Draw Me a Flower: Processing and Grounding Abstraction in Natural Language|Abstract Abstraction is a core tenet of human cognition and communication. When composing natural language instructions, humans naturally evoke abstraction to convey complex procedures in an efficient and concise way. Yet, interpreting and grounding abstraction expressed in NL has not yet been systematically studied in NLP, with no accepted benchmarks specifically eliciting abstraction in NL. In this work, we set the foundation for a systematic study of processing and grounding abstraction in NLP. First, we deliver a novel abstraction elicitation method and present Hexagons, a 2D instruction-following game. Using Hexagons we collected over 4k naturally occurring visually-grounded instructions rich with diverse types of abstractions. From these data, we derive an instruction-to-execution task and assess different types of neural models. Our results show that contemporary models and modeling practices are substantially inferior to human performance, and that model performance is inversely correlated with the level of abstraction, showing less satisfying performance on higher levels of abstraction. These findings are consistent across models and setups, confirming that abstraction is a challenging phenomenon deserving further attention and study in NLP/AI research.|2022-01-01|2022|['Transactions of the Association for Computational Linguistics']
https://doi.org/10.1162/tacl_a_00456|Predicting Document Coverage for Relation Extraction|Abstract This paper presents a new task of predicting the coverage of a text document for relation extraction (RE): Does the document contain many relational tuples for a given entity? Coverage predictions are useful in selecting the best documents for knowledge base construction with large input corpora. To study this problem, we present a dataset of 31,366 diverse documents for 520 entities. We analyze the correlation of document coverage with features like length, entity mention frequency, Alexa rank, language complexity, and information retrieval scores. Each of these features has only moderate predictive power. We employ methods combining features with statistical models like TF-IDF and language models like BERT. The model combining features and BERT, HERB, achieves an F1 score of up to 46%. We demonstrate the utility of coverage predictions on two use cases: KB construction and claim refutation.|2022-01-01|2022|['Transactions of the Association for Computational Linguistics']
https://doi.org/10.1162/tacl_a_00467|Data-driven Model Generalizability in Crosslinguistic Low-resource Morphological Segmentation|Abstract Common designs of model evaluation typically focus on monolingual settings, where different models are compared according to their performance on a single data set that is assumed to be representative of all possible data for the task at hand. While this may be reasonable for a large data set, this assumption is difficult to maintain in low-resource scenarios, where artifacts of the data collection can yield data sets that are outliers, potentially making conclusions about model performance coincidental. To address these concerns, we investigate model generalizability in crosslinguistic low-resource scenarios. Using morphological segmentation as the test case, we compare three broad classes of models with different parameterizations, taking data from 11 languages across 6 language families. In each experimental setting, we evaluate all models on a first data set, then examine their performance consistency when introducing new randomly sampled data sets with the same size and when applying the trained models to unseen test sets of varying sizes. The results demonstrate that the extent of model generalization depends on the characteristics of the data set, and does not necessarily rely heavily on the data set size. Among the characteristics that we studied, the ratio of morpheme overlap and that of the average number of morphemes per word between the training and test sets are the two most prominent factors. Our findings suggest that future work should adopt random sampling to construct data sets with different sizes in order to make more responsible claims about model evaluation.|2022-01-01|2022|['Transactions of the Association for Computational Linguistics']
https://doi.org/10.1162/tacl_a_00488|Text-based NP Enrichment|Abstract Understanding the relations between entities denoted by NPs in a text is a critical part of human-like natural language understanding. However, only a fraction of such relations is covered by standard NLP tasks and benchmarks nowadays. In this work, we propose a novel task termed text-based NP enrichment (TNE), in which we aim to enrich each NP in a text with all the preposition-mediated relations—either explicit or implicit—that hold between it and other NPs in the text. The relations are represented as triplets, each denoted by two NPs related via a preposition. Humans recover such relations seamlessly, while current state-of-the-art models struggle with them due to the implicit nature of the problem. We build the first large-scale dataset for the problem, provide the formal framing and scope of annotation, analyze the data, and report the results of fine-tuned language models on the task, demonstrating the challenge it poses to current technology. A webpage with a data-exploration UI, a demo, and links to the code, models, and leaderboard, to foster further research into this challenging problem can be found at: yanaiela.github.io/TNE/.|2022-01-01|2022|['Transactions of the Association for Computational Linguistics']
https://doi.org/10.1162/tacl_a_00510|Getting BART to Ride the Idiomatic Train: Learning to Represent Idiomatic Expressions|Abstract Idiomatic expressions (IEs), characterized by their non-compositionality, are an important part of natural language. They have been a classical challenge to NLP, including pre-trained language models that drive today’s state-of-the-art. Prior work has identified deficiencies in their contextualized representation stemming from the underlying compositional paradigm of representation. In this work, we take a first-principles approach to build idiomaticity into BART using an adapter as a lightweight non-compositional language expert trained on idiomatic sentences. The improved capability over baselines (e.g., BART) is seen via intrinsic and extrinsic methods, where idiom embeddings score 0.19 points higher in homogeneity score for embedding clustering, and up to 25% higher sequence accuracy on the idiom processing tasks of IE sense disambiguation and span detection.|2022-01-01|2022|['Transactions of the Association for Computational Linguistics']
https://doi.org/10.1162/tacl_a_00464|A Multi-Level Optimization Framework for End-to-End Text Augmentation|Abstract Text augmentation is an effective technique in alleviating overfitting in NLP tasks. In existing methods, text augmentation and downstream tasks are mostly performed separately. As a result, the augmented texts may not be optimal to train the downstream model. To address this problem, we propose a three-level optimization framework to perform text augmentation and the downstream task end-to- end. The augmentation model is trained in a way tailored to the downstream task. Our framework consists of three learning stages. A text summarization model is trained to perform data augmentation at the first stage. Each summarization example is associated with a weight to account for its domain difference with the text classification data. At the second stage, we use the model trained at the first stage to perform text augmentation and train a text classification model on the augmented texts. At the third stage, we evaluate the text classification model trained at the second stage and update weights of summarization examples by minimizing the validation loss. These three stages are performed end-to-end. We evaluate our method on several text classification datasets where the results demonstrate the effectiveness of our method. Code is available at https://github.com/Sai-Ashish/End-to-End-Text-Augmentation.|2022-01-01|2022|['Transactions of the Association for Computational Linguistics']
https://doi.org/10.1162/tacl_a_00508|Diff-Explainer: Differentiable Convex Optimization for Explainable Multi-hop Inference|Abstract This paper presents Diff-Explainer, the first hybrid framework for explainable multi-hop inference that integrates explicit constraints with neural architectures through differentiable convex optimization. Specifically, Diff- Explainer allows for the fine-tuning of neural representations within a constrained optimization framework to answer and explain multi-hop questions in natural language. To demonstrate the efficacy of the hybrid framework, we combine existing ILP-based solvers for multi-hop Question Answering (QA) with Transformer-based representations. An extensive empirical evaluation on scientific and commonsense QA tasks demonstrates that the integration of explicit constraints in a end-to-end differentiable framework can significantly improve the performance of non- differentiable ILP solvers (8.91%–13.3%). Moreover, additional analysis reveals that Diff-Explainer is able to achieve strong performance when compared to standalone Transformers and previous multi-hop approaches while still providing structured explanations in support of its predictions.|2022-01-01|2022|['Transactions of the Association for Computational Linguistics']
https://doi.org/10.1162/tacl_a_00507|Modeling Non-Cooperative Dialogue: Theoretical and Empirical Insights|Abstract Investigating cooperativity of interlocutors is central in studying pragmatics of dialogue. Models of conversation that only assume cooperative agents fail to explain the dynamics of strategic conversations. Thus, we investigate the ability of agents to identify non-cooperative interlocutors while completing a concurrent visual-dialogue task. Within this novel setting, we study the optimality of communication strategies for achieving this multi-task objective. We use the tools of learning theory to develop a theoretical model for identifying non-cooperative interlocutors and apply this theory to analyze different communication strategies. We also introduce a corpus of non-cooperative conversations about images in the GuessWhat?! dataset proposed by De Vries et al. (2017). We use reinforcement learning to implement multiple communication strategies in this context and find that empirical results validate our theory.|2022-01-01|2022|['Transactions of the Association for Computational Linguistics']
https://doi.org/10.1162/tacl_a_00463|Towards General Natural Language Understanding with Probabilistic Worldbuilding|Abstract We introduce the Probabilistic Worldbuilding Model (PWM), a new fully symbolic Bayesian model of semantic parsing and reasoning, as a first step in a research program toward more domain- and task-general NLU and AI. Humans create internal mental models of their observations that greatly aid in their ability to understand and reason about a large variety of problems. In PWM, the meanings of sentences, acquired facts about the world, and intermediate steps in reasoning are all expressed in a human-readable formal language, with the design goal of interpretability. PWM is Bayesian, designed specifically to be able to generalize to new domains and new tasks. We derive and implement an inference algorithm that reads sentences by parsing and abducing updates to its latent world model that capture the semantics of those sentences, and evaluate it on two out-of-domain question-answering datasets: (1) ProofWriter and (2) a new dataset we call FictionalGeoQA, designed to be more representative of real language but still simple enough to focus on evaluating reasoning ability, while being robust against heuristics. Our method outperforms baselines on both, thereby demonstrating its value as a proof-of-concept.|2022-01-01|2022|['Transactions of the Association for Computational Linguistics']
https://doi.org/10.1162/tacl_a_00472|A Neighborhood Framework for Resource-Lean Content Flagging|Abstract We propose a novel framework for cross- lingual content flagging with limited target- language data, which significantly outperforms prior work in terms of predictive performance. The framework is based on a nearest-neighbor architecture. It is a modern instantiation of the vanilla k-nearest neighbor model, as we use Transformer representations in all its components. Our framework can adapt to new source- language instances, without the need to be retrained from scratch. Unlike prior work on neighborhood-based approaches, we encode the neighborhood information based on query– neighbor interactions. We propose two encoding schemes and we show their effectiveness using both qualitative and quantitative analysis. Our evaluation results on eight languages from two different datasets for abusive language detection show sizable improvements of up to 9.5 F1 points absolute (for Italian) over strong baselines. On average, we achieve 3.6 absolute F1 points of improvement for the three languages in the Jigsaw Multilingual dataset and 2.14 points for the WUL dataset.|2022-01-01|2022|['Transactions of the Association for Computational Linguistics']
https://doi.org/10.1162/tacl_a_00528|Morphology Without Borders: Clause-Level Morphology|Abstract Morphological tasks use large multi-lingual datasets that organize words into inflection tables, which then serve as training and evaluation data for various tasks. However, a closer inspection of these data reveals profound cross-linguistic inconsistencies, which arise from the lack of a clear linguistic and operational definition of what is a word, and which severely impair the universality of the derived tasks. To overcome this deficiency, we propose to view morphology as a clause-level phenomenon, rather than word-level. It is anchored in a fixed yet inclusive set of features, that encapsulates all functions realized in a saturated clause. We deliver MightyMorph, a novel dataset for clause-level morphology covering 4 typologically different languages: English, German, Turkish, and Hebrew. We use this dataset to derive 3 clause-level morphological tasks: inflection, reinflection and analysis. Our experiments show that the clause-level tasks are substantially harder than the respective word-level tasks, while having comparable complexity across languages. Furthermore, redefining morphology to the clause-level provides a neat interface with contextualized language models (LMs) and allows assessing the morphological knowledge encoded in these models and their usability for morphological tasks. Taken together, this work opens up new horizons in the study of computational morphology, leaving ample space for studying neural morphology cross-linguistically.|2022-01-01|2022|['Transactions of the Association for Computational Linguistics']
https://doi.org/10.1162/tacl_a_00524|The Emergence of Argument Structure in Artificial Languages|Abstract Computational approaches to the study of language emergence can help us understand how natural languages are shaped by cognitive and sociocultural factors. Previous work focused on tasks where agents refer to a single entity. In contrast, we study how agents predicate, that is, how they express that some relation holds between several entities. We introduce a setup where agents talk about a variable number of entities that can be partially observed by the listener. In the presence of a least-effort pressure, they tend to discuss only entities that are not observed by the listener. Thus we can obtain artificial phrases that denote a single entity, as well as artificial sentences that denote several entities. In natural languages, if we ignore the verb, phrases are usually concatenated, either in a specific order or by adding case markers to form sentences. Our setup allows us to quantify how much this holds in emergent languages using a metric we call concatenability. We also measure transitivity, which quantifies the importance of word order. We demonstrate the usefulness of this new setup and metrics for studying factors that influence argument structure. We compare agents having access to input representations structured into pre-segmented objects with properties, versus unstructured representations. Our results indicate that the awareness of object structure yields a more natural sentence organization.|2022-01-01|2022|['Transactions of the Association for Computational Linguistics']
https://doi.org/10.1162/tacl_a_00605|In-Context Retrieval-Augmented Language Models|Abstract Retrieval-Augmented Language Modeling (RALM) methods, which condition a language model (LM) on relevant documents from a grounding corpus during generation, were shown to significantly improve language modeling performance. In addition, they can mitigate the problem of factually inaccurate text generation and provide natural source attribution mechanism. Existing RALM approaches focus on modifying the LM architecture in order to facilitate the incorporation of external information, significantly complicating deployment. This paper considers a simple alternative, which we dub In-Context RALM: leaving the LM architecture unchanged and prepending grounding documents to the input, without any further training of the LM. We show that In-Context RALM that builds on off-the-shelf general purpose retrievers provides surprisingly large LM gains across model sizes and diverse corpora. We also demonstrate that the document retrieval and ranking mechanism can be specialized to the RALM setting to further boost performance. We conclude that In-Context RALM has considerable potential to increase the prevalence of LM grounding, particularly in settings where a pretrained LM must be used without modification or even via API access.1|2023-01-01|2023|['Transactions of the Association for Computational Linguistics']
https://doi.org/10.1162/tacl_a_00530|Improving the Domain Adaptation of Retrieval Augmented Generation (RAG) Models for Open Domain Question Answering|Abstract Retrieval Augment Generation (RAG) is a recent advancement in Open-Domain Question Answering (ODQA). RAG has only been trained and explored with a Wikipedia-based external knowledge base and is not optimized for use in other specialized domains such as healthcare and news. In this paper, we evaluate the impact of joint training of the retriever and generator components of RAG for the task of domain adaptation in ODQA. We propose RAG-end2end, an extension to RAG that can adapt to a domain-specific knowledge base by updating all components of the external knowledge base during training. In addition, we introduce an auxiliary training signal to inject more domain-specific knowledge. This auxiliary signal forces RAG-end2end to reconstruct a given sentence by accessing the relevant information from the external knowledge base. Our novel contribution is that, unlike RAG, RAG-end2end does joint training of the retriever and generator for the end QA task and domain adaptation. We evaluate our approach with datasets from three domains: COVID-19, News, and Conversations, and achieve significant performance improvements compared to the original RAG model. Our work has been open-sourced through the HuggingFace Transformers library, attesting to our work’s credibility and technical consistency.|2023-01-01|2023|['Transactions of the Association for Computational Linguistics']
https://doi.org/10.1162/tacl_a_00542|An Empirical Survey of Data Augmentation for Limited Data Learning in NLP|Abstract NLP has achieved great progress in the past decade through the use of neural models and large labeled datasets. The dependence on abundant data prevents NLP models from being applied to low-resource settings or novel tasks where significant time, money, or expertise is required to label massive amounts of textual data. Recently, data augmentation methods have been explored as a means of improving data efficiency in NLP. To date, there has been no systematic empirical overview of data augmentation for NLP in the limited labeled data setting, making it difficult to understand which methods work in which settings. In this paper, we provide an empirical survey of recent progress on data augmentation for NLP in the limited labeled data setting, summarizing the landscape of methods (including token-level augmentations, sentence-level augmentations, adversarial augmentations, and hidden-space augmentations) and carrying out experiments on 11 datasets covering topics/news classification, inference tasks, paraphrasing tasks, and single-sentence tasks. Based on the results, we draw several conclusions to help practitioners choose appropriate augmentations in different settings and discuss the current challenges and future directions for limited data learning in NLP.|2023-01-01|2023|['Transactions of the Association for Computational Linguistics']
https://doi.org/10.1162/tacl_a_00615|Hallucinations in Large Multilingual Translation Models|Abstract Hallucinated translations can severely undermine and raise safety issues when machine translation systems are deployed in the wild. Previous research on the topic focused on small bilingual models trained on high-resource languages, leaving a gap in our understanding of hallucinations in multilingual models across diverse translation scenarios. In this work, we fill this gap by conducting a comprehensive analysis—over 100 language pairs across various resource levels and going beyond English-centric directions—on both the M2M neural machine translation (NMT) models and GPT large language models (LLMs). Among several insights, we highlight that models struggle with hallucinations primarily in low-resource directions and when translating out of English, where, critically, they may reveal toxic patterns that can be traced back to the training data. We also find that LLMs produce qualitatively different hallucinations to those of NMT models. Finally, we show that hallucinations are hard to reverse by merely scaling models trained with the same data. However, employing more diverse models, trained on different data or with different procedures, as fallback systems can improve translation quality and virtually eliminate certain pathologies.|2023-01-01|2023|['Transactions of the Association for Computational Linguistics']
https://doi.org/10.1162/tacl_a_00566|Visual Spatial Reasoning|Abstract Spatial relations are a basic part of human cognition. However, they are expressed in natural language in a variety of ways, and previous work has suggested that current vision-and-language models (VLMs) struggle to capture relational information. In this paper, we present Visual Spatial Reasoning (VSR), a dataset containing more than 10k natural text-image pairs with 66 types of spatial relations in English (e.g., under, in front of, facing). While using a seemingly simple annotation format, we show how the dataset includes challenging linguistic phenomena, such as varying reference frames. We demonstrate a large gap between human and model performance: The human ceiling is above 95%, while state-of-the-art models only achieve around 70%. We observe that VLMs’ by-relation performances have little correlation with the number of training examples and the tested models are in general incapable of recognising relations concerning the orientations of objects.1|2023-01-01|2023|['Transactions of the Association for Computational Linguistics']
https://doi.org/10.1162/tacl_a_00618|Speak, Read and Prompt: High-Fidelity Text-to-Speech with Minimal Supervision|Abstract We introduce SPEAR-TTS, a multi-speaker text-to-speech (TTS) system that can be trained with minimal supervision. By combining two types of discrete speech representations, we cast TTS as a composition of two sequence-to-sequence tasks: from text to high-level semantic tokens (akin to “reading”) and from semantic tokens to low-level acoustic tokens (“speaking”). Decoupling these two tasks enables training of the “speaking” module using abundant audio-only data, and unlocks the highly efficient combination of pretraining and backtranslation to reduce the need for parallel data when training the “reading” component. To control the speaker identity, we adopt example prompting, which allows SPEAR-TTS to generalize to unseen speakers using only a short sample of 3 seconds, without any explicit speaker representation or speaker labels. Our experiments demonstrate that SPEAR-TTS achieves a character error rate that is competitive with state-of-the-art methods using only 15 minutes of parallel data, while matching ground-truth speech in naturalness and acoustic quality.|2023-01-01|2023|['Transactions of the Association for Computational Linguistics']
https://doi.org/10.1162/tacl_a_00577|Efficient Methods for Natural Language Processing: A Survey|Abstract Recent work in natural language processing (NLP) has yielded appealing results from scaling model parameters and training data; however, using only scale to improve performance means that resource consumption also grows. Such resources include data, time, storage, or energy, all of which are naturally limited and unevenly distributed. This motivates research into efficient methods that require fewer resources to achieve similar results. This survey synthesizes and relates current methods and findings in efficient NLP. We aim to provide both guidance for conducting NLP under limited resources, and point towards promising research directions for developing more efficient methods.|2023-01-01|2023|['Transactions of the Association for Computational Linguistics']
https://doi.org/10.1162/tacl_a_00548|Why Does Surprisal From Larger Transformer-Based Language Models Provide a Poorer Fit to Human Reading Times?|Abstract This work presents a linguistic analysis into why larger Transformer-based pre-trained language models with more parameters and lower perplexity nonetheless yield surprisal estimates that are less predictive of human reading times. First, regression analyses show a strictly monotonic, positive log-linear relationship between perplexity and fit to reading times for the more recently released five GPT-Neo variants and eight OPT variants on two separate datasets, replicating earlier results limited to just GPT-2 (Oh et al., 2022). Subsequently, analysis of residual errors reveals a systematic deviation of the larger variants, such as underpredicting reading times of named entities and making compensatory overpredictions for reading times of function words such as modals and conjunctions. These results suggest that the propensity of larger Transformer-based models to ‘memorize’ sequences during training makes their surprisal estimates diverge from humanlike expectations, which warrants caution in using pre-trained language models to study human language processing.|2023-01-01|2023|['Transactions of the Association for Computational Linguistics']
https://doi.org/10.1162/tacl_a_00619|Pre-train, Prompt, and Recommendation: A Comprehensive Survey of Language Modeling Paradigm Adaptations in Recommender Systems|Abstract The emergence of Pre-trained Language Models (PLMs) has achieved tremendous success in the field of Natural Language Processing (NLP) by learning universal representations on large corpora in a self-supervised manner. The pre-trained models and the learned representations can be beneficial to a series of downstream NLP tasks. This training paradigm has recently been adapted to the recommendation domain and is considered a promising approach by both academia and industry. In this paper, we systematically investigate how to extract and transfer knowledge from pre-trained models learned by different PLM-related training paradigms to improve recommendation performance from various perspectives, such as generality, sparsity, efficiency and effectiveness. Specifically, we propose a comprehensive taxonomy to divide existing PLM-based recommender systems w.r.t. their training strategies and objectives. Then, we analyze and summarize the connection between PLM-based training paradigms and different input data types for recommender systems. Finally, we elaborate on open issues and future research directions in this vibrant field.|2023-01-01|2023|['Transactions of the Association for Computational Linguistics']
https://doi.org/10.1162/tacl_a_00544|Transformers for Tabular Data Representation: A Survey of Models and Applications|Abstract In the last few years, the natural language processing community has witnessed advances in neural representations of free texts with transformer-based language models (LMs). Given the importance of knowledge available in tabular data, recent research efforts extend LMs by developing neural representations for structured data. In this article, we present a survey that analyzes these efforts. We first abstract the different systems according to a traditional machine learning pipeline in terms of training data, input representation, model training, and supported downstream tasks. For each aspect, we characterize and compare the proposed solutions. Finally, we discuss future work directions.|2023-01-01|2023|['Transactions of the Association for Computational Linguistics']
https://doi.org/10.1162/tacl_a_00612|Testing the Predictions of Surprisal Theory in 11 Languages|Abstract Surprisal theory posits that less-predictable words should take more time to process, with word predictability quantified as surprisal, i.e., negative log probability in context. While evidence supporting the predictions of surprisal theory has been replicated widely, much of it has focused on a very narrow slice of data: native English speakers reading English texts. Indeed, no comprehensive multilingual analysis exists. We address this gap in the current literature by investigating the relationship between surprisal and reading times in eleven different languages, distributed across five language families. Deriving estimates from language models trained on monolingual and multilingual corpora, we test three predictions associated with surprisal theory: (i) whether surprisal is predictive of reading times, (ii) whether expected surprisal, i.e., contextual entropy, is predictive of reading times, and (iii) whether the linking function between surprisal and reading times is linear. We find that all three predictions are borne out crosslinguistically. By focusing on a more diverse set of languages, we argue that these results offer the most robust link to date between information theory and incremental language processing across languages.|2023-01-01|2023|['Transactions of the Association for Computational Linguistics']
https://doi.org/10.1162/tacl_a_00536|Locally Typical Sampling|Abstract Today’s probabilistic language generators fall short when it comes to producing coherent and fluent text despite the fact that the underlying models perform well under standard metrics (e.g., perplexity). This discrepancy has puzzled the language generation community for the last few years. In this work, we posit that the abstraction of natural language generation as a discrete stochastic process—which allows for an information-theoretic analysis—can provide new insights into the behavior of probabilistic language generators, for example, why high-probability texts can be dull or repetitive. Humans use language as a means of communicating information, aiming to do so in a simultaneously efficient and error-minimizing manner; in fact, psycholinguistics research suggests humans choose each word in a string with this subconscious goal in mind. We formally define the set of strings that meet this criterion: Those for which each word has an information content close to the expected information content, namely, the conditional entropy of our model. We then propose a simple and efficient procedure for enforcing this criterion when generating from probabilistic models, which we call locally typical sampling. Automatic and human evaluations show that, in comparison to nucleus and top-k sampling, locally typical sampling offers competitive performance (in both abstractive summarization and story generation) in terms of quality while consistently reducing degenerate repetitions.|2023-01-01|2023|['Transactions of the Association for Computational Linguistics']
https://doi.org/10.1162/tacl_a_00545|Generative Spoken Dialogue Language Modeling|Abstract We introduce dGSLM, the first “textless” model able to generate audio samples of naturalistic spoken dialogues. It uses recent work on unsupervised spoken unit discovery coupled with a dual-tower transformer architecture with cross-attention trained on 2000 hours of two-channel raw conversational audio (Fisher dataset) without any text or labels. We show that our model is able to generate speech, laughter, and other paralinguistic signals in the two channels simultaneously and reproduces more naturalistic and fluid turn taking compared to a text-based cascaded model.1,2|2023-01-01|2023|['Transactions of the Association for Computational Linguistics']
https://doi.org/10.1162/tacl_a_00567|How Much Do Language Models Copy From Their Training Data? Evaluating Linguistic Novelty in Text Generation Using RAVEN|Abstract Current language models can generate high-quality text. Are they simply copying text they have seen before, or have they learned generalizable linguistic abstractions? To tease apart these possibilities, we introduce RAVEN, a suite of analyses for assessing the novelty of generated text, focusing on sequential structure (n-grams) and syntactic structure. We apply these analyses to four neural language models trained on English (an LSTM, a Transformer, Transformer-XL, and GPT-2). For local structure—e.g., individual dependencies—text generated with a standard sampling scheme is substantially less novel than our baseline of human-generated text from each model’s test set. For larger-scale structure—e.g., overall sentence structure—model-generated text is as novel or even more novel than the human-generated baseline, but models still sometimes copy substantially, in some cases duplicating passages over 1,000 words long from the training set. We also perform extensive manual analysis, finding evidence that GPT-2 uses both compositional and analogical generalization mechanisms and showing that GPT-2’s novel text is usually well-formed morphologically and syntactically but has reasonably frequent semantic issues (e.g., being self-contradictory).|2023-01-01|2023|['Transactions of the Association for Computational Linguistics']
https://doi.org/10.1162/tacl_a_00563|Understanding and Detecting Hallucinations in Neural Machine Translation via Model Introspection|Abstract Neural sequence generation models are known to “hallucinate”, by producing outputs that are unrelated to the source text. These hallucinations are potentially harmful, yet it remains unclear in what conditions they arise and how to mitigate their impact. In this work, we first identify internal model symptoms of hallucinations by analyzing the relative token contributions to the generation in contrastive hallucinated vs. non-hallucinated outputs generated via source perturbations. We then show that these symptoms are reliable indicators of natural hallucinations, by using them to design a lightweight hallucination detector which outperforms both model-free baselines and strong classifiers based on quality estimation or large pre-trained models on manually annotated English-Chinese and German-English translation test beds.|2023-01-01|2023|['Transactions of the Association for Computational Linguistics']
https://doi.org/10.1162/tacl_a_00628|MissModal: Increasing Robustness to Missing Modality in Multimodal Sentiment Analysis|Abstract When applying multimodal machine learning in downstream inference, both joint and coordinated multimodal representations rely on the complete presence of modalities as in training. However, modal-incomplete data, where certain modalities are missing, greatly reduces performance in Multimodal Sentiment Analysis (MSA) due to varying input forms and semantic information deficiencies. This limits the applicability of the predominant MSA methods in the real world, where the completeness of multimodal data is uncertain and variable. The generation-based methods attempt to generate the missing modality, yet they require complex hierarchical architecture with huge computational costs and struggle with the representation gaps across different modalities. Diversely, we propose a novel representation learning approach named MissModal, devoting to increasing robustness to missing modality in a classification approach. Specifically, we adopt constraints with geometric contrastive loss, distribution distance loss, and sentiment semantic loss to align the representations of modal-missing and modal-complete data, without impacting the sentiment inference for the complete modalities. Furthermore, we do not demand any changes in the multimodal fusion stage, highlighting the generality of our method in other multimodal learning systems. Extensive experiments demonstrate that the proposed method achieves superior performance with minimal computational costs in various missing modalities scenarios (flexibility), including severely missing modality (efficiency) on two public MSA datasets.|2023-01-01|2023|['Transactions of the Association for Computational Linguistics']
https://doi.org/10.1162/tacl_a_00626|Bridging the Gap: A Survey on Integrating (Human) Feedback for Natural Language Generation|Abstract Natural language generation has witnessed significant advancements due to the training of large language models on vast internet-scale datasets. Despite these advancements, there exists a critical challenge: These models can inadvertently generate content that is toxic, inaccurate, and unhelpful, and existing automatic evaluation metrics often fall short of identifying these shortcomings. As models become more capable, human feedback is an invaluable signal for evaluating and improving models. This survey aims to provide an overview of recent research that has leveraged human feedback to improve natural language generation. First, we introduce a taxonomy distilled from existing research to categorize and organize the varied forms of feedback. Next, we discuss how feedback can be described by its format and objective, and cover the two approaches proposed to use feedback (either for training or decoding): directly using feedback or training feedback models. We also discuss existing datasets for human-feedback data collection, and concerns surrounding feedback collection. Finally, we provide an overview of the nascent field of AI feedback, which uses large language models to make judgments based on a set of principles and minimize the need for human intervention. We also release a website of this survey at feedback-gap-survey.info.|2023-01-01|2023|['Transactions of the Association for Computational Linguistics']
https://doi.org/10.1162/tacl_a_00595|<b>MIRACL</b>: A Multilingual Retrieval Dataset Covering 18 Diverse Languages|Abstract MIRACL is a multilingual dataset for ad hoc retrieval across 18 languages that collectively encompass over three billion native speakers around the world. This resource is designed to support monolingual retrieval tasks, where the queries and the corpora are in the same language. In total, we have gathered over 726k high-quality relevance judgments for 78k queries over Wikipedia in these languages, where all annotations have been performed by native speakers hired by our team. MIRACL covers languages that are both typologically close as well as distant from 10 language families and 13 sub-families, associated with varying amounts of publicly available resources. Extensive automatic heuristic verification and manual assessments were performed during the annotation process to control data quality. In total, MIRACL represents an investment of around five person-years of human annotator effort. Our goal is to spur research on improving retrieval across a continuum of languages, thus enhancing information access capabilities for diverse populations around the world, particularly those that have traditionally been underserved. MIRACL is available at http://miracl.ai/.|2023-01-01|2023|['Transactions of the Association for Computational Linguistics']
https://doi.org/10.1162/tacl_a_00578|Abstractive Meeting Summarization: A Survey|Abstract A system that could reliably identify and sum up the most important points of a conversation would be valuable in a wide variety of real-world contexts, from business meetings to medical consultations to customer service calls. Recent advances in deep learning, and especially the invention of encoder-decoder architectures, has significantly improved language generation systems, opening the door to improved forms of abstractive summarization—a form of summarization particularly well-suited for multi-party conversation. In this paper, we provide an overview of the challenges raised by the task of abstractive meeting summarization and of the data sets, models, and evaluation metrics that have been used to tackle the problems.|2023-01-01|2023|['Transactions of the Association for Computational Linguistics']
https://doi.org/10.1162/tacl_a_00564|Questions Are All You Need to Train a Dense Passage Retriever|Abstract We introduce ART, a new corpus-level autoencoding approach for training dense retrieval models that does not require any labeled training data. Dense retrieval is a central challenge for open-domain tasks, such as Open QA, where state-of-the-art methods typically require large supervised datasets with custom hard-negative mining and denoising of positive examples. ART, in contrast, only requires access to unpaired inputs and outputs (e.g., questions and potential answer passages). It uses a new passage-retrieval autoencoding scheme, where (1) an input question is used to retrieve a set of evidence passages, and (2) the passages are then used to compute the probability of reconstructing the original question. Training for retrieval based on question reconstruction enables effective unsupervised learning of both passage and question encoders, which can be later incorporated into complete Open QA systems without any further finetuning. Extensive experiments demonstrate that ART obtains state-of-the-art results on multiple QA retrieval benchmarks with only generic initialization from a pre-trained language model, removing the need for labeled data and task-specific losses.1 Our code and model checkpoints are available at: https://github.com/DevSinghSachan/art.|2023-01-01|2023|['Transactions of the Association for Computational Linguistics']
https://doi.org/10.1162/tacl_a_00603|On the Effect of Anticipation on Reading Times|Abstract Over the past two decades, numerous studies have demonstrated how less-predictable (i.e., higher surprisal) words take more time to read. In general, these studies have implicitly assumed the reading process is purely responsive: Readers observe a new word and allocate time to process it as required. We argue that prior results are also compatible with a reading process that is at least partially anticipatory: Readers could make predictions about a future word and allocate time to process it based on their expectation. In this work, we operationalize this anticipation as a word’s contextual entropy. We assess the effect of anticipation on reading by comparing how well surprisal and contextual entropy predict reading times on four naturalistic reading datasets: two self-paced and two eye-tracking. Experimentally, across datasets and analyses, we find substantial evidence for effects of contextual entropy over surprisal on a word’s reading time (RT): In fact, entropy is sometimes better than surprisal in predicting a word’s RT. Spillover effects, however, are generally not captured by entropy, but only by surprisal. Further, we hypothesize four cognitive mechanisms through which contextual entropy could impact RTs—three of which we are able to design experiments to analyze. Overall, our results support a view of reading that is not just responsive, but also anticipatory.1|2023-01-01|2023|['Transactions of the Association for Computational Linguistics']
https://doi.org/10.1162/tacl_a_00562|The Parallelism Tradeoff: Limitations of Log-Precision Transformers|Abstract Despite their omnipresence in modern NLP, characterizing the computational power of transformer neural nets remains an interesting open question. We prove that transformers whose arithmetic precision is logarithmic in the number of input tokens (and whose feedforward nets are computable using space linear in their input) can be simulated by constant-depth logspace-uniform threshold circuits. This provides insight on the power of transformers using known results in complexity theory. For example, if L≠P (i.e., not all poly-time problems can be solved using logarithmic space), then transformers cannot even accurately solve linear equalities or check membership in an arbitrary context-free grammar with empty productions. Our result intuitively emerges from the transformer architecture’s high parallelizability. We thus speculatively introduce the idea of a fundamental parallelism tradeoff: any model architecture as parallelizable as the transformer will obey limitations similar to it. Since parallelism is key to training models at massive scale, this suggests a potential inherent weakness of the scaling paradigm.|2023-01-01|2023|['Transactions of the Association for Computational Linguistics']
https://doi.org/10.1162/tacl_a_00547|Efficient Long-Text Understanding with Short-Text Models|Abstract Transformer-based pretrained language models (LMs) are ubiquitous across natural language understanding, but cannot be applied to long sequences such as stories, scientific articles, and long documents due to their quadratic complexity. While a myriad of efficient transformer variants have been proposed, they are typically based on custom implementations that require expensive pretraining from scratch. In this work, we propose SLED: SLiding-Encoder and Decoder, a simple approach for processing long sequences that re-uses and leverages battle-tested short-text pretrained LMs. Specifically, we partition the input into overlapping chunks, encode each with a short-text LM encoder and use the pretrained decoder to fuse information across chunks (fusion-in-decoder). We illustrate through controlled experiments that SLED offers a viable strategy for long text understanding and evaluate our approach on SCROLLS, a benchmark with seven datasets across a wide range of language understanding tasks. We find that SLED is competitive with specialized models that are up to 50x larger and require a dedicated and expensive pretraining step.|2023-01-01|2023|['Transactions of the Association for Computational Linguistics']
https://doi.org/10.1162/tacl_a_00543|Coreference Resolution through a seq2seq Transition-Based System|Abstract Most recent coreference resolution systems use search algorithms over possible spans to identify mentions and resolve coreference. We instead present a coreference resolution system that uses a text-to-text (seq2seq) paradigm to predict mentions and links jointly. We implement the coreference system as a transition system and use multilingual T5 as an underlying language model. We obtain state-of-the-art accuracy on the CoNLL-2012 datasets with 83.3 F1-score for English (a 2.3 higher F1-score than previous work [Dobrovolskii, 2021]) using only CoNLL data for training, 68.5 F1-score for Arabic (+4.1 higher than previous work), and 74.3 F1-score for Chinese (+5.3). In addition we use the SemEval-2010 data sets for experiments in the zero-shot setting, a few-shot setting, and supervised setting using all available training data. We obtain substantially higher zero-shot F1-scores for 3 out of 4 languages than previous approaches and significantly exceed previous supervised state-of-the-art results for all five tested languages. We provide the code and models as open source.1|2023-01-01|2023|['Transactions of the Association for Computational Linguistics']
https://doi.org/10.1162/tacl_a_00576|MENLI: Robust Evaluation Metrics from Natural Language Inference|Abstract Recently proposed BERT-based evaluation metrics for text generation perform well on standard benchmarks but are vulnerable to adversarial attacks, e.g., relating to information correctness. We argue that this stems (in part) from the fact that they are models of semantic similarity. In contrast, we develop evaluation metrics based on Natural Language Inference (NLI), which we deem a more appropriate modeling. We design a preference-based adversarial attack framework and show that our NLI based metrics are much more robust to the attacks than the recent BERT-based metrics. On standard benchmarks, our NLI based metrics outperform existing summarization metrics, but perform below SOTA MT metrics. However, when combining existing metrics with our NLI metrics, we obtain both higher adversarial robustness (15%–30%) and higher quality metrics as measured on standard benchmarks (+5% to 30%).|2023-01-01|2023|['Transactions of the Association for Computational Linguistics']
https://doi.org/10.1162/tacl_a_00539|Cross-Lingual Dialogue Dataset Creation via Outline-Based Generation|Abstract Multilingual task-oriented dialogue (ToD) facilitates access to services and information for many (communities of) speakers. Nevertheless, its potential is not fully realized, as current multilingual ToD datasets—both for modular and end-to-end modeling—suffer from severe limitations. 1) When created from scratch, they are usually small in scale and fail to cover many possible dialogue flows. 2) Translation-based ToD datasets might lack naturalness and cultural specificity in the target language. In this work, to tackle these limitations we propose a novel outline-based annotation process for multilingual ToD datasets, where domain-specific abstract schemata of dialogue are mapped into natural language outlines. These in turn guide the target language annotators in writing dialogues by providing instructions about each turn’s intents and slots. Through this process we annotate a new large-scale dataset for evaluation of multilingual and cross-lingual ToD systems. Our Cross-lingual Outline-based Dialogue dataset (cod) enables natural language understanding, dialogue state tracking, and end-to-end dialogue evaluation in 4 diverse languages: Arabic, Indonesian, Russian, and Kiswahili. Qualitative and quantitative analyses of cod versus an equivalent translation-based dataset demonstrate improvements in data quality, unlocked by the outline-based approach. Finally, we benchmark a series of state-of-the-art systems for cross-lingual ToD, setting reference scores for future work and demonstrating that cod prevents over-inflated performance, typically met with prior translation-based ToD datasets.|2023-01-01|2023|['Transactions of the Association for Computational Linguistics']
https://doi.org/10.1162/tacl_a_00553|Visual Writing Prompts: Character-Grounded Story Generation with Curated Image Sequences|Abstract Current work on image-based story generation suffers from the fact that the existing image sequence collections do not have coherent plots behind them. We improve visual story generation by producing a new image-grounded dataset, Visual Writing Prompts (VWP). VWP contains almost 2K selected sequences of movie shots, each including 5-10 images. The image sequences are aligned with a total of 12K stories which were collected via crowdsourcing given the image sequences and a set of grounded characters from the corresponding image sequence. Our new image sequence collection and filtering process has allowed us to obtain stories that are more coherent, diverse, and visually grounded compared to previous work. We also propose a character-based story generation model driven by coherence as a strong baseline. Evaluations show that our generated stories are more coherent, visually grounded, and diverse than stories generated with the current state-of-the-art model. Our code, image features, annotations and collected stories are available at https://vwprompt.github.io/.|2023-01-01|2023|['Transactions of the Association for Computational Linguistics']
https://doi.org/10.1162/tacl_a_00551|Dubbing in Practice: A Large Scale Study of Human Localization With Insights for Automatic Dubbing|Abstract We investigate how humans perform the task of dubbing video content from one language into another, leveraging a novel corpus of 319.57 hours of video from 54 professionally produced titles. This is the first such large-scale study we are aware of. The results challenge a number of assumptions commonly made in both qualitative literature on human dubbing and machine-learning literature on automatic dubbing, arguing for the importance of vocal naturalness and translation quality over commonly emphasized isometric (character length) and lip-sync constraints, and for a more qualified view of the importance of isochronic (timing) constraints. We also find substantial influence of the source-side audio on human dubs through channels other than the words of the translation, pointing to the need for research on ways to preserve speech characteristics, as well as transfer of semantic properties such as emphasis and emotion, in automatic dubbing systems.|2023-01-01|2023|['Transactions of the Association for Computational Linguistics']
https://doi.org/10.1162/tacl_a_00583|Conditional Generation with a Question-Answering Blueprint|Abstract The ability to convey relevant and faithful information is critical for many tasks in conditional generation and yet remains elusive for neural seq-to-seq models whose outputs often reveal hallucinations and fail to correctly cover important details. In this work, we advocate planning as a useful intermediate representation for rendering conditional generation less opaque and more grounded. We propose a new conceptualization of text plans as a sequence of question-answer (QA) pairs and enhance existing datasets (e.g., for summarization) with a QA blueprint operating as a proxy for content selection (i.e., what to say) and planning (i.e., in what order). We obtain blueprints automatically by exploiting state-of-the-art question generation technology and convert input-output pairs into input-blueprint-output tuples. We develop Transformer-based models, each varying in how they incorporate the blueprint in the generated output (e.g., as a global plan or iteratively). Evaluation across metrics and datasets demonstrates that blueprint models are more factual than alternatives which do not resort to planning and allow tighter control of the generation output.|2023-01-01|2023|['Transactions of the Association for Computational Linguistics']
https://doi.org/10.1162/tacl_a_00532|On the Role of Negative Precedent in Legal Outcome Prediction|Abstract Every legal case sets a precedent by developing the law in one of the following two ways. It either expands its scope, in which case it sets positive precedent, or it narrows it, in which case it sets negative precedent. Legal outcome prediction, the prediction of positive outcome, is an increasingly popular task in AI. In contrast, we turn our focus to negative outcomes here, and introduce a new task of negative outcome prediction. We discover an asymmetry in existing models’ ability to predict positive and negative outcomes. Where the state-of-the-art outcome prediction model we used predicts positive outcomes at 75.06 F1, it predicts negative outcomes at only 10.09 F1, worse than a random baseline. To address this performance gap, we develop two new models inspired by the dynamics of a court process. Our first model significantly improves positive outcome prediction score to 77.15 F1 and our second model more than doubles the negative outcome prediction performance to 24.01 F1. Despite this improvement, shifting focus to negative outcomes reveals that there is still much room for improvement for outcome prediction models. https://github.com/valvoda/Negative-Precedent-in-Legal-Outcome-Prediction|2023-01-01|2023|['Transactions of the Association for Computational Linguistics']
https://doi.org/10.1162/tacl_a_00556|Aggretriever: A Simple Approach to Aggregate Textual Representations for Robust Dense Passage Retrieval|Abstract Pre-trained language models have been successful in many knowledge-intensive NLP tasks. However, recent work has shown that models such as BERT are not “structurally ready” to aggregate textual information into a [CLS] vector for dense passage retrieval (DPR). This “lack of readiness” results from the gap between language model pre-training and DPR fine-tuning. Previous solutions call for computationally expensive techniques such as hard negative mining, cross-encoder distillation, and further pre-training to learn a robust DPR model. In this work, we instead propose to fully exploit knowledge in a pre-trained language model for DPR by aggregating the contextualized token embeddings into a dense vector, which we call agg★. By concatenating vectors from the [CLS] token and agg★, our Aggretriever model substantially improves the effectiveness of dense retrieval models on both in-domain and zero-shot evaluations without introducing substantial training overhead. Code is available at https://github.com/castorini/dhr.|2023-01-01|2023|['Transactions of the Association for Computational Linguistics']
https://doi.org/10.1162/tacl_a_00602|<i>T</i> 2 <i>-NER</i>: A <u>T</u>wo-Stage Span-Based Framework for Unified Named Entity Recognition with <u>T</u>emplates|Abstract Named Entity Recognition (NER) has so far evolved from the traditional flat NER to overlapped and discontinuous NER. They have mostly been solved separately, with only several exceptions that concurrently tackle three tasks with a single model. The current best-performing method formalizes the unified NER as word-word relation classification, which barely focuses on mention content learning and fails to detect entity mentions comprising a single word. In this paper, we propose a two-stage span-based framework with templates, namely, T2-NER, to resolve the unified NER task. The first stage is to extract entity spans, where flat and overlapped entities can be recognized. The second stage is to classify over all entity span pairs, where discontinuous entities can be recognized. Finally, multi-task learning is used to jointly train two stages. To improve the efficiency of span-based model, we design grouped templates and typed templates for two stages to realize batch computations. We also apply an adjacent packing strategy and a latter packing strategy to model discriminative boundary information and learn better span (pair) representation. Moreover, we introduce the syntax information to enhance our span representation. We perform extensive experiments on eight benchmark datasets for flat, overlapped, and discontinuous NER, where our model beats all the current competitive baselines, obtaining the best performance of unified NER.|2023-01-01|2023|['Transactions of the Association for Computational Linguistics']
https://doi.org/10.1162/tacl_a_00575|<scp>MACSum</scp>: Controllable Summarization with Mixed Attributes|Abstract Controllable summarization allows users to generate customized summaries with specified attributes. However, due to the lack of designated annotations of controlled summaries, existing work has to craft pseudo datasets by adapting generic summarization benchmarks. Furthermore, most research focuses on controlling single attributes individually (e.g., a short summary or a highly abstractive summary) rather than controlling a mix of attributes together (e.g., a short and highly abstractive summary). In this paper, we propose MACSum, the first human-annotated summarization dataset for controlling mixed attributes. It contains source texts from two domains, news articles and dialogues, with human-annotated summaries controlled by five designed attributes (Length, Extractiveness, Specificity, Topic, and Speaker). We propose two simple and effective parameter-efficient approaches for the new task of mixed controllable summarization based on hard prompt tuning and soft prefix tuning. Results and analysis demonstrate that hard prompt models yield the best performance on most metrics and human evaluations. However, mixed-attribute control is still challenging for summarization tasks. Our dataset and code are available at https://github.com/psunlpgroup/MACSum.|2023-01-01|2023|['Transactions of the Association for Computational Linguistics']
https://doi.org/10.1162/tacl_a_00572|Chinese Idiom Paraphrasing|Abstract Idioms are a kind of idiomatic expression in Chinese, most of which consist of four Chinese characters. Due to the properties of non-compositionality and metaphorical meaning, Chinese idioms are hard to be understood by children and non-native speakers. This study proposes a novel task, denoted as Chinese Idiom Paraphrasing (CIP). CIP aims to rephrase idiom-containing sentences to non-idiomatic ones under the premise of preserving the original sentence’s meaning. Since the sentences without idioms are more easily handled by Chinese NLP systems, CIP can be used to pre-process Chinese datasets, thereby facilitating and improving the performance of Chinese NLP tasks, e.g., machine translation systems, Chinese idiom cloze, and Chinese idiom embeddings. In this study, we can treat the CIP task as a special paraphrase generation task. To circumvent difficulties in acquiring annotations, we first establish a large-scale CIP dataset based on human and machine collaboration, which consists of 115,529 sentence pairs. In addition to three sequence-to-sequence methods as the baselines, we further propose a novel infill-based approach based on text infilling. The results show that the proposed method has better performance than the baselines based on the established CIP dataset.|2023-01-01|2023|['Transactions of the Association for Computational Linguistics']
https://doi.org/10.1162/tacl_a_00579|Expectations over Unspoken Alternatives Predict Pragmatic Inferences|Abstract Scalar inferences (SI) are a signature example of how humans interpret language based on unspoken alternatives. While empirical studies have demonstrated that human SI rates are highly variable—both within instances of a single scale, and across different scales—there have been few proposals that quantitatively explain both cross- and within-scale variation. Furthermore, while it is generally assumed that SIs arise through reasoning about unspoken alternatives, it remains debated whether humans reason about alternatives as linguistic forms, or at the level of concepts. Here, we test a shared mechanism explaining SI rates within and across scales: context-driven expectations about the unspoken alternatives. Using neural language models to approximate human predictive distributions, we find that SI rates are captured by the expectedness of the strong scalemate as an alternative. Crucially, however, expectedness robustly predicts cross-scale variation only under a meaning-based view of alternatives. Our results suggest that pragmatic inferences arise from context-driven expectations over alternatives, and these expectations operate at the level of concepts.1|2023-01-01|2023|['Transactions of the Association for Computational Linguistics']
https://doi.org/10.1162/tacl_a_00580|Reasoning over Public and Private Data in Retrieval-Based Systems|Abstract Users an organizations are generating ever-increasing amounts of private data from a wide range of sources. Incorporating private context is important to personalize open-domain tasks such as question-answering, fact-checking, and personal assistants. State-of-the-art systems for these tasks explicitly retrieve information that is relevant to an input question from a background corpus before producing an answer. While today’s retrieval systems assume relevant corpora are fully (e.g., publicly) accessible, users are often unable or unwilling to expose their private data to entities hosting public data. We define the Split Iterative Retrieval (SPIRAL) problem involving iterative retrieval over multiple privacy scopes. We introduce a foundational benchmark with which to study SPIRAL, as no existing benchmark includes data from a private distribution. Our dataset, ConcurrentQA, includes data from distinct public and private distributions and is the first textual QA benchmark requiring concurrent retrieval over multiple distributions. Finally, we show that existing retrieval approaches face significant performance degradations when applied to our proposed retrieval setting and investigate approaches with which these tradeoffs can be mitigated. We release the new benchmark and code to reproduce the results.1|2023-01-01|2023|['Transactions of the Association for Computational Linguistics']
https://doi.org/10.1162/tacl_a_00608|How Abstract Is Linguistic Generalization in Large Language Models? Experiments with Argument Structure|Abstract Language models are typically evaluated on their success at predicting the distribution of specific words in specific contexts. Yet linguistic knowledge also encodes relationships between contexts, allowing inferences between word distributions. We investigate the degree to which pre-trained transformer-based large language models (LLMs) represent such relationships, focusing on the domain of argument structure. We find that LLMs perform well in generalizing the distribution of a novel noun argument between related contexts that were seen during pre-training (e.g., the active object and passive subject of the verb spray), succeeding by making use of the semantically organized structure of the embedding space for word embeddings. However, LLMs fail at generalizations between related contexts that have not been observed during pre-training, but which instantiate more abstract, but well-attested structural generalizations (e.g., between the active object and passive subject of an arbitrary verb). Instead, in this case, LLMs show a bias to generalize based on linear order. This finding points to a limitation with current models and points to a reason for which their training is data-intensive.1|2023-01-01|2023|['Transactions of the Association for Computational Linguistics']
https://doi.org/10.1162/tacl_a_00533|Meta-Learning a Cross-lingual Manifold for Semantic Parsing|Abstract Localizing a semantic parser to support new languages requires effective cross-lingual generalization. Recent work has found success with machine-translation or zero-shot methods, although these approaches can struggle to model how native speakers ask questions. We consider how to effectively leverage minimal annotated examples in new languages for few-shot cross-lingual semantic parsing. We introduce a first-order meta-learning algorithm to train a semantic parser with maximal sample efficiency during cross-lingual transfer. Our algorithm uses high-resource languages to train the parser and simultaneously optimizes for cross-lingual generalization to lower-resource languages. Results across six languages on ATIS demonstrate that our combination of generalization steps yields accurate semantic parsers sampling ≤10% of source training data in each new language. Our approach also trains a competitive model on Spider using English with generalization to Chinese similarly sampling ≤10% of training data.1|2023-01-01|2023|['Transactions of the Association for Computational Linguistics']
https://doi.org/10.1162/tacl_a_00574|Rank-Aware Negative Training for Semi-Supervised Text Classification|Abstract Semi-supervised text classification-based paradigms (SSTC) typically employ the spirit of self-training. The key idea is to train a deep classifier on limited labeled texts and then iteratively predict the unlabeled texts as their pseudo-labels for further training. However, the performance is largely affected by the accuracy of pseudo-labels, which may not be significant in real-world scenarios. This paper presents a Rank-aware Negative Training (RNT) framework to address SSTC in learning with noisy label settings. To alleviate the noisy information, we adapt a reasoning with uncertainty-based approach to rank the unlabeled texts based on the evidential support received from the labeled texts. Moreover, we propose the use of negative training to train RNT based on the concept that “the input instance does not belong to the complementary label”. A complementary label is randomly selected from all labels except the label on-target. Intuitively, the probability of a true label serving as a complementary label is low and thus provides less noisy information during the training, resulting in better performance on the test data. Finally, we evaluate the proposed solution on various text classification benchmark datasets. Our extensive experiments show that it consistently overcomes the state-of-the-art alternatives in most scenarios and achieves competitive performance in the others. The code of RNT is publicly available on GitHub.|2023-01-01|2023|['Transactions of the Association for Computational Linguistics']
https://doi.org/10.1162/tacl_a_00607|Direct Speech Translation for Automatic Subtitling|Abstract Automatic subtitling is the task of automatically translating the speech of audiovisual content into short pieces of timed text, i.e., subtitles and their corresponding timestamps. The generated subtitles need to conform to space and time requirements, while being synchronized with the speech and segmented in a way that facilitates comprehension. Given its considerable complexity, the task has so far been addressed through a pipeline of components that separately deal with transcribing, translating, and segmenting text into subtitles, as well as predicting timestamps. In this paper, we propose the first direct speech translation model for automatic subtitling that generates subtitles in the target language along with their timestamps with a single model. Our experiments on 7 language pairs show that our approach outperforms a cascade system in the same data condition, also being competitive with production tools on both in-domain and newly released out-domain benchmarks covering new scenarios.|2023-01-01|2023|['Transactions of the Association for Computational Linguistics']
https://doi.org/10.1162/tacl_a_00627|AfriSpeech-200: Pan-African Accented Speech Dataset for Clinical and General Domain ASR|Abstract Africa has a very poor doctor-to-patient ratio. At very busy clinics, doctors could see 30+ patients per day—a heavy patient burden compared with developed countries—but productivity tools such as clinical automatic speech recognition (ASR) are lacking for these overworked clinicians. However, clinical ASR is mature, even ubiquitous, in developed nations, and clinician-reported performance of commercial clinical ASR systems is generally satisfactory. Furthermore, the recent performance of general domain ASR is approaching human accuracy. However, several gaps exist. Several publications have highlighted racial bias with speech-to-text algorithms and performance on minority accents lags significantly. To our knowledge, there is no publicly available research or benchmark on accented African clinical ASR, and speech data is non-existent for the majority of African accents. We release AfriSpeech, 200hrs of Pan-African English speech, 67,577 clips from 2,463 unique speakers across 120 indigenous accents from 13 countries for clinical and general domain ASR, a benchmark test set, with publicly available pre-trained models with SOTA performance on the AfriSpeech benchmark.|2023-01-01|2023|['Transactions of the Association for Computational Linguistics']
https://doi.org/10.1162/tacl_a_00606|Learning to Paraphrase Sentences to Different Complexity Levels|Abstract While sentence simplification is an active research topic in NLP, its adjacent tasks of sentence complexification and same-level paraphrasing are not. To train models on all three tasks, we present two new unsupervised datasets. We compare these datasets, one labeled by a weak classifier and the other by a rule-based approach, with a single supervised dataset. Using these three datasets for training, we perform extensive experiments on both multitasking and prompting strategies. Compared to other systems trained on unsupervised parallel data, models trained on our weak classifier labeled dataset achieve state-of-the-art performance on the ASSET simplification benchmark. Our models also outperform previous work on sentence-level targeting. Finally, we establish how a handful of Large Language Models perform on these tasks under a zero-shot setting.|2023-01-01|2023|['Transactions of the Association for Computational Linguistics']
https://doi.org/10.1162/tacl_a_00537|Improving Low-Resource Cross-lingual Parsing with Expected Statistic Regularization|Abstract We present Expected Statistic Regulariza tion (ESR), a novel regularization technique that utilizes low-order multi-task structural statistics to shape model distributions for semi- supervised learning on low-resource datasets. We study ESR in the context of cross-lingual transfer for syntactic analysis (POS tagging and labeled dependency parsing) and present several classes of low-order statistic functions that bear on model behavior. Experimentally, we evaluate the proposed statistics with ESR for unsupervised transfer on 5 diverse target languages and show that all statistics, when estimated accurately, yield improvements to both POS and LAS, with the best statistic improving POS by +7.0 and LAS by +8.5 on average. We also present semi-supervised transfer and learning curve experiments that show ESR provides significant gains over strong cross-lingual-transfer-plus-fine-tuning baselines for modest amounts of label data. These results indicate that ESR is a promising and complementary approach to model-transfer approaches for cross-lingual parsing.1|2023-01-01|2023|['Transactions of the Association for Computational Linguistics']
https://doi.org/10.1162/tacl_a_00616|PaniniQA: Enhancing Patient Education Through Interactive Question Answering|Abstract A patient portal allows discharged patients to access their personalized discharge instructions in electronic health records (EHRs). However, many patients have difficulty understanding or memorizing their discharge instructions (Zhao et al., 2017). In this paper, we present PaniniQA, a patient-centric interactive question answering system designed to help patients understand their discharge instructions. PaniniQA first identifies important clinical content from patients’ discharge instructions and then formulates patient-specific educational questions. In addition, PaniniQA is also equipped with answer verification functionality to provide timely feedback to correct patients’ misunderstandings. Our comprehensive automatic &amp; human evaluation results demonstrate our PaniniQA is capable of improving patients’ mastery of their medical instructions through effective interactions.1|2023-01-01|2023|['Transactions of the Association for Computational Linguistics']
https://doi.org/10.1162/tacl_a_00541|Modeling Emotion Dynamics in Song Lyrics with State Space Models|Abstract Most previous work in music emotion recognition assumes a single or a few song-level labels for the whole song. While it is known that different emotions can vary in intensity within a song, annotated data for this setup is scarce and difficult to obtain. In this work, we propose a method to predict emotion dynamics in song lyrics without song-level supervision. We frame each song as a time series and employ a State Space Model (SSM), combining a sentence-level emotion predictor with an Expectation-Maximization (EM) procedure to generate the full emotion dynamics. Our experiments show that applying our method consistently improves the performance of sentence-level baselines without requiring any annotated songs, making it ideal for limited training data scenarios. Further analysis through case studies shows the benefits of our method while also indicating the limitations and pointing to future directions.|2023-01-01|2023|['Transactions of the Association for Computational Linguistics']
https://doi.org/10.1162/tacl_a_00557|Unleashing the True Potential of Sequence-to-Sequence Models for Sequence Tagging and Structure Parsing|Abstract Sequence-to-Sequence (S2S) models have achieved remarkable success on various text generation tasks. However, learning complex structures with S2S models remains challenging as external neural modules and additional lexicons are often supplemented to predict non-textual outputs. We present a systematic study of S2S modeling using contained decoding on four core tasks: part-of-speech tagging, named entity recognition, constituency, and dependency parsing, to develop efficient exploitation methods costing zero extra parameters. In particular, 3 lexically diverse linearization schemas and corresponding constrained decoding methods are designed and evaluated. Experiments show that although more lexicalized schemas yield longer output sequences that require heavier training, their sequences being closer to natural language makes them easier to learn. Moreover, S2S models using our constrained decoding outperform other S2S approaches using external resources. Our best models perform better than or comparably to the state-of-the-art for all 4 tasks, lighting a promise for S2S models to generate non-sequential structures.|2023-01-01|2023|['Transactions of the Association for Computational Linguistics']
https://doi.org/10.1162/tacl_a_00622|Removing Backdoors in Pre-trained Models by Regularized Continual Pre-training|Abstract Recent research has revealed that pre-trained models (PTMs) are vulnerable to backdoor attacks before the fine-tuning stage. The attackers can implant transferable task-agnostic backdoors in PTMs, and control model outputs on any downstream task, which poses severe security threats to all downstream applications. Existing backdoor-removal defenses focus on task-specific classification models and they are not suitable for defending PTMs against task-agnostic backdoor attacks. To this end, we propose the first task-agnostic backdoor removal method for PTMs. Based on the selective activation phenomenon in backdoored PTMs, we design a simple and effective backdoor eraser, which continually pre-trains the backdoored PTMs with a regularization term in an end-to-end approach. The regularization term removes backdoor functionalities from PTMs while the continual pre-training maintains the normal functionalities of PTMs. We conduct extensive experiments on pre-trained models across different modalities and architectures. The experimental results show that our method can effectively remove backdoors inside PTMs and preserve benign functionalities of PTMs with a few downstream-task-irrelevant auxiliary data, e.g., unlabeled plain texts. The average attack success rate on three downstream datasets is reduced from 99.88% to 8.10% after our defense on the backdoored BERT. The codes are publicly available at https://github.com/thunlp/RECIPE.|2023-01-01|2023|['Transactions of the Association for Computational Linguistics']
https://doi.org/10.1162/tacl_a_00534|OPAL: Ontology-Aware Pretrained Language Model for End-to-End Task-Oriented Dialogue|Abstract This paper presents an ontology-aware pretrained language model (OPAL) for end-to-end task-oriented dialogue (TOD). Unlike chit-chat dialogue models, task-oriented dialogue models fulfill at least two task-specific modules: Dialogue state tracker (DST) and response generator (RG). The dialogue state consists of the domain-slot-value triples, which are regarded as the user’s constraints to search the domain-related databases. The large-scale task-oriented dialogue data with the annotated structured dialogue state usually are inaccessible. It prevents the development of the pretrained language model for the task-oriented dialogue. We propose a simple yet effective pretraining method to alleviate this problem, which consists of two pretraining phases. The first phase is to pretrain on large-scale contextual text data, where the structured information of the text is extracted by the information extracting tool. To bridge the gap between the pretraining method and downstream tasks, we design two pretraining tasks: ontology-like triple recovery and next-text generation, which simulates the DST and RG, respectively. The second phase is to fine-tune the pretrained model on the TOD data. The experimental results show that our proposed method achieves an exciting boost and obtains competitive performance even without any TOD data on CamRest676 and MultiWOZ benchmarks.|2023-01-01|2023|['Transactions of the Association for Computational Linguistics']
https://doi.org/10.1162/tacl_a_00601|Benchmarking the Generation of Fact Checking Explanations|Abstract Fighting misinformation is a challenging, yet crucial, task. Despite the growing number of experts being involved in manual fact-checking, this activity is time-consuming and cannot keep up with the ever-increasing amount of fake news produced daily. Hence, automating this process is necessary to help curb misinformation. Thus far, researchers have mainly focused on claim veracity classification. In this paper, instead, we address the generation of justifications (textual explanation of why a claim is classified as either true or false) and benchmark it with novel datasets and advanced baselines. In particular, we focus on summarization approaches over unstructured knowledge (i.e., news articles) and we experiment with several extractive and abstractive strategies. We employed two datasets with different styles and structures, in order to assess the generalizability of our findings. Results show that in justification production summarization benefits from the claim information, and, in particular, that a claim-driven extractive step improves abstractive summarization performances. Finally, we show that although cross-dataset experiments suffer from performance degradation, a unique model trained on a combination of the two datasets is able to retain style information in an efficient manner.|2023-01-01|2023|['Transactions of the Association for Computational Linguistics']
https://doi.org/10.1162/tacl_a_00592|DMDD: A Large-Scale Dataset for Dataset Mentions Detection|Abstract The recognition of dataset names is a critical task for automatic information extraction in scientific literature, enabling researchers to understand and identify research opportunities. However, existing corpora for dataset mention detection are limited in size and naming diversity. In this paper, we introduce the Dataset Mentions Detection Dataset (DMDD), the largest publicly available corpus for this task. DMDD consists of the DMDD main corpus, comprising 31,219 scientific articles with over 449,000 dataset mentions weakly annotated in the format of in-text spans, and an evaluation set, which comprises 450 scientific articles manually annotated for evaluation purposes. We use DMDD to establish baseline performance for dataset mention detection and linking. By analyzing the performance of various models on DMDD, we are able to identify open problems in dataset mention detection. We invite the community to use our dataset as a challenge to develop novel dataset mention detection models.|2023-01-01|2023|['Transactions of the Association for Computational Linguistics']
https://doi.org/10.1162/tacl_a_00531|Assessing the Capacity of Transformer to Abstract Syntactic Representations: A Contrastive Analysis Based on Long-distance Agreement|Abstract Many studies have shown that transformers are able to predict subject-verb agreement, demonstrating their ability to uncover an abstract representation of the sentence in an unsupervised way. Recently, Li et al. (2021) found that transformers were also able to predict the object-past participle agreement in French, the modeling of which in formal grammar is fundamentally different from that of subject-verb agreement and relies on a movement and an anaphora resolution. To better understand transformers’ internal working, we propose to contrast how they handle these two kinds of agreement. Using probing and counterfactual analysis methods, our experiments on French agreements show that (i) the agreement task suffers from several confounders that partially question the conclusions drawn so far and (ii) transformers handle subject-verb and object-past participle agreements in a way that is consistent with their modeling in theoretical linguistics.|2023-01-01|2023|['Transactions of the Association for Computational Linguistics']
https://doi.org/10.1162/tacl_a_00565|Transparency Helps Reveal When Language Models Learn Meaning|Abstract Many current NLP systems are built from language models trained to optimize unsupervised objectives on large amounts of raw text. Under what conditions might such a procedure acquire meaning? Our systematic experiments with synthetic data reveal that, with languages where all expressions have context-independent denotations (i.e., languages with strong transparency), both autoregressive and masked language models successfully learn to emulate semantic relations between expressions. However, when denotations are changed to be context-dependent with the language otherwise unmodified, this ability degrades. Turning to natural language, our experiments with a specific phenomenon—referential opacity—add to the growing body of evidence that current language models do not represent natural language semantics well. We show this failure relates to the context-dependent nature of natural language form-meaning mappings.|2023-01-01|2023|['Transactions of the Association for Computational Linguistics']
https://doi.org/10.1162/tacl_a_00571|Supervised Gradual Machine Learning for Aspect-Term Sentiment Analysis|Abstract Recent work has shown that Aspect-Term Sentiment Analysis (ATSA) can be effectively performed by Gradual Machine Learning (GML). However, the performance of the current unsupervised solution is limited by inaccurate and insufficient knowledge conveyance. In this paper, we propose a supervised GML approach for ATSA, which can effectively exploit labeled training data to improve knowledge conveyance. It leverages binary polarity relations between instances, which can be either similar or opposite, to enable supervised knowledge conveyance. Besides the explicit polarity relations indicated by discourse structures, it also separately supervises a polarity classification DNN and a binary Siamese network to extract implicit polarity relations. The proposed approach fulfills knowledge conveyance by modeling detected relations as binary features in a factor graph. Our extensive experiments on real benchmark data show that it achieves the state-of-the-art performance across all the test workloads. Our work demonstrates clearly that, in collaboration with DNN for feature extraction, GML outperforms pure DNN solutions.|2023-01-01|2023|['Transactions of the Association for Computational Linguistics']
https://doi.org/10.1162/tacl_a_00589|A Cross-Linguistic Pressure for Uniform Information Density in Word Order|Abstract While natural languages differ widely in both canonical word order and word order flexibility, their word orders still follow shared cross-linguistic statistical patterns, often attributed to functional pressures. In the effort to identify these pressures, prior work has compared real and counterfactual word orders. Yet one functional pressure has been overlooked in such investigations: The uniform information density (UID) hypothesis, which holds that information should be spread evenly throughout an utterance. Here, we ask whether a pressure for UID may have influenced word order patterns cross-linguistically. To this end, we use computational models to test whether real orders lead to greater information uniformity than counterfactual orders. In our empirical study of 10 typologically diverse languages, we find that: (i) among SVO languages, real word orders consistently have greater uniformity than reverse word orders, and (ii) only linguistically implausible counterfactual orders consistently exceed the uniformity of real orders. These findings are compatible with a pressure for information uniformity in the development and usage of natural languages.1|2023-01-01|2023|['Transactions of the Association for Computational Linguistics']
https://doi.org/10.1162/tacl_a_00549|On the Robustness of Dialogue History Representation in Conversational Question Answering: A Comprehensive Study and a New Prompt-based Method|Abstract Most work on modeling the conversation history in Conversational Question Answering (CQA) reports a single main result on a common CQA benchmark. While existing models show impressive results on CQA leaderboards, it remains unclear whether they are robust to shifts in setting (sometimes to more realistic ones), training data size (e.g., from large to small sets) and domain. In this work, we design and conduct the first large-scale robustness study of history modeling approaches for CQA. We find that high benchmark scores do not necessarily translate to strong robustness, and that various methods can perform extremely differently under different settings. Equipped with the insights from our study, we design a novel prompt-based history modeling approach and demonstrate its strong robustness across various settings. Our approach is inspired by existing methods that highlight historic answers in the passage. However, instead of highlighting by modifying the passage token embeddings, we add textual prompts directly in the passage text. Our approach is simple, easy to plug into practically any model, and highly effective, thus we recommend it as a starting point for future model developers. We also hope that our study and insights will raise awareness to the importance of robustness-focused evaluation, in addition to obtaining high leaderboard scores, leading to better CQA systems.1|2023-01-01|2023|['Transactions of the Association for Computational Linguistics']
https://doi.org/10.1162/tacl_a_00568|FRMT: A Benchmark for Few-Shot Region-Aware Machine Translation|Abstract We present FRMT, a new dataset and evaluation benchmark for Few-shot Region-aware Machine Translation, a type of style-targeted translation. The dataset consists of professional translations from English into two regional variants each of Portuguese and Mandarin Chinese. Source documents are selected to enable detailed analysis of phenomena of interest, including lexically distinct terms and distractor terms. We explore automatic evaluation metrics for FRMT and validate their correlation with expert human evaluation across both region-matched and mismatched rating scenarios. Finally, we present a number of baseline models for this task, and offer guidelines for how researchers can train, evaluate, and compare their own models. Our dataset and evaluation code are publicly available: https://bit.ly/frmt-task.|2023-01-01|2023|['Transactions of the Association for Computational Linguistics']
https://doi.org/10.1162/tacl_a_00593|T3L: Translate-and-Test Transfer Learning for Cross-Lingual Text Classification|Abstract Cross-lingual text classification leverages text classifiers trained in a high-resource language to perform text classification in other languages with no or minimal fine-tuning (zero/ few-shots cross-lingual transfer). Nowadays, cross-lingual text classifiers are typically built on large-scale, multilingual language models (LMs) pretrained on a variety of languages of interest. However, the performance of these models varies significantly across languages and classification tasks, suggesting that the superposition of the language modelling and classification tasks is not always effective. For this reason, in this paper we propose revisiting the classic “translate-and-test” pipeline to neatly separate the translation and classification stages. The proposed approach couples 1) a neural machine translator translating from the targeted language to a high-resource language, with 2) a text classifier trained in the high-resource language, but the neural machine translator generates “soft” translations to permit end-to-end backpropagation during fine-tuning of the pipeline. Extensive experiments have been carried out over three cross-lingual text classification datasets (XNLI, MLDoc, and MultiEURLEX), with the results showing that the proposed approach has significantly improved performance over a competitive baseline.|2023-01-01|2023|['Transactions of the Association for Computational Linguistics']
https://doi.org/10.1162/tacl_a_00598|Calibrated Interpretation: Confidence Estimation in Semantic Parsing|Abstract Sequence generation models are increasingly being used to translate natural language into programs, i.e., to perform executable semantic parsing. The fact that semantic parsing aims to predict programs that can lead to executed actions in the real world motivates developing safe systems. This in turn makes measuring calibration—a central component to safety—particularly important. We investigate the calibration of popular generation models across four popular semantic parsing datasets, finding that it varies across models and datasets. We then analyze factors associated with calibration error and release new confidence-based challenge splits of two parsing datasets. To facilitate the inclusion of calibration in semantic parsing evaluations, we release a library for computing calibration metrics.1|2023-01-01|2023|['Transactions of the Association for Computational Linguistics']
https://doi.org/10.1162/tacl_a_00540|FeelingBlue: A Corpus for Understanding the Emotional Connotation of Color in Context|Abstract While the link between color and emotion has been widely studied, how context-based changes in color impact the intensity of perceived emotions is not well understood. In this work, we present a new multimodal dataset for exploring the emotional connotation of color as mediated by line, stroke, texture, shape, and language. Our dataset, FeelingBlue, is a collection of 19,788 4-tuples of abstract art ranked by annotators according to their evoked emotions and paired with rationales for those annotations. Using this corpus, we present a baseline for a new task: Justified Affect Transformation. Given an image I, the task is to 1) recolor I to enhance a specified emotion e and 2) provide a textual justification for the change in e. Our model is an ensemble of deep neural networks which takes I, generates an emotionally transformed color palette p conditioned on I, applies p to I, and then justifies the color transformation in text via a visual-linguistic model. Experimental results shed light on the emotional connotation of color in context, demonstrating both the promise of our approach on this challenging task and the considerable potential for future investigations enabled by our corpus.1|2023-01-01|2023|['Transactions of the Association for Computational Linguistics']
https://doi.org/10.1162/tacl_a_00582|Directed Acyclic Transformer Pre-training for High-quality Non-autoregressive Text Generation|Abstract Non-AutoRegressive (NAR) text generation models have drawn much attention because of their significantly faster decoding speed and good generation quality in machine translation. However, in a wider range of text generation tasks, existing NAR models lack proper pre-training, making them still far behind the pre-trained autoregressive models. In this paper, we propose Pre-trained Directed Acyclic Transformer (PreDAT) and a novel pre-training task to promote prediction consistency in NAR generation. Experiments on five text generation tasks show that our PreDAT remarkably outperforms existing pre-trained NAR models (+4.2 score on average) and even achieves better results than pre-trained autoregressive baselines in n-gram-based metrics, along with 17 times speedup in throughput. Further analysis shows that PreDAT benefits from the unbiased prediction order that alleviates the error accumulation problem in autoregressive generation, which provides new insights into the advantages of NAR generation.1|2023-01-01|2023|['Transactions of the Association for Computational Linguistics']
https://doi.org/10.1162/tacl_a_00614|Learning More from Mixed Emotions: A Label Refinement Method for Emotion Recognition in Conversations|Abstract One-hot labels are commonly employed as ground truth in Emotion Recognition in Conversations (ERC). However, this approach may not fully encompass all the emotions conveyed in a single utterance, leading to suboptimal performance. Regrettably, current ERC datasets lack comprehensive emotionally distributed labels. To address this issue, we propose the Emotion Label Refinement (EmoLR) method, which utilizes context- and speaker-sensitive information to infer mixed emotional labels. EmoLR comprises an Emotion Predictor (EP) module and a Label Refinement (LR) module. The EP module recognizes emotions and provides context/speaker states for the LR module. Subsequently, the LR module calculates the similarity between these states and ground-truth labels, generating a refined label distribution (RLD). The RLD captures a more comprehensive range of emotions than the original one-hot labels. These refined labels are then used for model training in place of the one-hot labels. Experimental results on three public conversational datasets demonstrate that our EmoLR achieves state-of-the-art performance.|2023-01-01|2023|['Transactions of the Association for Computational Linguistics']
https://doi.org/10.1162/tacl_a_00596|Evaluating a Century of Progress on the Cognitive Science of Adjective Ordering|Abstract The literature on adjective ordering abounds with proposals meant to account for why certain adjectives appear before others in multi-adjective strings (e.g., the small brown box). However, these proposals have been developed and tested primarily in isolation and based on English; few researchers have looked at the combined performance of multiple factors in the determination of adjective order, and few have evaluated predictors across multiple languages. The current work approaches both of these objectives by using technologies and datasets from natural language processing to look at the combined performance of existing proposals across 32 languages. Comparing this performance with both random and idealized baselines, we show that the literature on adjective ordering has made significant meaningful progress across its many decades, but there remains quite a gap yet to be explained.|2023-01-01|2023|['Transactions of the Association for Computational Linguistics']
https://doi.org/10.1162/tacl_a_00609|<scp>Multi</scp> 3 <scp>WOZ</scp>: A Multilingual, Multi-Domain, Multi-Parallel Dataset for Training and Evaluating Culturally Adapted Task-Oriented Dialog Systems|Abstract Creating high-quality annotated data for task-oriented dialog (ToD) is known to be notoriously difficult, and the challenges are amplified when the goal is to create equitable, culturally adapted, and large-scale ToD datasets for multiple languages. Therefore, the current datasets are still very scarce and suffer from limitations such as translation-based non-native dialogs with translation artefacts, small scale, or lack of cultural adaptation, among others. In this work, we first take stock of the current landscape of multilingual ToD datasets, offering a systematic overview of their properties and limitations. Aiming to reduce all the detected limitations, we then introduce Multi3WOZ, a novel multilingual, multi-domain, multi-parallel ToD dataset. It is large-scale and offers culturally adapted dialogs in 4 languages to enable training and evaluation of multilingual and cross-lingual ToD systems. We describe a complex bottom–up data collection process that yielded the final dataset, and offer the first sets of baseline scores across different ToD-related tasks for future reference, also highlighting its challenging nature.|2023-01-01|2023|['Transactions of the Association for Computational Linguistics']
https://doi.org/10.1162/tacl_a_00555|Tracking Brand-Associated Polarity-Bearing Topics in User Reviews|Abstract Monitoring online customer reviews is important for business organizations to measure customer satisfaction and better manage their reputations. In this paper, we propose a novel dynamic Brand-Topic Model (dBTM) which is able to automatically detect and track brand-associated sentiment scores and polarity-bearing topics from product reviews organized in temporally ordered time intervals. dBTM models the evolution of the latent brand polarity scores and the topic-word distributions over time by Gaussian state space models. It also incorporates a meta learning strategy to control the update of the topic-word distribution in each time interval in order to ensure smooth topic transitions and better brand score predictions. It has been evaluated on a dataset constructed from MakeupAlley reviews and a hotel review dataset. Experimental results show that dBTM outperforms a number of competitive baselines in brand ranking, achieving a good balance of topic coherence and uniqueness, and extracting well-separated polarity-bearing topics across time intervals.1|2023-01-01|2023|['Transactions of the Association for Computational Linguistics']
https://doi.org/10.1162/tacl_a_00621|General then Personal: Decoupling and Pre-training for Personalized Headline Generation|Abstract Personalized Headline Generation aims to generate unique headlines tailored to users’ browsing history. In this task, understanding user preferences from click history and incorporating them into headline generation pose challenges. Existing approaches typically rely on predefined styles as control codes, but personal style lacks explicit definition or enumeration, making it difficult to leverage traditional techniques. To tackle these challenges, we propose General Then Personal (GTP), a novel framework comprising user modeling, headline generation, and customization. We train the framework using tailored designs that emphasize two central ideas: (a) task decoupling and (b) model pre-training. With the decoupling mechanism separating the task into generation and customization, two mechanisms, i.e., information self-boosting and mask user modeling, are further introduced to facilitate the training and text control. Additionally, we introduce a new evaluation metric to address existing limitations. Extensive experiments conducted on the PENS dataset, considering both zero-shot and few-shot scenarios, demonstrate that GTP outperforms state-of-the-art methods. Furthermore, ablation studies and analysis emphasize the significance of decoupling and pre-training. Finally, the human evaluation validates the effectiveness of our approaches.1|2023-01-01|2023|['Transactions of the Association for Computational Linguistics']
https://doi.org/10.1162/tacl_a_00623|ReCOGS: How Incidental Details of a Logical Form Overshadow an Evaluation of Semantic Interpretation|Abstract Compositional generalization benchmarks for semantic parsing seek to assess whether models can accurately compute meanings for novel sentences, but operationalize this in terms of logical form (LF) prediction. This raises the concern that semantically irrelevant details of the chosen LFs could shape model performance. We argue that this concern is realized for the COGS benchmark (Kim and Linzen, 2020). COGS poses generalization splits that appear impossible for present-day models, which could be taken as an indictment of those models. However, we show that the negative results trace to incidental features of COGS LFs. Converting these LFs to semantically equivalent ones and factoring out capabilities unrelated to semantic interpretation, we find that even baseline models get traction. A recent variable-free translation of COGS LFs suggests similar conclusions, but we observe this format is not semantically equivalent; it is incapable of accurately representing some COGS meanings. These findings inform our proposal for ReCOGS, a modified version of COGS that comes closer to assessing the target semantic capabilities while remaining very challenging. Overall, our results reaffirm the importance of compositional generalization and careful benchmark task design.|2023-01-01|2023|['Transactions of the Association for Computational Linguistics']
https://doi.org/10.1162/tacl_a_00613|Shared Lexical Items as Triggers of Code Switching|Abstract Why do bilingual speakers code-switch (mix their two languages)? Among the several theories that attempt to explain this natural and ubiquitous phenomenon, the triggering hypothesis relates code-switching to the presence of lexical triggers, specifically cognates and proper names, adjacent to the switch point. We provide a fuller, more nuanced and refined exploration of the triggering hypothesis, based on five large datasets in three language pairs, reflecting both spoken and written bilingual interactions. Our results show that words that are assumed to reside in a mental lexicon shared by both languages indeed trigger code-switching, that the tendency to switch depends on the distance of the trigger from the switch point and on whether the trigger precedes or succeeds the switch, but not on the etymology of the trigger words. We thus provide strong, robust, evidence-based confirmation to several hypotheses on the relationships between lexical triggers and code-switching.|2023-01-01|2023|['Transactions of the Association for Computational Linguistics']
https://doi.org/10.1162/tacl_a_00586|Design Choices for Crowdsourcing Implicit Discourse Relations: Revealing the Biases Introduced by Task Design|Abstract Disagreement in natural language annotation has mostly been studied from a perspective of biases introduced by the annotators and the annotation frameworks. Here, we propose to analyze another source of bias—task design bias, which has a particularly strong impact on crowdsourced linguistic annotations where natural language is used to elicit the interpretation of lay annotators. For this purpose we look at implicit discourse relation annotation, a task that has repeatedly been shown to be difficult due to the relations’ ambiguity. We compare the annotations of 1,200 discourse relations obtained using two distinct annotation tasks and quantify the biases of both methods across four different domains. Both methods are natural language annotation tasks designed for crowdsourcing. We show that the task design can push annotators towards certain relations and that some discourse relation senses can be better elicited with one or the other annotation approach. We also conclude that this type of bias should be taken into account when training and testing models.|2023-01-01|2023|['Transactions of the Association for Computational Linguistics']
https://doi.org/10.1162/tacl_a_00546|Discontinuous Combinatory Constituency Parsing|Abstract We extend a pair of continuous combinator-based constituency parsers (one binary and one multi-branching) into a discontinuous pair. Our parsers iteratively compose constituent vectors from word embeddings without any grammar constraints. Their empirical complexities are subquadratic. Our extension includes 1) a swap action for the orientation-based binary model and 2) biaffine attention for the chunker-based multi-branching model. In tests conducted with the Discontinuous Penn Treebank and TIGER Treebank, we achieved state-of-the-art discontinuous accuracy with a significant speed advantage.|2023-01-01|2023|['Transactions of the Association for Computational Linguistics']
https://doi.org/10.1162/tacl_a_00625|<scp>QAmeleon</scp>: Multilingual QA with Only 5 Examples|Abstract The availability of large, high-quality datasets has been a major driver of recent progress in question answering (QA). Such annotated datasets, however, are difficult and costly to collect, and rarely exist in languages other than English, rendering QA technology inaccessible to underrepresented languages. An alternative to building large monolingual training datasets is to leverage pre-trained language models (PLMs) under a few-shot learning setting. Our approach, QAmeleon, uses a PLM to automatically generate multilingual data upon which QA models are fine-tuned, thus avoiding costly annotation. Prompt tuning the PLM with only five examples per language delivers accuracy superior to translation-based baselines; it bridges nearly 60% of the gap between an English-only baseline and a fully-supervised upper bound fine-tuned on almost 50,000 hand-labeled examples; and consistently leads to improvements compared to directly fine-tuning a QA model on labeled examples in low resource settings. Experiments on the TyDiqa-GoldP and MLQA benchmarks show that few-shot prompt tuning for data synthesis scales across languages and is a viable alternative to large-scale annotation.1|2023-01-01|2023|['Transactions of the Association for Computational Linguistics']
https://doi.org/10.1162/tacl_a_00594|Introduction to Mathematical Language Processing: Informal Proofs, Word Problems, and Supporting Tasks|Abstract Automating discovery in mathematics and science will require sophisticated methods of information extraction and abstract reasoning, including models that can convincingly process relationships between mathematical elements and natural language, to produce problem solutions of real-world value. We analyze mathematical language processing methods across five strategic sub-areas (identifier-definition extraction, formula retrieval, natural language premise selection, math word problem solving, and informal theorem proving) from recent years, highlighting prevailing methodologies, existing limitations, overarching trends, and promising avenues for future research.|2023-01-01|2023|['Transactions of the Association for Computational Linguistics']
https://doi.org/10.1162/tacl_a_00554|Naturalistic Causal Probing for Morpho-Syntax|Abstract Probing has become a go-to methodology for interpreting and analyzing deep neural models in natural language processing. However, there is still a lack of understanding of the limitations and weaknesses of various types of probes. In this work, we suggest a strategy for input-level intervention on naturalistic sentences. Using our approach, we intervene on the morpho-syntactic features of a sentence, while keeping the rest of the sentence unchanged. Such an intervention allows us to causally probe pre-trained models. We apply our naturalistic causal probing framework to analyze the effects of grammatical gender and number on contextualized representations extracted from three pre-trained models in Spanish, the multilingual versions of BERT, RoBERTa, and GPT-2. Our experiments suggest that naturalistic interventions lead to stable estimates of the causal effects of various linguistic properties. Moreover, our experiments demonstrate the importance of naturalistic causal probing when analyzing pre-trained models. https://github.com/rycolab/naturalistic-causal-probing|2023-01-01|2023|['Transactions of the Association for Computational Linguistics']
https://doi.org/10.1162/tacl_a_00569|OpenFact: Factuality Enhanced Open Knowledge Extraction|Abstract We focus on the factuality property during the extraction of an OpenIE corpus named OpenFact, which contains more than 12 million high-quality knowledge triplets. We break down the factuality property into two important aspects—expressiveness and groundedness—and we propose a comprehensive framework to handle both aspects. To enhance expressiveness, we formulate each knowledge piece in OpenFact based on a semantic frame. We also design templates, extra constraints, and adopt human efforts so that most OpenFact triplets contain enough details. For groundedness, we require the main arguments of each triplet to contain linked Wikidata1 entities. A human evaluation suggests that the OpenFact triplets are much more accurate and contain denser information compared to OPIEC-Linked (Gashteovski et al., 2019), one recent high-quality OpenIE corpus grounded to Wikidata. Further experiments on knowledge base completion and knowledge base question answering show the effectiveness of OpenFact over OPIEC-Linked as supplementary knowledge to Wikidata as the major KG.|2023-01-01|2023|['Transactions of the Association for Computational Linguistics']
https://doi.org/10.1162/tacl_a_00588|Time-and-Space-Efficient Weighted Deduction|Abstract Many NLP algorithms have been described in terms of deduction systems. Unweighted deduction allows a generic forward-chaining execution strategy. For weighted deduction, however, efficient execution should propagate the weight of each item only after it has converged. This means visiting the items in topologically sorted order (as in dynamic programming). Toposorting is fast on a materialized graph; unfortunately, materializing the graph would take extra space. Is there a generic weighted deduction strategy which, for every acyclic deduction system and every input, uses only a constant factor more time and space than generic unweighted deduction? After reviewing past strategies, we answer this question in the affirmative by combining ideas of Goodman (1999) and Kahn (1962). We also give an extension to cyclic deduction systems, based on Tarjan (1972).|2023-01-01|2023|['Transactions of the Association for Computational Linguistics']
https://doi.org/10.1162/tacl_a_00552|Bridging the Gap between Synthetic and Natural Questions via Sentence Decomposition for Semantic Parsing|Abstract Semantic parsing maps natural language questions into logical forms, which can be executed against a knowledge base for answers. In real-world applications, the performance of a parser is often limited by the lack of training data. To facilitate zero-shot learning, data synthesis has been widely studied to automatically generate paired questions and logical forms. However, data synthesis methods can hardly cover the diverse structures in natural languages, leading to a large gap in sentence structure between synthetic and natural questions. In this paper, we propose a decomposition-based method to unify the sentence structures of questions, which benefits the generalization to natural questions. Experiments demonstrate that our method significantly improves the semantic parser trained on synthetic data (+7.9% on KQA and +8.9% on ComplexWebQuestions in terms of exact match accuracy). Extensive analysis demonstrates that our method can better generalize to natural questions with novel text expressions compared with baselines. Besides semantic parsing, our idea potentially benefits other semantic understanding tasks by mitigating the distracting structure features. To illustrate this, we extend our method to the task of sentence embedding learning, and observe substantial improvements on sentence retrieval (+13.1% for Hit@1).|2023-01-01|2023|['Transactions of the Association for Computational Linguistics']
https://doi.org/10.1162/tacl_a_00570|On Graph-based Reentrancy-free Semantic Parsing|Abstract We propose a novel graph-based approach for semantic parsing that resolves two problems observed in the literature: (1) seq2seq models fail on compositional generalization tasks; (2) previous work using phrase structure parsers cannot cover all the semantic parses observed in treebanks. We prove that both MAP inference and latent tag anchoring (required for weakly-supervised learning) are NP-hard problems. We propose two optimization algorithms based on constraint smoothing and conditional gradient to approximately solve these inference problems. Experimentally, our approach delivers state-of-the-art results on GeoQuery, Scan, and Clevr, both for i.i.d. splits and for splits that test for compositional generalization.|2023-01-01|2023|['Transactions of the Association for Computational Linguistics']
https://doi.org/10.1162/tacl_a_00590|Cross-functional Analysis of Generalization in Behavioral Learning|Abstract In behavioral testing, system functionalities underrepresented in the standard evaluation setting (with a held-out test set) are validated through controlled input-output pairs. Optimizing performance on the behavioral tests during training (behavioral learning) would improve coverage of phenomena not sufficiently represented in the i.i.d. data and could lead to seemingly more robust models. However, there is the risk that the model narrowly captures spurious correlations from the behavioral test suite, leading to overestimation and misrepresentation of model performance—one of the original pitfalls of traditional evaluation. In this work, we introduce BeLUGA, an analysis method for evaluating behavioral learning considering generalization across dimensions of different granularity levels. We optimize behavior-specific loss functions and evaluate models on several partitions of the behavioral test suite controlled to leave out specific phenomena. An aggregate score measures generalization to unseen functionalities (or overfitting). We use BeLUGA to examine three representative NLP tasks (sentiment analysis, paraphrase identification, and reading comprehension) and compare the impact of a diverse set of regularization and domain generalization methods on generalization performance.1|2023-01-01|2023|['Transactions of the Association for Computational Linguistics']
https://doi.org/10.1162/tacl_a_00585|Compositional Zero-Shot Domain Transfer with Text-to-Text Models|Abstract Label scarcity is a bottleneck for improving task performance in specialized domains. We propose a novel compositional transfer learning framework (DoT51) for zero-shot domain transfer. Without access to in-domain labels, DoT5 jointly learns domain knowledge (from masked language modelling of unlabelled in-domain free text) and task knowledge (from task training on more readily available general-domain data) in a multi-task manner. To improve the transferability of task training, we design a strategy named NLGU: We simultaneously train natural language generation (NLG) for in-domain label-to-data generation, which enables data augmentation for self-finetuning and natural language understanding (NLU) for label prediction. We evaluate DoT5 on the biomedical domain and the resource-lean subdomain of radiology, focusing on natural language inference, text summarization, and embedding learning. DoT5 demonstrates the effectiveness of compositional transfer learning through multi-task learning. In particular, DoT5 outperforms the current state-of-the-art in zero-shot transfer by over 7 absolute points in accuracy on RadNLI. We validate DoT5 with ablations and a case study demonstrating its ability to solve challenging NLI examples requiring in-domain expertise.|2023-01-01|2023|['Transactions of the Association for Computational Linguistics']
https://doi.org/10.1162/tacl_a_00610|Can Authorship Representation Learning Capture Stylistic Features?|Abstract Automatically disentangling an author’s style from the content of their writing is a longstanding and possibly insurmountable problem in computational linguistics. At the same time, the availability of large text corpora furnished with author labels has recently enabled learning authorship representations in a purely data-driven manner for authorship attribution, a task that ostensibly depends to a greater extent on encoding writing style than encoding content. However, success on this surrogate task does not ensure that such representations capture writing style since authorship could also be correlated with other latent variables, such as topic. In an effort to better understand the nature of the information these representations convey, and specifically to validate the hypothesis that they chiefly encode writing style, we systematically probe these representations through a series of targeted experiments. The results of these experiments suggest that representations learned for the surrogate authorship prediction task are indeed sensitive to writing style. As a consequence, authorship representations may be expected to be robust to certain kinds of data shift, such as topic drift over time. Additionally, our findings may open the door to downstream applications that require stylistic representations, such as style transfer.|2023-01-01|2023|['Transactions of the Association for Computational Linguistics']
https://doi.org/10.1162/tacl_a_00611|Optimal Transport Posterior Alignment for Cross-lingual Semantic Parsing|Abstract Cross-lingual semantic parsing transfers parsing capability from a high-resource language (e.g., English) to low-resource languages with scarce training data. Previous work has primarily considered silver-standard data augmentation or zero-shot methods; exploiting few-shot gold data is comparatively unexplored. We propose a new approach to cross-lingual semantic parsing by explicitly minimizing cross-lingual divergence between probabilistic latent variables using Optimal Transport. We demonstrate how this direct guidance improves parsing from natural languages using fewer examples and less training. We evaluate our method on two datasets, MTOP and MultiATIS++SQL, establishing state-of-the-art results under a few-shot cross-lingual regime. Ablation studies further reveal that our method improves performance even without parallel input translations. In addition, we show that our model better captures cross-lingual structure in the latent space to improve semantic representation similarity.1|2023-01-01|2023|['Transactions of the Association for Computational Linguistics']
https://doi.org/10.1162/tacl_a_00535|Helpful Neighbors: Leveraging Neighbors in Geographic Feature Pronunciation|Abstract If one sees the place name Houston Mercer Dog Run in New York, how does one know how to pronounce it? Assuming one knows that Houston in New York is pronounced /ˈhaʊstən/ and not like the Texas city (/ˈhjuːstən/), then one can probably guess that /ˈhaʊstən/ is also used in the name of the dog park. We present a novel architecture that learns to use the pronunciations of neighboring names in order to guess the pronunciation of a given target feature. Applied to Japanese place names, we demonstrate the utility of the model to finding and proposing corrections for errors in Google Maps. To demonstrate the utility of this approach to structurally similar problems, we also report on an application to a totally different task: Cognate reflex prediction in comparative historical linguistics. A version of the code has been open-sourced.1|2023-01-01|2023|['Transactions of the Association for Computational Linguistics']
https://doi.org/10.1162/tacl_a_00591|Exploring Contrast Consistency of Open-Domain Question Answering Systems on Minimally Edited Questions|Abstract Contrast consistency, the ability of a model to make consistently correct predictions in the presence of perturbations, is an essential aspect in NLP. While studied in tasks such as sentiment analysis and reading comprehension, it remains unexplored in open-domain question answering (OpenQA) due to the difficulty of collecting perturbed questions that satisfy factuality requirements. In this work, we collect minimally edited questions as challenging contrast sets to evaluate OpenQA models. Our collection approach combines both human annotation and large language model generation. We find that the widely used dense passage retriever (DPR) performs poorly on our contrast sets, despite fitting the training set well and performing competitively on standard test sets. To address this issue, we introduce a simple and effective query-side contrastive loss with the aid of data augmentation to improve DPR training. Our experiments on the contrast sets demonstrate that DPR’s contrast consistency is improved without sacrificing its accuracy on the standard test sets.1|2023-01-01|2023|['Transactions of the Association for Computational Linguistics']
https://doi.org/10.1162/tacl_a_00584|Collective Human Opinions in Semantic Textual Similarity|Abstract Despite the subjective nature of semantic textual similarity (STS) and pervasive disagreements in STS annotation, existing benchmarks have used averaged human ratings as gold standard. Averaging masks the true distribution of human opinions on examples of low agreement, and prevents models from capturing the semantic vagueness that the individual ratings represent. In this work, we introduce USTS, the first Uncertainty-aware STS dataset with ∼15,000 Chinese sentence pairs and 150,000 labels, to study collective human opinions in STS. Analysis reveals that neither a scalar nor a single Gaussian fits a set of observed judgments adequately. We further show that current STS models cannot capture the variance caused by human disagreement on individual instances, but rather reflect the predictive confidence over the aggregate dataset.|2023-01-01|2023|['Transactions of the Association for Computational Linguistics']
https://doi.org/10.1162/tacl_a_00624|Data-driven Parsing Evaluation for Child-Parent Interactions|Abstract We present a syntactic dependency treebank for naturalistic child and child-directed spoken English. Our annotations largely follow the guidelines of the Universal Dependencies project (UD [Zeman et al., 2022]), with detailed extensions to lexical and syntactic structures unique to spontaneous spoken language, as opposed to written texts or prepared speech. Compared to existing UD-style spoken treebanks and other dependency corpora of child-parent interactions specifically, our dataset is much larger (44,744 utterances; 233,907 words) and contains data from 10 children covering a wide age range (18–66 months). We conduct thorough dependency parser evaluations using both graph-based and transition-based parsers, trained on three different types of out-of-domain written texts: news, tweets, and learner data. Out-of-domain parsers demonstrate reasonable performance for both child and parent data. In addition, parser performance for child data increases along children’s developmental paths, especially between 18 and 48 months, and gradually approaches the performance for parent data. These results are further validated with in-domain training.|2023-01-01|2023|['Transactions of the Association for Computational Linguistics']
https://doi.org/10.1162/tacl_a_00581|Multilingual Coreference Resolution in Multiparty Dialogue|Abstract Existing multiparty dialogue datasets for entity coreference resolution are nascent, and many challenges are still unaddressed. We create a large-scale dataset, Multilingual Multiparty Coref (MMC), for this task based on TV transcripts. Due to the availability of gold-quality subtitles in multiple languages, we propose reusing the annotations to create silver coreference resolution data in other languages (Chinese and Farsi) via annotation projection. On the gold (English) data, off-the-shelf models perform relatively poorly on MMC, suggesting that MMC has broader coverage of multiparty coreference than prior datasets. On the silver data, we find success both using it for data augmentation and training from scratch, which effectively simulates the zero-shot cross-lingual setting.|2023-01-01|2023|['Transactions of the Association for Computational Linguistics']
https://doi.org/10.1162/tacl_a_00587|Communication Drives the Emergence of Language Universals in Neural Agents: Evidence from the Word-order/Case-marking Trade-off|Abstract Artificial learners often behave differently from human learners in the context of neural agent-based simulations of language emergence and change. A common explanation is the lack of appropriate cognitive biases in these learners. However, it has also been proposed that more naturalistic settings of language learning and use could lead to more human-like results. We investigate this latter account, focusing on the word-order/case-marking trade-off, a widely attested language universal that has proven particularly hard to simulate. We propose a new Neural-agent Language Learning and Communication framework (NeLLCom) where pairs of speaking and listening agents first learn a miniature language via supervised learning, and then optimize it for communication via reinforcement learning. Following closely the setup of earlier human experiments, we succeed in replicating the trade-off with the new framework without hard-coding specific biases in the agents. We see this as an essential step towards the investigation of language universals with neural learners.|2023-01-01|2023|['Transactions of the Association for Computational Linguistics']
https://doi.org/10.1162/tacl_a_00600|<tt>PASTA</tt>: A Dataset for Modeling PArticipant STAtes in Narratives|Abstract The events in a narrative are understood as a coherent whole via the underlying states of their participants. Often, these participant states are not explicitly mentioned, instead left to be inferred by the reader. A model that understands narratives should likewise infer these implicit states, and even reason about the impact of changes to these states on the narrative. To facilitate this goal, we introduce a new crowdsourced English-language, Participant States dataset, PASTA. This dataset contains inferable participant states; a counterfactual perturbation to each state; and the changes to the story that would be necessary if the counterfactual were true. We introduce three state-based reasoning tasks that test for the ability to infer when a state is entailed by a story, to revise a story conditioned on a counterfactual state, and to explain the most likely state change given a revised story. Experiments show that today’s LLMs can reason about states to some degree, but there is large room for improvement, especially in problems requiring access and ability to reason with diverse types of knowledge (e.g., physical, numerical, factual).1|2023-01-01|2023|['Transactions of the Association for Computational Linguistics']
https://doi.org/10.1162/tacl_a_00604|U-CORE: A Unified Deep Cluster-wise Contrastive Framework for Open Relation Extraction|Abstract Within Open Relation Extraction (ORE) tasks, the Zero-shot ORE method is to generalize undefined relations from predefined relations, while the Unsupervised ORE method is to extract undefined relations without the need for annotations. However, despite the possibility of overlap between predefined and undefined relations in the training data, a unified framework for both Zero-shot and Unsupervised ORE has yet to be established. To address this gap, we propose U-CORE: A Unified Deep Cluster-wise Contrastive Framework for both Zero-shot and Unsupervised ORE, by leveraging techniques from Contrastive Learning (CL) and Clustering.1 U-CORE overcomes the limitations of CL-based Zero-shot ORE methods by employing Cluster-wise CL that preserves both local smoothness as well as global semantics. Additionally, we employ a deep-cluster-based updater that optimizes the cluster center, thus enhancing the accuracy and efficiency of the model. To increase the stability of the model, we adopt Adaptive Self-paced Learning that effectively addresses the data-shifting problems. Experimental results on three well-known datasets demonstrate that U-CORE significantly improves upon existing methods by showing an average improvement of 7.35% ARI on Zero-shot ORE tasks and 15.24% ARI on Unsupervised ORE tasks.|2023-01-01|2023|['Transactions of the Association for Computational Linguistics']
https://doi.org/10.1162/tacl_a_00620|An Efficient Self-Supervised Cross-View Training For Sentence Embedding|Abstract Self-supervised sentence representation learning is the task of constructing an embedding space for sentences without relying on human annotation efforts. One straightforward approach is to finetune a pretrained language model (PLM) with a representation learning method such as contrastive learning. While this approach achieves impressive performance on larger PLMs, the performance rapidly degrades as the number of parameters decreases. In this paper, we propose a framework called Self-supervised Cross-View Training (SCT) to narrow the performance gap between large and small PLMs. To evaluate the effectiveness of SCT, we compare it to 5 baseline and state-of-the-art competitors on seven Semantic Textual Similarity (STS) benchmarks using 5 PLMs with the number of parameters ranging from 4M to 340M. The experimental results show that STC outperforms the competitors for PLMs with less than 100M parameters in 18 of 21 cases.1|2023-01-01|2023|['Transactions of the Association for Computational Linguistics']
https://doi.org/10.1162/tacl_a_00573|Evaluating Transformer Models and Human Behaviors on Chinese Character Naming|Abstract Neural network models have been proposed to explain the grapheme-phoneme mapping process in humans for many alphabet languages. These models not only successfully learned the correspondence of the letter strings and their pronunciation, but also captured human behavior in nonce word naming tasks. How would the neural models perform for a non-alphabet language (e.g., Chinese) unknown character task? How well would the model capture human behavior? In this study, we first collect human speakers’ answers on unknown Character naming tasks and then evaluate a set of transformer models by comparing their performance with human behaviors on an unknown Chinese character naming task. We found that the models and humans behaved very similarly, that they had similar accuracy distribution for each character, and had a substantial overlap in answers. In addition, the models’ answers are highly correlated with humans’ answers. These results suggested that the transformer models can capture humans’ character naming behavior well.1|2023-01-01|2023|['Transactions of the Association for Computational Linguistics']
https://doi.org/10.1162/tacl_a_00597|Improving Multitask Retrieval by Promoting Task Specialization|Abstract In multitask retrieval, a single retriever is trained to retrieve relevant contexts for multiple tasks. Despite its practical appeal, naive multitask retrieval lags behind task-specific retrieval, in which a separate retriever is trained for each task. We show that it is possible to train a multitask retriever that outperforms task-specific retrievers by promoting task specialization. The main ingredients are: (1) a better choice of pretrained model—one that is explicitly optimized for multitasking—along with compatible prompting, and (2) a novel adaptive learning method that encourages each parameter to specialize in a particular task. The resulting multitask retriever is highly performant on the KILT benchmark. Upon analysis, we find that the model indeed learns parameters that are more task-specialized compared to naive multitasking without prompting or adaptive learning.1|2023-01-01|2023|['Transactions of the Association for Computational Linguistics']
https://doi.org/10.1162/tacl_a_00617|Discover, Explain, Improve: An Automatic Slice Detection Benchmark for Natural Language Processing|Abstract Pretrained natural language processing (NLP) models have achieved high overall performance, but they still make systematic errors. Instead of manual error analysis, research on slice detection models (SDMs), which automatically identify underperforming groups of datapoints, has caught escalated attention in Computer Vision for both understanding model behaviors and providing insights for future model training and designing. However, little research on SDMs and quantitative evaluation of their effectiveness have been conducted on NLP tasks. Our paper fills the gap by proposing a benchmark named “Discover, Explain, Improve (DEIm)” for classification NLP tasks along with a new SDM Edisa. Edisa discovers coherent and underperforming groups of datapoints; DEIm then unites them under human-understandable concepts and provides comprehensive evaluation tasks and corresponding quantitative metrics. The evaluation in DEIm shows that Edisa can accurately select error-prone datapoints with informative semantic features that summarize error patterns. Detecting difficult datapoints directly boosts model performance without tuning any original model parameters, showing that discovered slices are actionable for users.1|2023-01-01|2023|['Transactions of the Association for Computational Linguistics']
https://doi.org/10.1162/tacl_a_00599|Intent-calibrated Self-training for Answer Selection in Open-domain Dialogues|Abstract Answer selection in open-domain dialogues aims to select an accurate answer from candidates. The recent success of answer selection models hinges on training with large amounts of labeled data. However, collecting large-scale labeled data is labor-intensive and time-consuming. In this paper, we introduce the predicted intent labels to calibrate answer labels in a self-training paradigm. Specifically, we propose intent-calibrated self-training (ICAST) to improve the quality of pseudo answer labels through the intent-calibrated answer selection paradigm, in which we employ pseudo intent labels to help improve pseudo answer labels. We carry out extensive experiments on two benchmark datasets with open-domain dialogues. The experimental results show that ICAST outperforms baselines consistently with 1%, 5%, and 10% labeled data. Specifically, it improves 2.06% and 1.00% of F1 score on the two datasets, compared with the strongest baseline with only 5% labeled data.|2023-01-01|2023|['Transactions of the Association for Computational Linguistics']
https://doi.org/10.1162/tacl_a_00550|Hate Speech Classifiers Learn Normative Social Stereotypes|Abstract Social stereotypes negatively impact individuals’ judgments about different groups and may have a critical role in understanding language directed toward marginalized groups. Here, we assess the role of social stereotypes in the automated detection of hate speech in the English language by examining the impact of social stereotypes on annotation behaviors, annotated datasets, and hate speech classifiers. Specifically, we first investigate the impact of novice annotators’ stereotypes on their hate-speech-annotation behavior. Then, we examine the effect of normative stereotypes in language on the aggregated annotators’ judgments in a large annotated corpus. Finally, we demonstrate how normative stereotypes embedded in language resources are associated with systematic prediction errors in a hate-speech classifier. The results demonstrate that hate-speech classifiers reflect social stereotypes against marginalized groups, which can perpetuate social inequalities when propagated at scale. This framework, combining social-psychological and computational-linguistic methods, provides insights into sources of bias in hate-speech moderation, informing ongoing debates regarding machine learning fairness.|2023-03-21|2023|['Transactions of the Association for Computational Linguistics']
https://doi.org/10.1162/tacl_a_00538|Domain-Specific Word Embeddings with Structure Prediction|Abstract Complementary to finding good general word embeddings, an important question for representation learning is to find dynamic word embeddings, for example, across time or domain. Current methods do not offer a way to use or predict information on structure between sub-corpora, time or domain and dynamic embeddings can only be compared after post-alignment. We propose novel word embedding methods that provide general word representations for the whole corpus, domain- specific representations for each sub-corpus, sub-corpus structure, and embedding alignment simultaneously. We present an empirical evaluation on New York Times articles and two English Wikipedia datasets with articles on science and philosophy. Our method, called Word2Vec with Structure Prediction (W2VPred), provides better performance than baselines in terms of the general analogy tests, domain-specific analogy tests, and multiple specific word embedding evaluations as well as structure prediction performance when no structure is given a priori. As a use case in the field of Digital Humanities we demonstrate how to raise novel research questions for high literature from the German Text Archive.|2023-03-27|2023|['Transactions of the Association for Computational Linguistics']
https://doi.org/10.1162/tacl_a_00560|Sub-Character Tokenization for Chinese Pretrained Language Models|Abstract Tokenization is fundamental to pretrained language models (PLMs). Existing tokenization methods for Chinese PLMs typically treat each character as an indivisible token. However, they ignore the unique feature of the Chinese writing system where additional linguistic information exists below the character level, i.e., at the sub-character level. To utilize such information, we propose sub-character (SubChar for short) tokenization. Specifically, we first encode the input text by converting each Chinese character into a short sequence based on its glyph or pronunciation, and then construct the vocabulary based on the encoded text with sub-word segmentation. Experimental results show that SubChar tokenizers have two main advantages over existing tokenizers: 1) They can tokenize inputs into much shorter sequences, thus improving the computational efficiency. 2) Pronunciation-based SubChar tokenizers can encode Chinese homophones into the same transliteration sequences and produce the same tokenization output, hence being robust to homophone typos. At the same time, models trained with SubChar tokenizers perform competitively on downstream tasks. We release our code and models at https://github.com/thunlp/SubCharTokenization to facilitate future work.|2023-05-18|2023|['Transactions of the Association for Computational Linguistics']
https://doi.org/10.1162/tacl_a_00559|<scp>InSCIt</scp>: Information-Seeking Conversations with Mixed-Initiative Interactions|Abstract In an information-seeking conversation, a user may ask questions that are under-specified or unanswerable. An ideal agent would interact by initiating different response types according to the available knowledge sources. However, most current studies either fail to or artificially incorporate such agent-side initiative. This work presents InSCIt, a dataset for Information-Seeking Conversations with mixed-initiative Interactions. It contains 4.7K user-agent turns from 805 human-human conversations where the agent searches over Wikipedia and either directly answers, asks for clarification, or provides relevant information to address user queries. The data supports two subtasks, evidence passage identification and response generation, as well as a human evaluation protocol to assess model performance. We report results of two systems based on state-of-the-art models of conversational knowledge identification and open-domain question answering. Both systems significantly underperform humans, suggesting ample room for improvement in future studies.1|2023-05-18|2023|['Transactions of the Association for Computational Linguistics']
https://doi.org/10.1162/tacl_a_00558|Erasure of Unaligned Attributes from Neural Representations|Abstract We present the Assignment-Maximization Spectral Attribute removaL (AMSAL) algorithm, which erases information from neural representations when the information to be erased is implicit rather than directly being aligned to each input example. Our algorithm works by alternating between two steps. In one, it finds an assignment of the input representations to the information to be erased, and in the other, it creates projections of both the input representations and the information to be erased into a joint latent space. We test our algorithm on an extensive array of datasets, including a Twitter dataset with multiple guarded attributes, the BiasBios dataset, and the BiasBench benchmark. The latter benchmark includes four datasets with various types of protected attributes. Our results demonstrate that bias can often be removed in our setup. We also discuss the limitations of our approach when there is a strong entanglement between the main task and the information to be erased.1|2023-05-26|2023|['Transactions of the Association for Computational Linguistics']
https://doi.org/10.1162/tacl_a_00561|Less is More: Mitigate Spurious Correlations for Open-Domain Dialogue Response Generation Models by Causal Discovery|Abstract In this paper, we conduct the first study on spurious correlations for open-domain response generation models based on a corpus CGDialog curated by ourselves. The current models indeed suffer from spurious correlations and have a tendency to generate irrelevant and generic responses. Inspired by causal discovery algorithms, we propose a novel model-agnostic method for training and inference using a conditional independence classifier. The classifier is trained by a constrained self-training method, coined ConSTrain, to overcome data sparsity. The experimental results based on both human and automatic evaluation show that our method significantly outperforms the competitive baselines in terms of relevance, informativeness, and fluency.|2023-05-26|2023|['Transactions of the Association for Computational Linguistics']
https://doi.org/10.1162/tacl_a_00638|Lost in the Middle: How Language Models Use Long Contexts|Abstract While recent language models have the ability to take long contexts as input, relatively little is known about how well they use longer context. We analyze the performance of language models on two tasks that require identifying relevant information in their input contexts: multi-document question answering and key-value retrieval. We find that performance can degrade significantly when changing the position of relevant information, indicating that current language models do not robustly make use of information in long input contexts. In particular, we observe that performance is often highest when relevant information occurs at the beginning or end of the input context, and significantly degrades when models must access relevant information in the middle of long contexts, even for explicitly long-context models. Our analysis provides a better understanding of how language models use their input context and provides new evaluation protocols for future long-context language models.|2024-01-01|2024|['Transactions of the Association for Computational Linguistics']
https://doi.org/10.1162/tacl_a_00632|Benchmarking Large Language Models for News Summarization|Abstract Large language models (LLMs) have shown promise for automatic summarization but the reasons behind their successes are poorly understood. By conducting a human evaluation on ten LLMs across different pretraining methods, prompts, and model scales, we make two important observations. First, we find instruction tuning, not model size, is the key to the LLM’s zero-shot summarization capability. Second, existing studies have been limited by low-quality references, leading to underestimates of human performance and lower few-shot and finetuning performance. To better evaluate LLMs, we perform human evaluation over high-quality summaries we collect from freelance writers. Despite major stylistic differences such as the amount of paraphrasing, we find that LLM summaries are judged to be on par with human written summaries.|2024-01-01|2024|['Transactions of the Association for Computational Linguistics']
https://doi.org/10.1162/tacl_a_00704|A Survey on Model Compression for Large Language Models|Abstract Large Language Models (LLMs) have transformed natural language processing tasks successfully. Yet, their large size and high computational needs pose challenges for practical use, especially in resource-limited settings. Model compression has emerged as a key research area to address these challenges. This paper presents a survey of model compression techniques for LLMs. We cover methods like quantization, pruning, and knowledge distillation, highlighting recent advancements. We also discuss benchmarking strategies and evaluation metrics crucial for assessing compressed LLMs. This survey offers valuable insights for researchers and practitioners, aiming to enhance efficiency and real-world applicability of LLMs while laying a foundation for future advancements.|2024-01-01|2024|['Transactions of the Association for Computational Linguistics']
https://doi.org/10.1162/tacl_a_00681|State of What Art? A Call for Multi-Prompt LLM Evaluation|Abstract Recent advances in LLMs have led to an abundance of evaluation benchmarks, which typically rely on a single instruction template per task. We create a large-scale collection of instruction paraphrases and comprehensively analyze the brittleness introduced by single-prompt evaluations across 6.5M instances, involving 20 different LLMs and 39 tasks from 3 benchmarks. We find that different instruction templates lead to very different performance, both absolute and relative. Instead, we propose a set of diverse metrics on multiple instruction paraphrases, specifically tailored for different use cases (e.g., LLM vs. downstream development), ensuring a more reliable and meaningful assessment of LLM capabilities. We show that our metrics provide new insights into the strengths and limitations of current LLMs.|2024-01-01|2024|['Transactions of the Association for Computational Linguistics']
https://doi.org/10.1162/tacl_a_00642|Exploring Human-Like Translation Strategy with Large Language Models|Abstract Large language models (LLMs) have demonstrated impressive capabilities in general scenarios, exhibiting a level of aptitude that approaches, in some aspects even surpasses, human-level intelligence. Among their numerous skills, the translation abilities of LLMs have received considerable attention. Compared to typical machine translation that focuses solely on source-to-target mapping, LLM-based translation can potentially mimic the human translation process, which might take preparatory steps to ensure high-quality translation. This work explores this possibility by proposing the MAPS framework, which stands for Multi-Aspect Prompting and Selection. Specifically, we enable LLMs first to analyze the given source sentence and induce three aspects of translation-related knowledge (keywords, topics, and relevant demonstrations) to guide the final translation process. Moreover, we employ a selection mechanism based on quality estimation to filter out noisy and unhelpful knowledge. Both automatic (3 LLMs × 11 directions × 2 automatic metrics) and human evaluation (preference study and MQM) demonstrate the effectiveness of MAPS. Further analysis shows that by mimicking the human translation process, MAPS reduces various translation errors such as hallucination, ambiguity, mistranslation, awkward style, untranslated text, and omission. Source code is available at https://github.com/zwhe99/MAPS-mt.|2024-01-01|2024|['Transactions of the Association for Computational Linguistics']
https://doi.org/10.1162/tacl_a_00667|Evaluating Correctness and Faithfulness of Instruction-Following Models for Question Answering|Abstract Instruction-following models are attractive alternatives to fine-tuned approaches for question answering (QA). By simply prepending relevant documents and an instruction to their input, these models can be adapted to various information domains and tasks without additional training. However, these models tend to produce verbose responses with supplementary information, which makes traditional QA metrics like exact match (EM) and F1 unreliable for accurately quantifying model performance. In this work, we evaluate instruction-following models along two fronts: 1) how well they satisfy user’s information need (correctness), and 2) whether they disseminate information supported by the provided knowledge (faithfulness). Guided by human evaluation and analysis, we highlight the shortcomings of traditional metrics for both correctness and faithfulness and propose simple token-overlap metrics that correlate highly with human judgments. Our analysis reveals that for correctness, instruction-following models perform comparably to models specifically fine-tuned for that task. However, they struggle to accurately judge the relevance of the provided knowledge and often hallucinate in their responses. We hope our work encourages more holistic evaluation of instruction-following models for QA. Our code and human annotation data is available at https://github.com/McGill-NLP/instruct-qa.|2024-01-01|2024|['Transactions of the Association for Computational Linguistics']
https://doi.org/10.1162/tacl_a_00660|Automatically Correcting Large Language Models: <i>Surveying the Landscape of Diverse Automated Correction Strategies</i>|Abstract While large language models (LLMs) have shown remarkable effectiveness in various NLP tasks, they are still prone to issues such as hallucination, unfaithful reasoning, and toxicity. A promising approach to rectify these flaws is correcting LLMs with feedback, where the LLM itself is prompted or guided with feedback to fix problems in its own output. Techniques leveraging automated feedback—either produced by the LLM itself (self-correction) or some external system—are of particular interest as they make LLM-based solutions more practical and deployable with minimal human intervention. This paper provides an exhaustive review of the recent advances in correcting LLMs with automated feedback, categorizing them into training-time, generation-time, and post-hoc approaches. We also identify potential challenges and future directions in this emerging field.|2024-01-01|2024|['Transactions of the Association for Computational Linguistics']
https://doi.org/10.1162/tacl_a_00648|Large Language Models Enable Few-Shot Clustering|Abstract Unlike traditional unsupervised clustering, semi-supervised clustering allows users to provide meaningful structure to the data, which helps the clustering algorithm to match the user’s intent. Existing approaches to semi-supervised clustering require a significant amount of feedback from an expert to improve the clusters. In this paper, we ask whether a large language model (LLM) can amplify an expert’s guidance to enable query-efficient, few-shot semi-supervised text clustering. We show that LLMs are surprisingly effective at improving clustering. We explore three stages where LLMs can be incorporated into clustering: before clustering (improving input features), during clustering (by providing constraints to the clusterer), and after clustering (using LLMs post-correction). We find that incorporating LLMs in the first two stages routinely provides significant improvements in cluster quality, and that LLMs enable a user to make trade-offs between cost and accuracy to produce desired clusters. We release our code and LLM prompts for the public to use.1|2024-01-01|2024|['Transactions of the Association for Computational Linguistics']
https://doi.org/10.1162/tacl_a_00685|Do LLMs Exhibit Human-like Response Biases? A Case Study in Survey Design|Abstract One widely cited barrier to the adoption of LLMs as proxies for humans in subjective tasks is their sensitivity to prompt wording—but interestingly, humans also display sensitivities to instruction changes in the form of response biases. We investigate the extent to which LLMs reflect human response biases, if at all. We look to survey design, where human response biases caused by changes in the wordings of “prompts” have been extensively explored in social psychology literature. Drawing from these works, we design a dataset and framework to evaluate whether LLMs exhibit human-like response biases in survey questionnaires. Our comprehensive evaluation of nine models shows that popular open and commercial LLMs generally fail to reflect human-like behavior, particularly in models that have undergone RLHF. Furthermore, even if a model shows a significant change in the same direction as humans, we find that they are sensitive to perturbations that do not elicit significant changes in humans. These results highlight the pitfalls of using LLMs as human proxies, and underscore the need for finer-grained characterizations of model behavior.1|2024-01-01|2024|['Transactions of the Association for Computational Linguistics']
https://doi.org/10.1162/tacl_a_00713|When Can LLMs <i>Actually</i> Correct Their Own Mistakes? A Critical Survey of Self-Correction of LLMs|Abstract Self-correction is an approach to improving responses from large language models (LLMs) by refining the responses using LLMs during inference. Prior work has proposed various self-correction frameworks using different sources of feedback, including self-evaluation and external feedback. However, there is still no consensus on the question of when LLMs can correct their own mistakes, as recent studies also report negative results. In this work, we critically survey broad papers and discuss the conditions required for successful self-correction. We first find that prior studies often do not define their research questions in detail and involve impractical frameworks or unfair evaluations that over-evaluate self-correction. To tackle these issues, we categorize research questions in self-correction research and provide a checklist for designing appropriate experiments. Our critical survey based on the newly categorized research questions shows that (1) no prior work demonstrates successful self-correction with feedback from prompted LLMs, except for studies in tasks that are exceptionally suited for self-correction, (2) self-correction works well in tasks that can use reliable external feedback, and (3) large-scale fine-tuning enables self-correction.|2024-01-01|2024|['Transactions of the Association for Computational Linguistics']
https://doi.org/10.1162/tacl_a_00655|Eliciting the Translation Ability of Large Language Models via Multilingual Finetuning with Translation Instructions|Abstract Large-scale pretrained language models (LLMs), such as ChatGPT and GPT4, have shown strong abilities in multilingual translation, without being explicitly trained on parallel corpora. It is intriguing how the LLMs obtain their ability to carry out translation instructions for different languages. In this paper, we present a detailed analysis by finetuning a multilingual pretrained language model, XGLM-7.5B, to perform multilingual translation following given instructions. Firstly, we show that multilingual LLMs have stronger translation abilities than previously demonstrated. For a certain language, the translation performance depends on its similarity to English and the amount of data used in the pretraining phase. Secondly, we find that LLMs’ ability to carry out translation instructions relies on the understanding of translation instructions and the alignment among different languages. With multilingual finetuning with translation instructions, LLMs could learn to perform the translation task well even for those language pairs unseen during the instruction tuning phase.|2024-01-01|2024|['Transactions of the Association for Computational Linguistics']
https://doi.org/10.1162/tacl_a_00683|<b>x<scp>comet</scp> </b>: Transparent Machine Translation Evaluation through Fine-grained Error Detection|Abstract Widely used learned metrics for machine translation evaluation, such as Comet and Bleurt, estimate the quality of a translation hypothesis by providing a single sentence-level score. As such, they offer little insight into translation errors (e.g., what are the errors and what is their severity). On the other hand, generative large language models (LLMs) are amplifying the adoption of more granular strategies to evaluation, attempting to detail and categorize translation errors. In this work, we introduce xcomet, an open-source learned metric designed to bridge the gap between these approaches. xcomet integrates both sentence-level evaluation and error span detection capabilities, exhibiting state-of-the-art performance across all types of evaluation (sentence-level, system-level, and error span detection). Moreover, it does so while highlighting and categorizing error spans, thus enriching the quality assessment. We also provide a robustness analysis with stress tests, and show that xcomet is largely capable of identifying localized critical errors and hallucinations.|2024-01-01|2024|['Transactions of the Association for Computational Linguistics']
https://doi.org/10.1162/tacl_a_00633|mGPT: Few-Shot Learners Go Multilingual|Abstract This paper introduces mGPT, a multilingual variant of GPT-3, pretrained on 61 languages from 25 linguistically diverse language families using Wikipedia and the C4 Corpus. We detail the design and pretraining procedure. The models undergo an intrinsic and extrinsic evaluation: language modeling in all languages, downstream evaluation on cross-lingual NLU datasets and benchmarks in 33 languages, and world knowledge probing in 23 languages. The in-context learning abilities are on par with the contemporaneous language models while covering a larger number of languages, including underrepresented and low-resource languages of the Commonwealth of Independent States and the indigenous peoples in Russia. The source code and the language models are publicly available under the MIT license.|2024-01-01|2024|['Transactions of the Association for Computational Linguistics']
https://doi.org/10.1162/tacl_a_00644|Evaluating the Ripple Effects of Knowledge Editing in Language Models|Abstract Modern language models capture a large body of factual knowledge. However, some facts can be incorrectly induced or become obsolete over time, resulting in factually incorrect generations. This has led to the development of various editing methods that allow updating facts encoded by the model. Evaluation of these methods has primarily focused on testing whether an individual fact has been successfully injected, and if similar predictions for other subjects have not changed. Here we argue that such evaluation is limited, since injecting one fact (e.g., “Jack Depp is the son of Johnny Depp”) introduces a “ripple effect” in the form of additional facts that the model needs to update (e.g., “Jack Depp is the sibling of Lily-Rose Depp”). To address this, we propose novel evaluation criteria that consider the implications of an edit on related facts. Using these criteria, we then construct RippleEdits, a diagnostic benchmark of 5K factual edits, capturing various types of ripple effects. We evaluate prominent editing methods on RippleEdits, showing that they fail to introduce consistent changes in the model’s knowledge. In addition, we find that a simple in-context editing baseline obtains the best scores on our benchmark, suggesting a promising research direction for model editing.1|2024-01-01|2024|['Transactions of the Association for Computational Linguistics']
https://doi.org/10.1162/tacl_a_00656|What Do Self-Supervised Speech Models Know About Words?|Abstract Many self-supervised speech models (S3Ms) have been introduced over the last few years, improving performance and data efficiency on various speech tasks. However, these empirical successes alone do not give a complete picture of what is learned during pre-training. Recent work has begun analyzing how S3Ms encode certain properties, such as phonetic and speaker information, but we still lack a proper understanding of knowledge encoded at the word level and beyond. In this work, we use lightweight analysis methods to study segment-level linguistic properties—word identity, boundaries, pronunciation, syntactic features, and semantic features—encoded in S3Ms. We present a comparative study of layer-wise representations from ten S3Ms and find that (i) the frame-level representations within each word segment are not all equally informative, and (ii) the pre-training objective and model size heavily influence the accessibility and distribution of linguistic information across layers. We also find that on several tasks—word discrimination, word segmentation, and semantic sentence similarity—S3Ms trained with visual grounding outperform their speech-only counterparts. Finally, our task-based analyses demonstrate improved performance on word segmentation and acoustic word discrimination while using simpler methods than prior work.1|2024-01-01|2024|['Transactions of the Association for Computational Linguistics']
https://doi.org/10.1162/tacl_a_00679|Decision-Oriented Dialogue for Human-AI Collaboration|Abstract We describe a class of tasks called decision-oriented dialogues, in which AI assistants such as large language models (LMs) must collaborate with one or more humans via natural language to help them make complex decisions. We formalize three domains in which users face everyday decisions: (1) choosing an assignment of reviewers to conference papers, (2) planning a multi-step itinerary in a city, and (3) negotiating travel plans for a group of friends. In each of these settings, AI assistants and users have disparate abilities that they must combine to arrive at the best decision: Assistants can access and process large amounts of information, while users have preferences and constraints external to the system. For each task, we build a dialogue environment where agents receive a reward based on the quality of the final decision they reach. We evaluate LMs in self-play and in collaboration with humans and find that they fall short compared to human assistants, achieving much lower rewards despite engaging in longer dialogues. We highlight a number of challenges models face in decision-oriented dialogues, ranging from goal-directed behavior to reasoning and optimization, and release our environments as a testbed for future work.|2024-01-01|2024|['Transactions of the Association for Computational Linguistics']
https://doi.org/10.1162/tacl_a_00639|Red Teaming Language Model Detectors with Language Models|Abstract The prevalence and strong capability of large language models (LLMs) present significant safety and ethical risks if exploited by malicious users. To prevent the potentially deceptive usage of LLMs, recent work has proposed algorithms to detect LLM-generated text and protect LLMs. In this paper, we investigate the robustness and reliability of these LLM detectors under adversarial attacks. We study two types of attack strategies: 1) replacing certain words in an LLM’s output with their synonyms given the context; 2) automatically searching for an instructional prompt to alter the writing style of the generation. In both strategies, we leverage an auxiliary LLM to generate the word replacements or the instructional prompt. Different from previous works, we consider a challenging setting where the auxiliary LLM can also be protected by a detector. Experiments reveal that our attacks effectively compromise the performance of all detectors in the study with plausible generations, underscoring the urgent need to improve the robustness of LLM-generated text detection systems. Code is available at https://github.com/shizhouxing/LLM-Detector-Robustness.|2024-01-01|2024|['Transactions of the Association for Computational Linguistics']
https://doi.org/10.1162/tacl_a_00689|Do Language Models Enjoy Their Own Stories? Prompting Large Language Models for Automatic Story Evaluation|Abstract Storytelling is an integral part of human experience and plays a crucial role in social interactions. Thus, Automatic Story Evaluation (ASE) and Generation (ASG) could benefit society in multiple ways, but they are challenging tasks which require high-level human abilities such as creativity, reasoning, and deep understanding. Meanwhile, Large Language Models (LLMs) now achieve state-of-the-art performance on many NLP tasks. In this paper, we study whether LLMs can be used as substitutes for human annotators for ASE. We perform an extensive analysis of the correlations between LLM ratings, other automatic measures, and human annotations, and we explore the influence of prompting on the results and the explainability of LLM behaviour. Most notably, we find that LLMs outperform current automatic measures for system-level evaluation but still struggle at providing satisfactory explanations for their answers.|2024-01-01|2024|['Transactions of the Association for Computational Linguistics']
https://doi.org/10.1162/tacl_a_00662|<scp>AutoPEFT</scp>: Automatic Configuration Search for Parameter-Efficient Fine-Tuning|Abstract Large pretrained language models are widely used in downstream NLP tasks via task- specific fine-tuning, but such procedures can be costly. Recently, Parameter-Efficient Fine-Tuning (PEFT) methods have achieved strong task performance while updating much fewer parameters than full model fine-tuning (FFT). However, it is non-trivial to make informed design choices on the PEFT configurations, such as their architecture, the number of tunable parameters, and even the layers in which the PEFT modules are inserted. Consequently, it is highly likely that the current, manually designed configurations are suboptimal in terms of their performance-efficiency trade-off. Inspired by advances in neural architecture search, we propose AutoPEFT for automatic PEFT configuration selection: We first design an expressive configuration search space with multiple representative PEFT modules as building blocks. Using multi-objective Bayesian optimization in a low-cost setup, we then discover a Pareto-optimal set of configurations with strong performance-cost trade-offs across different numbers of parameters that are also highly transferable across different tasks. Empirically, on GLUE and SuperGLUE tasks, we show that AutoPEFT-discovered configurations significantly outperform existing PEFT methods and are on par or better than FFT without incurring substantial training efficiency costs.|2024-01-01|2024|['Transactions of the Association for Computational Linguistics']
https://doi.org/10.1162/tacl_a_00663|What Formal Languages Can Transformers Express? A Survey|Abstract As transformers have gained prominence in natural language processing, some researchers have investigated theoretically what problems they can and cannot solve, by treating problems as formal languages. Exploring such questions can help clarify the power of transformers relative to other models of computation, their fundamental capabilities and limits, and the impact of architectural choices. Work in this subarea has made considerable progress in recent years. Here, we undertake a comprehensive survey of this work, documenting the diverse assumptions that underlie different results and providing a unified framework for harmonizing seemingly contradictory findings.|2024-01-01|2024|['Transactions of the Association for Computational Linguistics']
https://doi.org/10.1162/tacl_a_00695|Investigating Hallucinations in Pruned Large Language Models for Abstractive Summarization|Abstract Despite the remarkable performance of generative large language models (LLMs) on abstractive summarization, they face two significant challenges: their considerable size and tendency to hallucinate. Hallucinations are concerning because they erode reliability and raise safety issues. Pruning is a technique that reduces model size by removing redundant weights, enabling more efficient sparse inference. Pruned models yield downstream task performance comparable to the original, making them ideal alternatives when operating on a limited budget. However, the effect that pruning has upon hallucinations in abstractive summarization with LLMs has yet to be explored. In this paper, we provide an extensive empirical study across five summarization datasets, two state-of-the-art pruning methods, and five instruction-tuned LLMs. Surprisingly, we find that hallucinations are less prevalent from pruned LLMs than the original models. Our analysis suggests that pruned models tend to depend more on the source document for summary generation. This leads to a higher lexical overlap between the generated summary and the source document, which could be a reason for the reduction in hallucination risk.1|2024-01-01|2024|['Transactions of the Association for Computational Linguistics']
https://doi.org/10.1162/tacl_a_00715|Conformal Prediction for Natural Language Processing: A Survey|Abstract The rapid proliferation of large language models and natural language processing (NLP) applications creates a crucial need for uncertainty quantification to mitigate risks such as Hallucinations and to enhance decision-making reliability in critical applications. Conformal prediction is emerging as a theoretically sound and practically useful framework, combining flexibility with strong statistical guarantees. Its model-agnostic and distribution-free nature makes it particularly promising to address the current shortcomings of NLP systems that stem from the absence of uncertainty quantification. This paper provides a comprehensive survey of conformal prediction techniques, their guarantees, and existing applications in NLP, pointing to directions for future research and open challenges.|2024-01-01|2024|['Transactions of the Association for Computational Linguistics']
https://doi.org/10.1162/tacl_a_00702|Reading Subtext: Evaluating Large Language Models on Short Story Summarization with Writers|Abstract We evaluate recent Large Language Models (LLMs) on the challenging task of summarizing short stories, which can be lengthy, and include nuanced subtext or scrambled timelines. Importantly, we work directly with authors to ensure that the stories have not been shared online (and therefore are unseen by the models), and to obtain informed evaluations of summary quality using judgments from the authors themselves. Through quantitative and qualitative analysis grounded in narrative theory, we compare GPT-4, Claude-2.1, and LLama-2-70B. We find that all three models make faithfulness mistakes in over 50% of summaries and struggle with specificity and interpretation of difficult subtext. We additionally demonstrate that LLM ratings and other automatic metrics for summary quality do not correlate well with the quality ratings from the writers.|2024-01-01|2024|['Transactions of the Association for Computational Linguistics']
https://doi.org/10.1162/tacl_a_00641|Unifying Structured Data as Graph for Data-to-Text Pre-Training|Abstract Data-to-text (D2T) generation aims to transform structured data into natural language text. Data-to-text pre-training has proved to be powerful in enhancing D2T generation and yields impressive performance. However, previous pre-training methods either oversimplified structured data into a sequence without considering input structures or designed training objectives tailored for a specific data structure (e.g., table or knowledge graph). In this paper, we unify different types of structured data (i.e., table, key-value data, knowledge graph) into the graph format and cast different D2T generation tasks as graph-to-text generation. To effectively exploit the structural information of the input graph, we propose a structure-enhanced pre-training method for D2T generation by designing a structure-enhanced Transformer. Concretely, we devise a position matrix for the Transformer, encoding relative positional information of connected nodes in the input graph. In addition, we propose a new attention matrix to incorporate graph structures into the original Transformer by taking the available explicit connectivity structure into account. Extensive experiments on six benchmark datasets show the effectiveness of our model. Our source codes are available at https://github.com/AlibabaResearch/DAMO-ConvAI/tree/main/unid2t.|2024-01-01|2024|['Transactions of the Association for Computational Linguistics']
https://doi.org/10.1162/tacl_a_00697|Retrieval-style In-context Learning for Few-shot Hierarchical Text Classification|Abstract Hierarchical text classification (HTC) is an important task with broad applications, and few-shot HTC has gained increasing interest recently. While in-context learning (ICL) with large language models (LLMs) has achieved significant success in few-shot learning, it is not as effective for HTC because of the expansive hierarchical label sets and extremely ambiguous labels. In this work, we introduce the first ICL-based framework with LLM for few-shot HTC. We exploit a retrieval database to identify relevant demonstrations, and an iterative policy to manage multi-layer hierarchical labels. Particularly, we equip the retrieval database with HTC label-aware representations for the input texts, which is achieved by continual training on a pretrained language model with masked language modeling (MLM), layer-wise classification (CLS, specifically for HTC), and a novel divergent contrastive learning (DCL, mainly for adjacent semantically similar labels) objective. Experimental results on three benchmark datasets demonstrate superior performance of our method, and we can achieve state-of-the-art results in few-shot HTC.|2024-01-01|2024|['Transactions of the Association for Computational Linguistics']
https://doi.org/10.1162/tacl_a_00649|JustiLM: Few-shot Justification Generation for Explainable Fact-Checking of Real-world Claims|Abstract Justification is an explanation that supports the veracity assigned to a claim in fact-checking. However, the task of justification generation has been previously oversimplified as summarization of a fact-check article authored by fact-checkers. Therefore, we propose a realistic approach to generate justification based on retrieved evidence. We present a new benchmark dataset called ExClaim (for Explainable fact-checking of real-world Claims), and introduce JustiLM, a novel few-shot Justification generation based on retrieval-augmented Language Model by using fact-check articles as an auxiliary resource during training only. Experiments show that JustiLM achieves promising performance in justification generation compared to strong baselines, and can also enhance veracity classification with a straightforward extension.1 Code and dataset are released at https://github.com/znhy1024/JustiLM.|2024-01-01|2024|['Transactions of the Association for Computational Linguistics']
https://doi.org/10.1162/tacl_a_00710|Beyond Prompt Brittleness: Evaluating the Reliability and Consistency of Political Worldviews in LLMs|Abstract Due to the widespread use of large language models (LLMs), we need to understand whether they embed a specific “worldview” and what these views reflect. Recent studies report that, prompted with political questionnaires, LLMs show left-liberal leanings (Feng et al., 2023; Motoki et al., 2024). However, it is as yet unclear whether these leanings are reliable (robust to prompt variations) and whether the leaning is consistent across policies and political leaning. We propose a series of tests which assess the reliability and consistency of LLMs’ stances on political statements based on a dataset of voting-advice questionnaires collected from seven EU countries and annotated for policy issues. We study LLMs ranging in size from 7B to 70B parameters and find that their reliability increases with parameter count. Larger models show overall stronger alignment with left-leaning parties but differ among policy programs: They show a (left-wing) positive stance towards environment protection, social welfare state, and liberal society but also (right-wing) law and order, with no consistent preferences in the areas of foreign policy and migration.|2024-01-01|2024|['Transactions of the Association for Computational Linguistics']
https://doi.org/10.1162/tacl_a_00705|<tt>L2CEval</tt>: Evaluating Language-to-Code Generation Capabilities of Large Language Models|Abstract Recently, large language models (LLMs), especially those that are pretrained on code, have demonstrated strong capabilities in generating programs from natural language inputs. Despite promising results, there is a notable lack of a comprehensive evaluation of these models’ language-to-code generation capabilities. Existing studies often focus on specific tasks, model architectures, or learning paradigms, leading to a fragmented understanding of the overall landscape. In this work, we present L2CEval, a systematic evaluation of the language-to-code generation capabilities of LLMs on 7 tasks across the domain spectrum of semantic parsing, math reasoning, and Python programming, analyzing the factors that potentially affect their performance, such as model size, pretraining data, instruction tuning, and different prompting methods. In addition, we assess confidence calibration, and conduct human evaluations to identify typical failures across different tasks and models. L2CEval offers a comprehensive understanding of the capabilities and limitations of LLMs in language-to-code generation. We release the evaluation framework1 and all model outputs, hoping to lay the groundwork for further future research. All future evaluations (e.g., LLaMA-3, StarCoder2, etc) will be updated on the project website: https://l2c-eval.github.io/.|2024-01-01|2024|['Transactions of the Association for Computational Linguistics']
https://doi.org/10.1162/tacl_a_00634|Cultural Adaptation of Recipes|Abstract Building upon the considerable advances in Large Language Models (LLMs), we are now equipped to address more sophisticated tasks demanding a nuanced understanding of cross-cultural contexts. A key example is recipe adaptation, which goes beyond simple translation to include a grasp of ingredients, culinary techniques, and dietary preferences specific to a given culture. We introduce a new task involving the translation and cultural adaptation of recipes between Chinese- and English-speaking cuisines. To support this investigation, we present CulturalRecipes, a unique dataset composed of automatically paired recipes written in Mandarin Chinese and English. This dataset is further enriched with a human-written and curated test set. In this intricate task of cross-cultural recipe adaptation, we evaluate the performance of various methods, including GPT-4 and other LLMs, traditional machine translation, and information retrieval techniques. Our comprehensive analysis includes both automatic and human evaluation metrics. While GPT-4 exhibits impressive abilities in adapting Chinese recipes into English, it still lags behind human expertise when translating English recipes into Chinese. This underscores the multifaceted nature of cultural adaptations. We anticipate that these insights will significantly contribute to future research on culturally aware language models and their practical application in culturally diverse contexts.|2024-01-01|2024|['Transactions of the Association for Computational Linguistics']
https://doi.org/10.1162/tacl_a_00661|KoBBQ: Korean Bias Benchmark for Question Answering|Abstract Warning: This paper contains examples of stereotypes and biases. The Bias Benchmark for Question Answering (BBQ) is designed to evaluate social biases of language models (LMs), but it is not simple to adapt this benchmark to cultural contexts other than the US because social biases depend heavily on the cultural context. In this paper, we present KoBBQ, a Korean bias benchmark dataset, and we propose a general framework that addresses considerations for cultural adaptation of a dataset. Our framework includes partitioning the BBQ dataset into three classes—Simply-Transferred (can be used directly after cultural translation), Target-Modified (requires localization in target groups), and Sample-Removed (does not fit Korean culture)—and adding four new categories of bias specific to Korean culture. We conduct a large-scale survey to collect and validate the social biases and the targets of the biases that reflect the stereotypes in Korean culture. The resulting KoBBQ dataset comprises 268 templates and 76,048 samples across 12 categories of social bias. We use KoBBQ to measure the accuracy and bias scores of several state-of-the-art multilingual LMs. The results clearly show differences in the bias of LMs as measured by KoBBQ and a machine-translated version of BBQ, demonstrating the need for and utility of a well-constructed, culturally aware social bias benchmark.|2024-01-01|2024|['Transactions of the Association for Computational Linguistics']
https://doi.org/10.1162/tacl_a_00629|<scp>AmbiFC</scp>: Fact-Checking Ambiguous Claims with Evidence|Abstract Automated fact-checking systems verify claims against evidence to predict their veracity. In real-world scenarios, the retrieved evidence may not unambiguously support or refute the claim and yield conflicting but valid interpretations. Existing fact-checking datasets assume that the models developed with them predict a single veracity label for each claim, thus discouraging the handling of such ambiguity. To address this issue we present AmbiFC,1 a fact-checking dataset with 10k claims derived from real-world information needs. It contains fine-grained evidence annotations of 50k passages from 5k Wikipedia pages. We analyze the disagreements arising from ambiguity when comparing claims against evidence in AmbiFC, observing a strong correlation of annotator disagreement with linguistic phenomena such as underspecification and probabilistic reasoning. We develop models for predicting veracity handling this ambiguity via soft labels, and find that a pipeline that learns the label distribution for sentence-level evidence selection and veracity prediction yields the best performance. We compare models trained on different subsets of AmbiFC and show that models trained on the ambiguous instances perform better when faced with the identified linguistic phenomena.|2024-01-01|2024|['Transactions of the Association for Computational Linguistics']
https://doi.org/10.1162/tacl_a_00631|Language Varieties of Italy: Technology Challenges and Opportunities|Abstract Italy is characterized by a one-of-a-kind linguistic diversity landscape in Europe, which implicitly encodes local knowledge, cultural traditions, artistic expressions, and history of its speakers. However, most local languages and dialects in Italy are at risk of disappearing within a few generations. The NLP community has recently begun to engage with endangered languages, including those of Italy. Yet, most efforts assume that these varieties are under-resourced language monoliths with an established written form and homogeneous functions and needs, and thus highly interchangeable with each other and with high-resource, standardized languages. In this paper, we introduce the linguistic context of Italy and challenge the default machine-centric assumptions of NLP for Italy’s language varieties. We advocate for a shift in the paradigm from machine-centric to speaker-centric NLP, and provide recommendations and opportunities for work that prioritizes languages and their speakers over technological advances. To facilitate the process, we finally propose building a local community towards responsible, participatory efforts aimed at supporting vitality of languages and dialects of Italy.|2024-01-01|2024|['Transactions of the Association for Computational Linguistics']
https://doi.org/10.1162/tacl_a_00646|Retrieve What You Need: A Mutual Learning Framework for Open-domain Question Answering|Abstract An open-domain question answering (QA) system usually follows a retrieve-then-read paradigm, in which a retriever is used to retrieve relevant passages from a large corpus, and then a reader generates answers based on the retrieved passages and the original question. In this paper, we propose a simple and novel mutual learning framework to improve the performance of retrieve-then-read-style models via an intermediate module named the knowledge selector, which we train with reinforcement learning. The key benefits of our proposed intermediate module are: 1) no requirement for additional annotated question-passage pairs; 2) improvements in both retrieval and QA performance, as well as computational efficiency, compared to prior competitive retrieve-then-read models; 3) with no finetuning, improvement in the zero-shot performance of large-scale pre-trained language models, e.g., ChatGPT, by encapsulating the input with relevant knowledge without violating the input length constraint.|2024-01-01|2024|['Transactions of the Association for Computational Linguistics']
https://doi.org/10.1162/tacl_a_00645|To Diverge or Not to Diverge: A Morphosyntactic Perspective on Machine Translation vs Human Translation|Abstract We conduct a large-scale fine-grained comparative analysis of machine translations (MTs) against human translations (HTs) through the lens of morphosyntactic divergence. Across three language pairs and two types of divergence defined as the structural difference between the source and the target, MT is consistently more conservative than HT, with less morphosyntactic diversity, more convergent patterns, and more one-to-one alignments. Through analysis on different decoding algorithms, we attribute this discrepancy to the use of beam search that biases MT towards more convergent patterns. This bias is most amplified when the convergent pattern appears around 50% of the time in training data. Lastly, we show that for a majority of morphosyntactic divergences, their presence in HT is correlated with decreased MT performance, presenting a greater challenge for MT systems.|2024-01-01|2024|['Transactions of the Association for Computational Linguistics']
https://doi.org/10.1162/tacl_a_00651|Are Character-level Translations Worth the Wait? Comparing ByT5 and mT5 for Machine Translation|Abstract Pretrained character-level and byte-level language models have been shown to be competitive with popular subword models across a range of Natural Language Processing tasks. However, there has been little research on their effectiveness for neural machine translation (NMT), particularly within the popular pretrain-then-finetune paradigm. This work performs an extensive comparison across multiple languages and experimental conditions of character- and subword-level pretrained models (ByT5 and mT5, respectively) on NMT. We show the effectiveness of character-level modeling in translation, particularly in cases where fine-tuning data is limited. In our analysis, we show how character models’ gains in translation quality are reflected in better translations of orthographically similar words and rare words. While evaluating the importance of source texts in driving model predictions, we highlight word-level patterns within ByT5, suggesting an ability to modulate word-level and character-level information during generation. We conclude by assessing the efficiency tradeoff of byte models, suggesting their usage in non-time-critical scenarios to boost translation quality.|2024-01-01|2024|['Transactions of the Association for Computational Linguistics']
https://doi.org/10.1162/tacl_a_00654|Text-to-OverpassQL: A Natural Language Interface for Complex Geodata Querying of OpenStreetMap|Abstract We present Text-to-OverpassQL, a task designed to facilitate a natural language interface for querying geodata from OpenStreetMap (OSM). The Overpass Query Language (OverpassQL) allows users to formulate complex database queries and is widely adopted in the OSM ecosystem. Generating Overpass queries from natural language input serves multiple use-cases. It enables novice users to utilize OverpassQL without prior knowledge, assists experienced users with crafting advanced queries, and enables tool-augmented large language models to access information stored in the OSM database. In order to assess the performance of current sequence generation models on this task, we propose OverpassNL,1 a dataset of 8,352 queries with corresponding natural language inputs. We further introduce task specific evaluation metrics and ground the evaluation of the Text-to-OverpassQL task by executing the queries against the OSM database. We establish strong baselines by finetuning sequence-to-sequence models and adapting large language models with in-context examples. The detailed evaluation reveals strengths and weaknesses of the considered learning strategies, laying the foundations for further research into the Text-to-OverpassQL task.|2024-01-01|2024|['Transactions of the Association for Computational Linguistics']
https://doi.org/10.1162/tacl_a_00671|Beyond Boundaries: A Human-like Approach for Question Answering over Structured and Unstructured Information Sources|Abstract Answering factual questions from heterogenous sources, such as graphs and text, is a key capacity of intelligent systems. Current approaches either (i) perform question answering over text and structured sources as separate pipelines followed by a merge step or (ii) provide an early integration, giving up the strengths of particular information sources. To solve this problem, we present “HumanIQ”, a method that teaches language models to dynamically combine retrieved information by imitating how humans use retrieval tools. Our approach couples a generic method for gathering human demonstrations of tool use with adaptive few-shot learning for tool augmented models. We show that HumanIQ confers significant benefits, including i) reducing the error rate of our strongest baseline (GPT-4) by over 50% across 3 benchmarks, (ii) improving human preference over responses from vanilla GPT-4 (45.3% wins, 46.7% ties, 8.0% loss), and (iii) outperforming numerous task-specific baselines.|2024-01-01|2024|['Transactions of the Association for Computational Linguistics']
https://doi.org/10.1162/tacl_a_00726|IndoCulture: Exploring Geographically Influenced Cultural Commonsense Reasoning Across Eleven Indonesian Provinces|Abstract Although commonsense reasoning is greatly shaped by cultural and geographical factors, previous studies have predominantly centered on cultures grounded in the English language, potentially resulting in an Anglocentric bias. In this paper, we introduce IndoCulture, aimed at understanding the influence of geographical factors on language model reasoning ability, with a specific emphasis on the diverse cultures found within eleven Indonesian provinces. In contrast to prior work that has relied on templates (Yin et al., 2022) and online scrapping (Fung et al., 2024), we create IndoCulture by asking local people to manually develop a cultural context and plausible options, across a set of predefined topics. Evaluation of 27 language models reveals several insights: (1) the open-weight Llama–3 is competitive with GPT–4, while other open-weight models struggle, with accuracies below 50%; (2) there is a general pattern of models generally performing better for some provinces, such as Bali and West Java, and less well for others; and (3) the inclusion of location context enhances performance, especially for larger models like GPT–4, emphasizing the significance of geographical context in commonsense reasoning.1|2024-01-01|2024|['Transactions of the Association for Computational Linguistics']
https://doi.org/10.1162/tacl_a_00696|Hypernetworks for Personalizing ASR to Atypical Speech|Abstract Parameter-efficient fine-tuning (PEFT) for personalizing automatic speech recognition (ASR) has recently shown promise for adapting general population models to atypical speech. However, these approaches assume a priori knowledge of the atypical speech disorder being adapted for—the diagnosis of which requires expert knowledge that is not always available. Even given this knowledge, data scarcity and high inter-/intra-speaker variability further limit the effectiveness of traditional fine-tuning. To circumvent these challenges, we first identify the minimal set of model parameters required for ASR adaptation. Our analysis of each individual parameter’s effect on adaptation performance allows us to reduce Word Error Rate (WER) by half while adapting 0.03% of all weights. Alleviating the need for cohort-specific models, we next propose the novel use of a meta-learned hypernetwork to generate highly individualized, utterance-level adaptations on-the-fly for a diverse set of atypical speech characteristics. Evaluating adaptation at the global, cohort, and individual-level, we show that hypernetworks generalize better to out-of-distribution speakers, while maintaining an overall relative WER reduction of 75.2% using 0.1% of the full parameter budget.|2024-01-01|2024|['Transactions of the Association for Computational Linguistics']
https://doi.org/10.1162/tacl_a_00653|Do Text Simplification Systems Preserve Meaning? A Human Evaluation via Reading Comprehension|Abstract Automatic text simplification (TS) aims to automate the process of rewriting text to make it easier for people to read. A pre-requisite for TS to be useful is that it should convey information that is consistent with the meaning of the original text. However, current TS evaluation protocols assess system outputs for simplicity and meaning preservation without regard for the document context in which output sentences occur and for how people understand them. In this work, we introduce a human evaluation framework to assess whether simplified texts preserve meaning using reading comprehension questions. With this framework, we conduct a thorough human evaluation of texts by humans and by nine automatic systems. Supervised systems that leverage pre-training knowledge achieve the highest scores on the reading comprehension tasks among the automatic controllable TS systems. However, even the best-performing supervised system struggles with at least 14% of the questions, marking them as “unanswerable” based on simplified content. We further investigate how existing TS evaluation metrics and automatic question-answering systems approximate the human judgments we obtained.|2024-01-01|2024|['Transactions of the Association for Computational Linguistics']
https://doi.org/10.1162/tacl_a_00664|Federated Learning for Exploiting Annotators’ Disagreements in Natural Language Processing|Abstract The annotation of ambiguous or subjective NLP tasks is usually addressed by various annotators. In most datasets, these annotations are aggregated into a single ground truth. However, this omits divergent opinions of annotators, hence missing individual perspectives. We propose FLEAD (Federated Learning for Exploiting Annotators’ Disagreements), a methodology built upon federated learning to independently learn from the opinions of all the annotators, thereby leveraging all their underlying information without relying on a single ground truth. We conduct an extensive experimental study and analysis in diverse text classification tasks to show the contribution of our approach with respect to mainstream approaches based on majority voting and other recent methodologies that also learn from annotator disagreements.|2024-01-01|2024|['Transactions of the Association for Computational Linguistics']
https://doi.org/10.1162/tacl_a_00686|Multi-level Shared Knowledge Guided Learning for Knowledge Graph Completion|Abstract In the task of Knowledge Graph Completion (KGC), the existing datasets and their inherent subtasks carry a wealth of shared knowledge that can be utilized to enhance the representation of knowledge triplets and overall performance. However, no current studies specifically address the shared knowledge within KGC. To bridge this gap, we introduce a multi-level Shared Knowledge Guided learning method (SKG) that operates at both the dataset and task levels. On the dataset level, SKG-KGC broadens the original dataset by identifying shared features within entity sets via text summarization. On the task level, for the three typical KGC subtasks—head entity prediction, relation prediction, and tail entity prediction—we present an innovative multi-task learning architecture with dynamically adjusted loss weights. This approach allows the model to focus on more challenging and underperforming tasks, effectively mitigating the imbalance of knowledge sharing among subtasks. Experimental results demonstrate that SKG-KGC outperforms existing text-based methods significantly on three well-known datasets, with the most notable improvement on WN18RR (MRR: 66.6%→ 72.2%, Hit@1: 58.7%→67.0%).|2024-01-01|2024|['Transactions of the Association for Computational Linguistics']
https://doi.org/10.1162/tacl_a_00688|ARN: Analogical Reasoning on Narratives|Abstract As a core cognitive skill that enables the transferability of information across domains, analogical reasoning has been extensively studied for both humans and computational models. However, while cognitive theories of analogy often focus on narratives and study the distinction between surface, relational, and system similarities, existing work in natural language processing has a narrower focus as far as relational analogies between word pairs. This gap brings a natural question: can state-of-the-art large language models (LLMs) detect system analogies between narratives? To gain insight into this question and extend word-based relational analogies to relational system analogies, we devise a comprehensive computational framework that operationalizes dominant theories of analogy, using narrative elements to create surface and system mappings. Leveraging the interplay between these mappings, we create a binary task and benchmark for Analogical Reasoning on Narratives (ARN), covering four categories of far (cross-domain)/near (within-domain) analogies and disanalogies. We show that while all LLMs can largely recognize near analogies, even the largest ones struggle with far analogies in a zero-shot setting, with GPT4.0 scoring below random. Guiding the models through solved examples and Chain-of-Thought reasoning enhances their analogical reasoning ability. Yet, since even in the few-shot setting, the best model only performs halfway between random and humans, ARN opens exciting directions for computational analogical reasoners.|2024-01-01|2024|['Transactions of the Association for Computational Linguistics']
https://doi.org/10.1162/tacl_a_00678|Can Authorship Attribution Models Distinguish Speakers in Speech Transcripts?|Abstract Authorship verification is the task of determining if two distinct writing samples share the same author and is typically concerned with the attribution of written text. In this paper, we explore the attribution of transcribed speech, which poses novel challenges. The main challenge is that many stylistic features, such as punctuation and capitalization, are not informative in this setting. On the other hand, transcribed speech exhibits other patterns, such as filler words and backchannels (e.g., um, uh-huh), which may be characteristic of different speakers. We propose a new benchmark for speaker attribution focused on human-transcribed conversational speech transcripts. To limit spurious associations of speakers with topic, we employ both conversation prompts and speakers participating in the same conversation to construct verification trials of varying difficulties. We establish the state of the art on this new benchmark by comparing a suite of neural and non-neural baselines, finding that although written text attribution models achieve surprisingly good performance in certain settings, they perform markedly worse as conversational topic is increasingly controlled. We present analyses of the impact of transcription style on performance as well as the ability of fine-tuning on speech transcripts to improve performance.1|2024-01-01|2024|['Transactions of the Association for Computational Linguistics']
https://doi.org/10.1162/tacl_a_00703|Hierarchical Indexing for Retrieval-Augmented Opinion Summarization|Abstract We propose a method for unsupervised abstractive opinion summarization, that combines the attributability and scalability of extractive approaches with the coherence and fluency of Large Language Models (LLMs). Our method, HIRO, learns an index structure that maps sentences to a path through a semantically organized discrete hierarchy. At inference time, we populate the index and use it to identify and retrieve clusters of sentences containing popular opinions from input reviews. Then, we use a pretrained LLM to generate a readable summary that is grounded in these extracted evidential clusters. The modularity of our approach allows us to evaluate its efficacy at each stage. We show that HIRO learns an encoding space that is more semantically structured than prior work, and generates summaries that are more representative of the opinions in the input reviews. Human evaluation confirms that HIRO generates significantly more coherent, detailed, and accurate summaries.|2024-01-01|2024|['Transactions of the Association for Computational Linguistics']
https://doi.org/10.1162/tacl_a_00673|Instructed to Bias: Instruction-Tuned Language Models Exhibit Emergent Cognitive Bias|Abstract Recent studies show that instruction tuning (IT) and reinforcement learning from human feedback (RLHF) improve the abilities of large language models (LMs) dramatically. While these tuning methods can help align models with human objectives and generate high-quality text, not much is known about their potential adverse effects. In this work, we investigate the effect of IT and RLHF on decision making and reasoning in LMs, focusing on three cognitive biases—the decoy effect, the certainty effect, and the belief bias—all of which are known to influence human decision-making and reasoning. Our findings highlight the presence of these biases in various models from the GPT-3, Mistral, and T5 families. Notably, we find a stronger presence of biases in models that have undergone instruction tuning, such as Flan-T5, Mistral-Instruct, GPT3.5, and GPT4. Our work constitutes a step toward comprehending cognitive biases in instruction-tuned LMs, which is crucial for the development of more reliable and unbiased language models.1|2024-01-01|2024|['Transactions of the Association for Computational Linguistics']
https://doi.org/10.1162/tacl_a_00640|Text Attribute Control via Closed-Loop Disentanglement|Abstract Changing an attribute of a text without changing the content usually requires first disentangling the text into irrelevant attributes and content representations. After that, in the inference phase, the representation of one attribute is tuned to a different value, expecting that the corresponding attribute of the text can also be changed accordingly. The usual way of disentanglement is to add some constraints on the latent space of an encoder-decoder architecture, including adversarial-based constraints and mutual-information-based constraints. However, previous semi-supervised processes of attribute change are usually not enough to guarantee the success of attribute change and content preservation. In this paper, we propose a novel approach to achieve a robust control of attributes while enhancing content preservation. In this approach, we use a semi-supervised contrastive learning method to encourage the disentanglement of attributes in latent spaces. Differently from previous works, we re-disentangle the reconstructed sentence and compare the re-disentangled latent space with the original latent space, which makes a closed-loop disentanglement process. This also helps content preservation. In addition, the contrastive learning method is also able to replace the role of minimizing mutual information and adversarial training in the disentanglement process, which alleviates the computation cost. We conducted experiments on three text datasets, including the Yelp Service review dataset, the Amazon Product review dataset, and the GoEmotions dataset. The experimental results show the effectiveness of our model.|2024-01-01|2024|['Transactions of the Association for Computational Linguistics']
https://doi.org/10.1162/tacl_a_00692|How Often Are Errors in Natural Language Reasoning Due to Paraphrastic Variability?|Abstract Large language models have been shown to behave inconsistently in response to meaning-preserving paraphrastic inputs. At the same time, researchers evaluate the knowledge and reasoning abilities of these models with test evaluations that do not disaggregate the effect of paraphrastic variability on performance. We propose a metric, PC, for evaluating the paraphrastic consistency of natural language reasoning models based on the probability of a model achieving the same correctness on two paraphrases of the same problem. We mathematically connect this metric to the proportion of a model’s variance in correctness attributable to paraphrasing. To estimate PC, we collect ParaNlu, a dataset of 7,782 human-written and validated paraphrased reasoning problems constructed on top of existing benchmark datasets for defeasible and abductive natural language inference.1 Using ParaNlu, we measure the paraphrastic consistency of several model classes and show that consistency dramatically increases with pretraining but not fine-tuning. All models tested exhibited room for improvement in paraphrastic consistency.|2024-01-01|2024|['Transactions of the Association for Computational Linguistics']
https://doi.org/10.1162/tacl_a_00731|<scp>Deuce</scp>: Dual-diversity Enhancement and Uncertainty-awareness for Cold-start Active Learning|Abstract Cold-start active learning (CSAL) selects valuable instances from an unlabeled dataset for manual annotation. It provides high-quality data at a low annotation cost for label-scarce text classification. However, existing CSAL methods overlook weak classes and hard representative examples, resulting in biased learning. To address these issues, this paper proposes a novel dual-diversity enhancing and uncertainty-aware (Deuce) framework for CSAL. Specifically, Deuce leverages a pretrained language model (PLM) to efficiently extract textual representations, class predictions, and predictive uncertainty. Then, it constructs a Dual-Neighbor Graph (DNG) to combine information on both textual diversity and class diversity, ensuring a balanced data distribution. It further propagates uncertainty information via density-based clustering to select hard representative instances. Deuce performs well in selecting class-balanced and hard representative data by dual-diversity and informativeness. Experiments on six NLP datasets demonstrate the superiority and efficiency of Deuce.|2024-01-01|2024|['Transactions of the Association for Computational Linguistics']
https://doi.org/10.1162/tacl_a_00694|NoviCode: Generating Programs from Natural Language Utterances by Novices|Abstract Current Text-to-Code models demonstrate impressive capabilities in generating executable code from natural language snippets. However, current studies focus on technical instructions and programmer-oriented language, and it is an open question whether these models can effectively translate natural language descriptions given by non-technical users and express complex goals, to an executable program that contains an intricate flow—composed of API access and control structures as loops, conditions, and sequences. To unlock the challenge of generating a complete program from a plain non-technical description we present NoviCode, a novel NL Programming task, which takes as input an API and a natural language description by a novice non-programmer, and provides an executable program as output. To assess the efficacy of models on this task, we provide a novel benchmark accompanied by test suites wherein the generated program code is assessed not according to their form, but according to their functional execution. Our experiments show that, first, NoviCode is indeed a challenging task in the code synthesis domain, and that generating complex code from non-technical instructions goes beyond the current Text-to-Code paradigm. Second, we show that a novel approach wherein we align the NL utterances with the compositional hierarchical structure of the code, greatly enhances the performance of LLMs on this task, compared with the end-to-end Text-to-Code counterparts.|2024-01-01|2024|['Transactions of the Association for Computational Linguistics']
https://doi.org/10.1162/tacl_a_00682|CreoleVal: Multilingual Multitask Benchmarks for Creoles|Abstract Creoles represent an under-explored and marginalized group of languages, with few available resources for NLP research. While the genealogical ties between Creoles and a number of highly resourced languages imply a significant potential for transfer learning, this potential is hampered due to this lack of annotated data. In this work we present CreoleVal, a collection of benchmark datasets spanning 8 different NLP tasks, covering up to 28 Creole languages; it is an aggregate of novel development datasets for reading comprehension relation classification, and machine translation for Creoles, in addition to a practical gateway to a handful of preexisting benchmarks. For each benchmark, we conduct baseline experiments in a zero-shot setting in order to further ascertain the capabilities and limitations of transfer learning for Creoles. Ultimately, we see CreoleVal as an opportunity to empower research on Creoles in NLP and computational linguistics, and in general, a step towards more equitable language technology around the globe.|2024-01-01|2024|['Transactions of the Association for Computational Linguistics']
https://doi.org/10.1162/tacl_a_00674|Comparing Humans and Large Language Models on an Experimental Protocol Inventory for Theory of Mind Evaluation (EPITOME)|Abstract We address a growing debate about the extent to which large language models (LLMs) produce behavior consistent with Theory of Mind (ToM) in humans. We present EPITOME: a battery of six experiments that tap diverse ToM capacities, including belief attribution, emotional inference, and pragmatic reasoning. We elicit a performance baseline from human participants for each task. We use the dataset to ask whether distributional linguistic information learned by LLMs is sufficient to explain ToM in humans. We compare performance of five LLMs to a baseline of responses from human comprehenders. Results are mixed. LLMs display considerable sensitivity to mental states and match human performance in several tasks. Yet, they commit systematic errors in others, especially those requiring pragmatic reasoning on the basis of mental state information. Such uneven performance indicates that human-level ToM may require resources beyond distributional information.|2024-01-01|2024|['Transactions of the Association for Computational Linguistics']
https://doi.org/10.1162/tacl_a_00708|Characterizing Learning Curves During Language Model Pre-Training: Learning, Forgetting, and Stability|Abstract How do language models learn to make predictions during pre-training? To study this, we extract learning curves from five autoregressive English language model pre-training runs, for 1M unseen tokens in context. We observe that the language models generate short repetitive phrases before learning to generate longer and more coherent text. We also find that individual tokens often exhibit sudden increases or decreases in loss that are surprisingly consistent across pre-training runs. To better understand these fluctuations, we quantify the final surprisal, within-run variability, age of acquisition, forgettability, and cross-run variability of learning curves for individual tokens in context. More frequent tokens reach lower final surprisals, exhibit less variability within and across pre-training runs, are learned earlier, and are less likely to be “forgotten” during pre-training. Higher n-gram probabilities further accentuate these effects. Independent of the target token, shorter and more frequent contexts correlate with marginally more stable and quickly acquired predictions. Based on our results, we argue for the existence of sequential learning dependencies between different model capabilities, and we characterize language model learning as early n-gram learning before gradual refinement of tail n-gram predictions.|2024-01-01|2024|['Transactions of the Association for Computational Linguistics']
https://doi.org/10.1162/tacl_a_00657|Semantics of Multiword Expressions in Transformer-Based Models: A Survey|Abstract Multiword expressions (MWEs) are composed of multiple words and exhibit variable degrees of compositionality. As such, their meanings are notoriously difficult to model, and it is unclear to what extent this issue affects transformer architectures. Addressing this gap, we provide the first in-depth survey of MWE processing with transformer models. We overall find that they capture MWE semantics inconsistently, as shown by reliance on surface patterns and memorized information. MWE meaning is also strongly localized, predominantly in early layers of the architecture. Representations benefit from specific linguistic properties, such as lower semantic idiosyncrasy and ambiguity of target expressions. Our findings overall question the ability of transformer models to robustly capture fine-grained semantics. Furthermore, we highlight the need for more directly comparable evaluation setups.|2024-01-01|2024|['Transactions of the Association for Computational Linguistics']
https://doi.org/10.1162/tacl_a_00687|Do Multi-Document Summarization Models <i>Synthesize</i>?|Abstract Multi-document summarization entails producing concise synopses of collections of inputs. For some applications, the synopsis should accurately synthesize inputs with respect to a key aspect, e.g., a synopsis of film reviews written about a particular movie should reflect the average critic consensus. As a more consequential example, narrative summaries that accompany biomedical systematic reviews of clinical trial results should accurately summarize the potentially conflicting results from individual trials. In this paper we ask: To what extent do modern multi-document summarization models implicitly perform this sort of synthesis? We run experiments over opinion and evidence synthesis datasets using a suite of summarization models, from fine-tuned transformers to GPT-4. We find that existing models partially perform synthesis, but imperfectly: Even the best performing models are over-sensitive to changes in input ordering and under-sensitive to changes in input compositions (e.g., ratio of positive to negative reviews). We propose a simple, general, effective method for improving model synthesis capabilities by generating an explicitly diverse set of candidate outputs, and then selecting from these the string best aligned with the expected aggregate measure for the inputs, or abstaining when the model produces no good candidate.|2024-01-01|2024|['Transactions of the Association for Computational Linguistics']
https://doi.org/10.1162/tacl_a_00693|Retrieval-Pretrained Transformer: Long-range Language Modeling with Self-retrieval|Abstract Retrieval-augmented language models (LMs) have received much attention recently. However, typically the retriever is not trained jointly as a native component of the LM, but added post-hoc to an already-pretrained LM, which limits the ability of the LM and the retriever to adapt to one another. In this work, we propose the Retrieval-Pretrained Transformer (RPT), an architecture and training procedure for jointly training a retrieval-augmented LM from scratch and applying it to the task of modeling long texts. Given a recently generated text chunk in a long document, the LM computes query representations, which are then used to retrieve earlier chunks in the document, located potentially tens of thousands of tokens before. Information from retrieved chunks is fused into the LM representations to predict the next target chunk. We train the retriever component with a semantic objective, where the goal is to retrieve chunks that increase the probability of the next chunk, according to a reference LM. We evaluate RPT on four long-range language modeling tasks, spanning books, code, and mathematical writing, and demonstrate that RPT improves retrieval quality and subsequently perplexity across the board compared to strong baselines.|2024-01-01|2024|['Transactions of the Association for Computational Linguistics']
https://doi.org/10.1162/tacl_a_00718|<tt>Holmes</tt> ⌕ A Benchmark to Assess the Linguistic Competence of Language Models|Abstract We introduce Holmes, a new benchmark designed to assess language models’ (LMs’) linguistic competence—their unconscious understanding of linguistic phenomena. Specifically, we use classifier-based probing to examine LMs’ internal representations regarding distinct linguistic phenomena (e.g., part-of-speech tagging). As a result, we meet recent calls to disentangle LMs’ linguistic competence from other cognitive abilities, such as following instructions in prompting-based evaluations. Composing Holmes, we review over 270 probing studies and include more than 200 datasets to assess syntax, morphology, semantics, reasoning, and discourse phenomena. Analyzing over 50 LMs reveals that, aligned with known trends, their linguistic competence correlates with model size. However, surprisingly, model architecture and instruction tuning also significantly influence performance, particularly in morphology and syntax. Finally, we propose FlashHolmes, a streamlined version that reduces the computation load while maintaining high-ranking precision.|2024-01-01|2024|['Transactions of the Association for Computational Linguistics']
https://doi.org/10.1162/tacl_a_00677|Context-Aware Machine Translation with Source Coreference Explanation|Abstract Despite significant improvements in enhancing the quality of translation, context-aware machine translation (MT) models underperform in many cases. One of the main reasons is that they fail to utilize the correct features from context when the context is too long or their models are overly complex. This can lead to the explain-away effect, wherein the models only consider features easier to explain predictions, resulting in inaccurate translations. To address this issue, we propose a model that explains the decisions made for translation by predicting coreference features in the input. We construct a model for input coreference by exploiting contextual features from both the input and translation output representations on top of an existing MT model. We evaluate and analyze our method in the WMT document-level translation task of English-German dataset, the English-Russian dataset, and the multilingual TED talk dataset, demonstrating an improvement of over 1.0 BLEU score when compared with other context-aware models.|2024-01-01|2024|['Transactions of the Association for Computational Linguistics']
https://doi.org/10.1162/tacl_a_00712|Self-supervised Topic Taxonomy Discovery in the Box Embedding Space|Abstract Topic taxonomy discovery aims at uncovering topics of different abstraction levels and constructing hierarchical relations between them. Unfortunately, most prior work can hardly model semantic scopes of words and topics by holding the Euclidean embedding space assumption. What’s worse, they infer asymmetric hierarchical relations by symmetric distances between topic embeddings. As a result, existing methods suffer from problems of low-quality topics at high abstraction levels and inaccurate hierarchical relations. To alleviate these problems, this paper develops a Box embedding-based Topic Model (BoxTM) that maps words and topics into the box embedding space, where the asymmetric metric is defined to properly infer hierarchical relations among topics. Additionally, our BoxTM explicitly infers upper-level topics based on correlation between specific topics through recursive clustering on topic boxes. Finally, extensive experiments validate high-quality of the topic taxonomy learned by BoxTM.|2024-01-01|2024|['Transactions of the Association for Computational Linguistics']
https://doi.org/10.1162/tacl_a_00720|Filtered Corpus Training (FiCT) Shows that Language Models Can Generalize from Indirect Evidence|Abstract This paper introduces Filtered Corpus Training, a method that trains language models (LMs) on corpora with certain linguistic constructions filtered out from the training data, and uses it to measure the ability of LMs to perform linguistic generalization on the basis of indirect evidence. We apply the method to both LSTM and Transformer LMs (of roughly comparable size), developing filtered corpora that target a wide range of linguistic phenomena. Our results show that while transformers are better qua LMs (as measured by perplexity), both models perform equally and surprisingly well on linguistic generalization measures, suggesting that they are capable of generalizing from indirect evidence.|2024-01-01|2024|['Transactions of the Association for Computational Linguistics']
https://doi.org/10.1162/tacl_a_00637|An Energy-based Model for Word-level AutoCompletion in Computer-aided Translation|Abstract Word-level AutoCompletion (WLAC) is a rewarding yet challenging task in Computer-aided Translation. Existing work addresses this task through a classification model based on a neural network that maps the hidden vector of the input context into its corresponding label (i.e., the candidate target word is treated as a label). Since the context hidden vector itself does not take the label into account and it is projected to the label through a linear classifier, the model cannot sufficiently leverage valuable information from the source sentence as verified in our experiments, which eventually hinders its overall performance. To alleviate this issue, this work proposes an energy-based model for WLAC, which enables the context hidden vector to capture crucial information from the source sentence. Unfortunately, training and inference suffer from efficiency and effectiveness challenges, therefore we employ three simple yet effective strategies to put our model into practice. Experiments on four standard benchmarks demonstrate that our reranking-based approach achieves substantial improvements (about 6.07%) over the previous state-of-the-art model. Further analyses show that each strategy of our approach contributes to the final performance.1|2024-01-01|2024|['Transactions of the Association for Computational Linguistics']
https://doi.org/10.1162/tacl_a_00707|Interactive Machine Teaching by Labeling Rules and Instances|Abstract Weakly supervised learning aims to reduce the cost of labeling data by using expert-designed labeling rules. However, existing methods require experts to design effective rules in a single shot, which is difficult in the absence of proper guidance and tooling. Therefore, it is still an open question whether experts should spend their limited time writing rules or instead providing instance labels via active learning. In this paper, we investigate how to exploit an expert’s limited time to create effective supervision. First, to develop practical guidelines for rule creation, we conduct an exploratory analysis of diverse collections of existing expert-designed rules and find that rule precision is more important than coverage across datasets. Second, we compare rule creation to individual instance labeling via active learning and demonstrate the importance of both across 6 datasets. Third, we propose an interactive learning framework, INTERVAL, that achieves efficiency by automatically extracting candidate rules based on rich patterns (e.g., by prompting a language model), and effectiveness by soliciting expert feedback on both candidate rules and individual instances. Across 6 datasets, INTERVAL outperforms state-of-the-art weakly supervised approaches by 7% in F1. Furthermore, it requires as few as 10 queries for expert feedback to reach F1 values that existing active learning methods cannot match even with 100 queries.|2024-01-01|2024|['Transactions of the Association for Computational Linguistics']
https://doi.org/10.1162/tacl_a_00717|Rescue Conversations from Dead-ends: Efficient Exploration for Task-oriented Dialogue Policy Optimization|Abstract Training a task-oriented dialogue policy using deep reinforcement learning is promising but requires extensive environment exploration. The amount of wasted invalid exploration makes policy learning inefficient. In this paper, we define and argue that dead-end states are important reasons for invalid exploration. When a conversation enters a dead-end state, regardless of the actions taken afterward, it will continue in a dead-end trajectory until the agent reaches a termination state or maximum turn. We propose a Dead-end Detection and Resurrection (DDR) method that detects dead-end states in an efficient manner and provides a rescue action to guide and correct the exploration direction. To prevent dialogue policies from repeating errors, DDR also performs dialogue data augmentation by adding relevant experiences that include dead-end states and penalties into the experience pool. We first validate the dead-end detection reliability and then demonstrate the effectiveness and generality of the method across various domains through experiments on four public dialogue datasets.|2024-01-01|2024|['Transactions of the Association for Computational Linguistics']
https://doi.org/10.1162/tacl_a_00719|Robust Pronoun Fidelity with English LLMs: Are they Reasoning, Repeating, or Just Biased?|Abstract Robust, faithful, and harm-free pronoun use for individuals is an important goal for language model development as their use increases, but prior work tends to study only one or two of these characteristics at a time. To measure progress towards the combined goal, we introduce the task of pronoun fidelity: Given a context introducing a co-referring entity and pronoun, the task is to reuse the correct pronoun later. We present RUFF, a carefully designed dataset of over 5 million instances to measure robust pronoun fidelity in English, and we evaluate 37 model variants from nine popular families, across architectures (encoder-only, decoder-only, and encoder-decoder) and scales (11M-70B parameters). When an individual is introduced with a pronoun, models can mostly faithfully reuse this pronoun in the next sentence, but they are significantly worse with she/her/her, singular they, and neopronouns. Moreover, models are easily distracted by non-adversarial sentences discussing other people; even one sentence with a distractor pronoun causes accuracy to drop on average by 34 percentage points. Our results show that pronoun fidelity is not robust, in a simple, naturalistic setting where humans achieve nearly 100% accuracy. We encourage researchers to bridge the gaps we find and to carefully evaluate reasoning in settings where superficial repetition might inflate perceptions of model performance.|2024-01-01|2024|['Transactions of the Association for Computational Linguistics']
https://doi.org/10.1162/tacl_a_00724|Toward Robust RALMs: Revealing the Impact of Imperfect Retrieval on Retrieval-Augmented Language Models|Abstract Retrieval Augmented Language Models (RALMs) have gained significant attention for their ability to generate accurate answers and improve efficiency. However, RALMs are inherently vulnerable to imperfect information due to their reliance on the imperfect retriever or knowledge source. We identify three common scenarios—unanswerable, adversarial, conflicting—where retrieved document sets can confuse RALMs with plausible real-world examples. We present the first comprehensive investigation to assess how well RALMs detect and handle such problematic scenarios. Among these scenarios, to systematically examine adversarial robustness we propose a new adversarial attack method, Generative model-based ADVersarial attack (GenADV) and a novel metric Robustness under Additional Document (RAD). Our findings reveal that RALMs often fail to identify the unanswerability or contradiction of a document set, which frequently leads to hallucinations. Moreover, we show that the addition of an adversary significantly degrades RALM’s performance, with the model becoming even more vulnerable when the two scenarios overlap (adversarial+ unanswerable). Our research identifies critical areas for assessing and enhancing the robustness of RALMs, laying the foundation for the development of more robust models.1|2024-01-01|2024|['Transactions of the Association for Computational Linguistics']
https://doi.org/10.1162/tacl_a_00722|TabVer: Tabular Fact Verification with Natural Logic|Abstract Fact verification on tabular evidence incentivizes the use of symbolic reasoning models where a logical form is constructed (e.g., a LISP-style program), providing greater verifiability than fully neural approaches. However, these logical forms typically rely on well-formed tables, restricting their use in many scenarios. An emerging symbolic reasoning paradigm for textual evidence focuses on natural logic inference, which constructs proofs by modeling set-theoretic relations between a claim and its evidence in natural language. This approach provides flexibility and transparency but is less compatible with tabular evidence since the relations do not extend to arithmetic functions. We propose a set-theoretic interpretation of numerals and arithmetic functions in the context of natural logic, enabling the integration of arithmetic expressions in deterministic proofs. We leverage large language models to generate arithmetic expressions by generating questions about salient parts of a claim which are answered by executing appropriate functions on tables. In a few-shot setting on FEVEROUS, we achieve an accuracy of 71.4, outperforming both fully neural and symbolic reasoning models by 3.4 points. When evaluated on TabFact without any further training, our method remains competitive with an accuracy lead of 0.5 points.|2024-01-01|2024|['Transactions of the Association for Computational Linguistics']
https://doi.org/10.1162/tacl_a_00690|Are Language Models More Like Libraries or Like Librarians? Bibliotechnism, the Novel Reference Problem, and the Attitudes of LLMs|Abstract Are LLMs cultural technologies like photocopiers or printing presses, which transmit information but cannot create new content? A challenge for this idea, which we call bibliotechnism, is that LLMs generate novel text. We begin with a defense of bibliotechnism, showing how even novel text may inherit its meaning from original human-generated text. We then argue that bibliotechnism faces an independent challenge from examples in which LLMs generate novel reference, using new names to refer to new entities. Such examples could be explained if LLMs were not cultural technologies but had beliefs, desires, and intentions. According to interpretationism in the philosophy of mind, a system has such attitudes if and only if its behavior is well explained by the hypothesis that it does. Interpretationists may hold that LLMs have attitudes, and thus have a simple solution to the novel reference problem. We emphasize, however, that interpretationism is compatible with very simple creatures having attitudes and differs sharply from views that presuppose these attitudes require consciousness, sentience, or intelligence (topics about which we make no claims).|2024-01-01|2024|['Transactions of the Association for Computational Linguistics']
https://doi.org/10.1162/tacl_a_00666|Improving Probability-based Prompt Selection Through Unified Evaluation and Analysis|Abstract Previous work in prompt engineering for large language models has introduced different gradient-free probability-based prompt selection methods that aim to choose the optimal prompt among the candidates for a given task but have failed to provide a comprehensive and fair comparison between each other. In this paper, we propose a unified framework to interpret and evaluate the existing probability-based prompt selection methods by performing extensive experiments on 13 common and diverse NLP tasks. We find that each of the existing methods can be interpreted as some variant of the method that maximizes mutual information between the input and the predicted output (MI). Utilizing this finding, we develop several other combinatorial variants of MI and increase the effectiveness of the oracle prompt selection method from 87.79% to 94.98%, measured as the ratio of the performance of the selected prompt to that of the optimal oracle prompt. Furthermore, considering that all the methods rely on the output probability distribution of the model that might be biased, we propose a novel calibration method called Calibration by Marginalization (CBM) that is orthogonal to the existing methods and helps increase the prompt selection effectiveness of the best method to 96.85%, achieving 99.44% of the oracle prompt F1 without calibration.1|2024-01-01|2024|['Transactions of the Association for Computational Linguistics']
https://doi.org/10.1162/tacl_a_00635|Metric-Free Learning Network with Dual Relations Propagation for Few-Shot Aspect Category Sentiment Analysis|Abstract Few-shot Aspect Category Sentiment Analysis (ACSA) is a crucial task for aspect-based sentiment analysis, which aims to detect sentiment polarity for a given aspect category in a sentence with limited data. However, few-shot learning methods focus on distance metrics between the query and support sets to classify queries, heavily relying on aspect distributions in the embedding space. Thus, they suffer from overlapping distributions of aspect embeddings caused by irrelevant sentiment noise among sentences with multiple sentiment aspects, leading to misclassifications. To solve the above issues, we propose a metric-free method for few-shot ACSA, which models the associated relations among the aspects of support and query sentences by Dual Relations Propagation (DRP), addressing the passive effect of overlapping distributions. Specifically, DRP uses the dual relations (similarity and diversity) among the aspects of support and query sentences to explore intra-cluster commonality and inter-cluster uniqueness for alleviating sentiment noise and enhancing aspect features. Additionally, the dual relations are transformed from support-query to class-query to promote query inference by learning class knowledge. Experiments show that we achieve convincing performance on few-shot ACSA, especially an average improvement of 2.93% accuracy and 2.10% F1 score in the 3-way 1-shot setting.|2024-01-01|2024|['Transactions of the Association for Computational Linguistics']
https://doi.org/10.1162/tacl_a_00676|Revisiting Meta-evaluation for Grammatical Error Correction|Abstract Metrics are the foundation for automatic evaluation in grammatical error correction (GEC), with their evaluation of the metrics (meta-evaluation) relying on their correlation with human judgments. However, conventional meta-evaluations in English GEC encounter several challenges, including biases caused by inconsistencies in evaluation granularity and an outdated setup using classical systems. These problems can lead to misinterpretation of metrics and potentially hinder the applicability of GEC techniques. To address these issues, this paper proposes SEEDA, a new dataset for GEC meta-evaluation. SEEDA consists of corrections with human ratings along two different granularities: edit-based and sentence-based, covering 12 state-of-the-art systems including large language models, and two human corrections with different focuses. The results of improved correlations by aligning the granularity in the sentence-level meta-evaluation suggest that edit-based metrics may have been underestimated in existing studies. Furthermore, correlations of most metrics decrease when changing from classical to neural systems, indicating that traditional metrics are relatively poor at evaluating fluently corrected sentences with many edits.|2024-01-01|2024|['Transactions of the Association for Computational Linguistics']
https://doi.org/10.1162/tacl_a_00716|FINCH: Prompt-guided Key-Value Cache Compression for Large Language Models|Abstract Recent large language model applications, such as Retrieval-Augmented Generation and chatbots, have led to an increased need to process longer input contexts. However, this requirement is hampered by inherent limitations. Architecturally, models are constrained by a context window defined during training. Additionally, processing extensive texts requires substantial GPU memory. We propose a novel approach, Finch, to compress the input context by leveraging the pre-trained model weights of the self-attention. Given a prompt and a long text, Finch iteratively identifies the most relevant Key (K) and Value (V) pairs over chunks of the text conditioned on the prompt. Only such pairs are stored in the KV cache, which, within the space constrained by the context window, ultimately contains a compressed version of the long text. Our proposal enables models to consume large inputs even with high compression (up to 93x) while preserving semantic integrity without the need for fine-tuning.|2024-01-01|2024|['Transactions of the Association for Computational Linguistics']
https://doi.org/10.1162/tacl_a_00698|Do Vision and Language Models Share Concepts? A Vector Space Alignment Study|Abstract Large-scale pretrained language models (LMs) are said to “lack the ability to connect utterances to the world” (Bender and Koller, 2020), because they do not have “mental models of the world” (Mitchell and Krakauer, 2023). If so, one would expect LM representations to be unrelated to representations induced by vision models. We present an empirical evaluation across four families of LMs (BERT, GPT-2, OPT, and LLaMA-2) and three vision model architectures (ResNet, SegFormer, and MAE). Our experiments show that LMs partially converge towards representations isomorphic to those of vision models, subject to dispersion, polysemy, and frequency. This has important implications for both multi-modal processing and the LM understanding debate (Mitchell and Krakauer, 2023).1|2024-01-01|2024|['Transactions of the Association for Computational Linguistics']
https://doi.org/10.1162/tacl_a_00643|Explicitly Representing Syntax Improves Sentence-to-Layout Prediction of Unexpected Situations|Abstract Recognizing visual entities in a natural language sentence and arranging them in a 2D spatial layout require a compositional understanding of language and space. This task of layout prediction is valuable in text-to-image synthesis as it allows localized and controlled in-painting of the image. In this comparative study it is shown that we can predict layouts from language representations that implicitly or explicitly encode sentence syntax, if the sentences mention similar entity-relationships to the ones seen during training. To test compositional understanding, we collect a test set of grammatically correct sentences and layouts describing compositions of entities and relations that unlikely have been seen during training. Performance on this test set substantially drops, showing that current models rely on correlations in the training data and have difficulties in understanding the structure of the input sentences. We propose a novel structural loss function that better enforces the syntactic structure of the input sentence and show large performance gains in the task of 2D spatial layout prediction conditioned on text. The loss has the potential to be used in other generation tasks where a tree-like structure underlies the conditioning modality. Code, trained models, and the USCOCO evaluation set are available via Github.1|2024-01-01|2024|['Transactions of the Association for Computational Linguistics']
https://doi.org/10.1162/tacl_a_00684|SEEP: Training Dynamics Grounds Latent Representation Search for Mitigating Backdoor Poisoning Attacks|Abstract Modern NLP models are often trained on public datasets drawn from diverse sources, rendering them vulnerable to data poisoning attacks. These attacks can manipulate the model’s behavior in ways engineered by the attacker. One such tactic involves the implantation of backdoors, achieved by poisoning specific training instances with a textual trigger and a target class label. Several strategies have been proposed to mitigate the risks associated with backdoor attacks by identifying and removing suspected poisoned examples. However, we observe that these strategies fail to offer effective protection against several advanced backdoor attacks. To remedy this deficiency, we propose a novel defensive mechanism that first exploits training dynamics to identify poisoned samples with high precision, followed by a label propagation step to improve recall and thus remove the majority of poisoned instances. Compared with recent advanced defense methods, our method considerably reduces the success rates of several backdoor attacks while maintaining high classification accuracy on clean test sets.|2024-01-01|2024|['Transactions of the Association for Computational Linguistics']
https://doi.org/10.1162/tacl_a_00701|Not Eliminate but Aggregate: Post-Hoc Control over Mixture-of-Experts to Address Shortcut Shifts in Natural Language Understanding|Abstract Recent models for natural language understanding are inclined to exploit simple patterns in datasets, commonly known as shortcuts. These shortcuts hinge on spurious correlations between labels and latent features existing in the training data. At inference time, shortcut-dependent models are likely to generate erroneous predictions under distribution shifts, particularly when some latent features are no longer correlated with the labels. To avoid this, previous studies have trained models to eliminate the reliance on shortcuts. In this study, we explore a different direction: pessimistically aggregating the predictions of a mixture-of-experts, assuming each expert captures relatively different latent features. The experimental results demonstrate that our post-hoc control over the experts significantly enhances the model’s robustness to the distribution shift in shortcuts. Additionally, we show that our approach has some practical advantages. We also analyze our model and provide results to support the assumption.1|2024-01-01|2024|['Transactions of the Association for Computational Linguistics']
https://doi.org/10.1162/tacl_a_00668|The Ethics of Automating Legal Actors|Abstract The introduction of large public legal datasets has brought about a renaissance in legal NLP. Many of these datasets are composed of legal judgments—the product of judges deciding cases. Since ML algorithms learn to model the data they are trained on, several legal NLP models are models of judges. While some have argued for the automation of judges, in this position piece, we argue that automating the role of the judge raises difficult ethical challenges, in particular for common law legal systems. Our argument follows from the social role of the judge in actively shaping the law, rather than merely applying it. Since current NLP models are too far away from having the facilities necessary for this task, they should not be used to automate judges. Furthermore, even in the case that the models could achieve human-level capabilities, there would still be remaining ethical concerns inherent in the automation of the legal process.|2024-01-01|2024|['Transactions of the Association for Computational Linguistics']
https://doi.org/10.1162/tacl_a_00636|Addressing the Binning Problem in Calibration Assessment through Scalar Annotations|Abstract Computational linguistics models commonly target the prediction of discrete—categorical—labels. When assessing how well-calibrated these model predictions are, popular evaluation schemes require practitioners to manually determine a binning scheme: grouping labels into bins to approximate true label posterior. The problem is that these metrics are sensitive to binning decisions. We consider two solutions to the binning problem that apply at the stage of data annotation: collecting either distributed (redundant) labels or direct scalar value assignment. In this paper, we show that although both approaches address the binning problem by evaluating instance-level calibration, direct scalar assignment is significantly more cost-effective. We provide theoretical analysis and empirical evidence to support our proposal for dataset creators to adopt scalar annotation protocols to enable a higher-quality assessment of model calibration.|2024-01-01|2024|['Transactions of the Association for Computational Linguistics']
https://doi.org/10.1162/tacl_a_00650|The Thai Discourse Treebank: Annotating and Classifying Thai Discourse Connectives|Abstract Discourse analysis is a highly applicable area of natural language processing. In English and other languages, resources for discourse-based tasks are widely available. Thai, however, has hitherto lacked such resources. We present the Thai Discourse Treebank, the first, large Thai corpus annotated in the style of the Penn Discourse Treebank. The resulting corpus has over 10,000 sentences and 18,000 instances of connectives in 33 different relations. We release the corpus alongside our list of 148 potentially polysemous discourse connectives with a total of 340 form-sense pairs and their classification criteria to facilitate future research. We also develop models for connective identification and classification tasks. Our best models achieve an F1 of 0.96 in the identification task and 0.46 on the sense classification task. Our results serve as benchmarks for future models for Thai discourse tasks.|2024-01-01|2024|['Transactions of the Association for Computational Linguistics']
https://doi.org/10.1162/tacl_a_00658|Simultaneous Selection and Adaptation of Source Data via Four-Level Optimization|Abstract In many NLP applications, to mitigate data deficiency in a target task, source data is collected to help with target model training. Existing transfer learning methods either select a subset of source examples that are close to the target domain or try to adapt all source examples into the target domain, then use selected or adapted source examples to train the target model. These methods either incur significant information loss or bear the risk that after adaptation, source examples which are originally already in the target domain may be outside the target domain. To address the limitations of these methods, we propose a four-level optimization based framework which simultaneously selects and adapts source data. Our method can automatically identify in-domain and out-of-domain source examples and apply example-specific processing methods: selection for in-domain examples and adaptation for out-of-domain examples. Experiments on various datasets demonstrate the effectiveness of our proposed method.|2024-01-01|2024|['Transactions of the Association for Computational Linguistics']
https://doi.org/10.1162/tacl_a_00669|Source-Free Domain Adaptation for Question Answering with Masked Self-training|Abstract Previous unsupervised domain adaptation (UDA) methods for question answering (QA) require access to source domain data while fine-tuning the model for the target domain. Source domain data may, however, contain sensitive information and should be protected. In this study, we investigate a more challenging setting, source-free UDA, in which we have only the pretrained source model and target domain data, without access to source domain data. We propose a novel self-training approach to QA models that integrates a specially designed mask module for domain adaptation. The mask is auto-adjusted to extract key domain knowledge when trained on the source domain. To maintain previously learned domain knowledge, certain mask weights are frozen during adaptation, while other weights are adjusted to mitigate domain shifts with pseudo-labeled samples generated in the target domain. Our empirical results on four benchmark datasets suggest that our approach significantly enhances the performance of pretrained QA models on the target domain, and even outperforms models that have access to the source data during adaptation.|2024-01-01|2024|['Transactions of the Association for Computational Linguistics']
https://doi.org/10.1162/tacl_a_00680|Exploring Continual Learning of Compositional Generalization in NLI|Abstract Compositional Natural Language Inference (NLI) has been explored to assess the true abilities of neural models to perform NLI. Yet, current evaluations assume models to have full access to all primitive inferences in advance, in contrast to humans that continuously acquire inference knowledge. In this paper, we introduce the Continual Compositional Generalization in Inference (C2Gen NLI) challenge, where a model continuously acquires knowledge of constituting primitive inference tasks as a basis for compositional inferences. We explore how continual learning affects compositional generalization in NLI, by designing a continual learning setup for compositional NLI inference tasks. Our experiments demonstrate that models fail to compositionally generalize in a continual scenario. To address this problem, we first benchmark various continual learning algorithms and verify their efficacy. We then further analyze C2Gen, focusing on how to order primitives and compositional inference types, and examining correlations between subtasks. Our analyses show that by learning subtasks continuously while observing their dependencies and increasing degrees of difficulty, continual learning can enhance composition generalization ability.1|2024-01-01|2024|['Transactions of the Association for Computational Linguistics']
https://doi.org/10.1162/tacl_a_00691|Segmentation-Free Streaming Machine Translation|Abstract Streaming Machine Translation (MT) is the task of translating an unbounded input text stream in real-time. The traditional cascade approach, which combines an Automatic Speech Recognition (ASR) and an MT system, relies on an intermediate segmentation step which splits the transcription stream into sentence-like units. However, the incorporation of a hard segmentation constrains the MT system and is a source of errors. This paper proposes a Segmentation-Free framework that enables the model to translate an unsegmented source stream by delaying the segmentation decision until after the translation has been generated. Extensive experiments show how the proposed Segmentation-Free framework has better quality-latency trade-off than competing approaches that use an independent segmentation model.1|2024-01-01|2024|['Transactions of the Association for Computational Linguistics']
https://doi.org/10.1162/tacl_a_00647|The Impact of Word Splitting on the Semantic Content of Contextualized Word Representations|Abstract When deriving contextualized word representations from language models, a decision needs to be made on how to obtain one for out-of-vocabulary (OOV) words that are segmented into subwords. What is the best way to represent these words with a single vector, and are these representations of worse quality than those of in-vocabulary words? We carry out an intrinsic evaluation of embeddings from different models on semantic similarity tasks involving OOV words. Our analysis reveals, among other interesting findings, that the quality of representations of words that are split is often, but not always, worse than that of the embeddings of known words. Their similarity values, however, must be interpreted with caution.|2024-01-01|2024|['Transactions of the Association for Computational Linguistics']
https://doi.org/10.1162/tacl_a_00659|ConvoSense: Overcoming Monotonous Commonsense Inferences for Conversational AI|Abstract Mastering commonsense understanding and reasoning is a pivotal skill essential for conducting engaging conversations. While there have been several attempts to create datasets that facilitate commonsense inferences in dialogue contexts, existing datasets tend to lack in-depth details, restate information already present in the conversation, and often fail to capture the multifaceted nature of commonsense reasoning. In response to these limitations, we compile a new synthetic dataset for commonsense reasoning in dialogue contexts using GPT, ℂonvoSense, that boasts greater contextual novelty, offers a higher volume of inferences per example, and substantially enriches the detail conveyed by the inferences. Our dataset contains over 500,000 inferences across 12,000 dialogues with 10 popular inference types, which empowers the training of generative commonsense models for dialogue that are superior in producing plausible inferences with high novelty when compared to models trained on the previous datasets. To the best of our knowledge, ℂonvoSense is the first of its kind to provide such a multitude of novel inferences at such a large scale.|2024-01-01|2024|['Transactions of the Association for Computational Linguistics']
https://doi.org/10.1162/tacl_a_00652|Geographic Adaptation of Pretrained Language Models|Abstract While pretrained language models (PLMs) have been shown to possess a plethora of linguistic knowledge, the existing body of research has largely neglected extralinguistic knowledge, which is generally difficult to obtain by pretraining on text alone. Here, we contribute to closing this gap by examining geolinguistic knowledge, i.e., knowledge about geographic variation in language. We introduce geoadaptation, an intermediate training step that couples language modeling with geolocation prediction in a multi-task learning setup. We geoadapt four PLMs, covering language groups from three geographic areas, and evaluate them on five different tasks: fine-tuned (i.e., supervised) geolocation prediction, zero-shot (i.e., unsupervised) geolocation prediction, fine-tuned language identification, zero-shot language identification, and zero-shot prediction of dialect features. Geoadaptation is very successful at injecting geolinguistic knowledge into the PLMs: The geoadapted PLMs consistently outperform PLMs adapted using only language modeling (by especially wide margins on zero-shot prediction tasks), and we obtain new state-of-the-art results on two benchmarks for geolocation prediction and language identification. Furthermore, we show that the effectiveness of geoadaptation stems from its ability to geographically retrofit the representation space of the PLMs.|2024-01-01|2024|['Transactions of the Association for Computational Linguistics']
https://doi.org/10.1162/tacl_a_00665|Computational Complexity of Natural Morphology Revisited|Abstract This paper revisits a classical, yet fundamental, discussion of theoretical computational linguistics: the computational complexity of natural languages. Past studies have revealed that syntax, as observed in Swiss-German, is not weakly context-free. Concerning morphology, Culy (1985) employed a construction in Bambara to show that morphology is not weakly context-free; however, Manaster-Ramer (1988) pointed out that the Bambara case can be problematic because the wordhood of the construction is reliant on special tonal behaviors, and it is ambiguous whether the behaviors belong to the morphological domain. This raises doubts about whether the case can be considered a genuine morphological phenomenon. In this paper, we argue that Classical Ainu, a language we examine, also defies weak context-freeness at the morphological level. The construction we introduce is unambiguously morphological because this language’s valency-sensitive structure and valency-changing operations, such as noun incorporation, preclude its grammatical interpretation as syntactic.|2024-01-01|2024|['Transactions of the Association for Computational Linguistics']
https://doi.org/10.1162/tacl_a_00672|Visually Grounded Speech Models Have a Mutual Exclusivity Bias|Abstract When children learn new words, they employ constraints such as the mutual exclusivity (ME) bias: A novel word is mapped to a novel object rather than a familiar one. This bias has been studied computationally, but only in models that use discrete word representations as input, ignoring the high variability of spoken words. We investigate the ME bias in the context of visually grounded speech models that learn from natural images and continuous speech audio. Concretely, we train a model on familiar words and test its ME bias by asking it to select between a novel and a familiar object when queried with a novel word. To simulate prior acoustic and visual knowledge, we experiment with several initialization strategies using pretrained speech and vision networks. Our findings reveal the ME bias across the different initialization approaches, with a stronger bias in models with more prior (in particular, visual) knowledge. Additional tests confirm the robustness of our results, even when different loss functions are considered. Based on detailed analyses to piece out the model’s representation space, we attribute the ME bias to how familiar and novel classes are distinctly separated in the resulting space.|2024-01-01|2024|['Transactions of the Association for Computational Linguistics']
https://doi.org/10.1162/tacl_a_00700|Assessing the Role of Context in Chat Translation Evaluation: Is Context Helpful and Under What Conditions?|Abstract Despite the recent success of automatic metrics for assessing translation quality, their application in evaluating the quality of machine-translated chats has been limited. Unlike more structured texts like news, chat conversations are often unstructured, short, and heavily reliant on contextual information. This poses questions about the reliability of existing sentence-level metrics in this domain as well as the role of context in assessing the translation quality. Motivated by this, we conduct a meta-evaluation of existing automatic metrics, primarily designed for structured domains such as news, to assess the quality of machine-translated chats. We find that reference-free metrics lag behind reference-based ones, especially when evaluating translation quality in out-of-English settings. We then investigate how incorporating conversational contextual information in these metrics for sentence-level evaluation affects their performance. Our findings show that augmenting neural learned metrics with contextual information helps improve correlation with human judgments in the reference-free scenario and when evaluating translations in out-of-English settings. Finally, we propose a new evaluation metric, Context-MQM, that utilizes bilingual context with a large language model (LLM) and further validate that adding context helps even for LLM-based evaluation metrics.|2024-01-01|2024|['Transactions of the Association for Computational Linguistics']
https://doi.org/10.1162/tacl_a_00709|Addressing Topic Leakage in Cross-Topic Evaluation for Authorship Verification|Abstract Authorship verification (AV) aims to identify whether a pair of texts has the same author. We address the challenge of evaluating AV models’ robustness against topic shifts. The conventional evaluation assumes minimal topic overlap between training and test data. However, we argue that there can still be topic leakage in test data, causing misleading model performance and unstable rankings. To address this, we propose an evaluation method called Heterogeneity-Informed Topic Sampling (HITS), which creates a smaller dataset with a heterogeneously distributed topic set. Our experimental results demonstrate that HITS-sampled datasets yield a more stable ranking of models across random seeds and evaluation splits. Our contributions include: 1. An analysis of causes and effects of topic leakage; 2. A demonstration of the HITS in reducing the effects of topic leakage; and 3. The Robust Authorship Verification bENchmark (RAVEN) that allows topic shortcut test to uncover AV models’ reliance on topic-specific features.|2024-01-01|2024|['Transactions of the Association for Computational Linguistics']
https://doi.org/10.1162/tacl_a_00721|SCL: Selective Contrastive Learning for Data-driven Zero-shot Relation Extraction|Abstract Relation extraction has evolved from supervised relation extraction to zero-shot setting due to the continuous emergence of newly generated relations. Some pioneering works handle zero-shot relation extraction by reformulating it into proxy tasks, such as reading comprehension and textual entailment. Nonetheless, the divergence in proxy task formulations from relation extraction hinders the acquisition of informative semantic representations, leading to subpar performance. Therefore, in this paper, we take a data-driven view to handle zero-shot relation extraction under a three-step paradigm, including encoder training, relation clustering, and summarization. Specifically, to train a discriminative relational encoder, we propose a novel selective contrastive learning framework, namely, SCL, where selective importance scores are assigned to distinguish the importance of different negative contrastive instances. During testing, the prompt-based encoder is employed to map test samples into representation vectors, which are then clustered into several groups. Typical samples closest to the cluster centroid are selected for summarization to generate the predicted relation for all samples in the cluster. Moreover, we design a simple non-parametric threshold plugin to reduce false-positive errors in inference on unseen relation representations. Our experiments demonstrate that SCL outperforms the current state-of-the-art method by over 3% across all metrics.|2024-01-01|2024|['Transactions of the Association for Computational Linguistics']
https://doi.org/10.1162/tacl_a_00723|The Causal Influence of Grammatical Gender on Distributional Semantics|Abstract How much meaning influences gender assignment across languages is an active area of research in linguistics and cognitive science. We can view current approaches as aiming to determine where gender assignment falls on a spectrum, from being fully arbitrarily determined to being largely semantically determined. For the latter case, there is a formulation of the neo-Whorfian hypothesis, which claims that even inanimate noun gender influences how people conceive of and talk about objects (using the choice of adjective used to modify inanimate nouns as a proxy for meaning). We offer a novel, causal graphical model that jointly represents the interactions between a noun’s grammatical gender, its meaning, and adjective choice. In accordance with past results, we find a significant relationship between the gender of nouns and the adjectives that modify them. However, when we control for the meaning of the noun, the relationship between grammatical gender and adjective choice is near zero and insignificant.|2024-01-01|2024|['Transactions of the Association for Computational Linguistics']
https://doi.org/10.1162/tacl_a_00727|<scp>Dolomites</scp>: Domain-Specific Long-Form Methodical Tasks|Abstract Experts in various fields routinely perform methodical writing tasks to plan, organize, and report their work. From a clinician writing a differential diagnosis for a patient, to a teacher writing a lesson plan for students, these tasks are pervasive, requiring to methodically generate structured long-form output for a given input. We develop a typology of methodical tasks structured in the form of a task objective, procedure, input, and output, and introduce DoLoMiTes, a novel benchmark with specifications for 519 such tasks elicited from hundreds of experts from across 25 fields. Our benchmark further contains specific instantiations of methodical tasks with concrete input and output examples (1,857 in total) which we obtain by collecting expert revisions of up to 10 model-generated examples of each task. We use these examples to evaluate contemporary language models, highlighting that automating methodical tasks is a challenging long-form generation problem, as it requires performing complex inferences, while drawing upon the given context as well as domain knowledge. Our dataset is available at https://dolomites-benchmark.github.io/.|2024-01-07|2024|['Transactions of the Association for Computational Linguistics']
https://doi.org/10.1162/tacl_a_00714|Predicting Human Translation Difficulty with Neural Machine Translation|Abstract Human translators linger on some words and phrases more than others, and predicting this variation is a step towards explaining the underlying cognitive processes. Using data from the CRITT Translation Process Research Database, we evaluate the extent to which surprisal and attentional features derived from a Neural Machine Translation (NMT) model account for reading and production times of human translators. We find that surprisal and attention are complementary predictors of translation difficulty, and that surprisal derived from a NMT model is the single most successful predictor of production duration. Our analyses draw on data from hundreds of translators operating across 13 language pairs, and represent the most comprehensive investigation of human translation difficulty to date.|2024-11-18|2024|['Transactions of the Association for Computational Linguistics']
https://doi.org/10.1162/tacl_a_00711|Conformalizing Machine Translation Evaluation|Abstract Several uncertainty estimation methods have been recently proposed for machine translation evaluation. While these methods can provide a useful indication of when not to trust model predictions, we show in this paper that the majority of them tend to underestimate model uncertainty, and as a result, they often produce misleading confidence intervals that do not cover the ground truth. We propose as an alternative the use of conformal prediction, a distribution-free method to obtain confidence intervals with a theoretically established guarantee on coverage. First, we demonstrate that split conformal prediction can “correct” the confidence intervals of previous methods to yield a desired coverage level, and we demonstrate these findings across multiple machine translation evaluation metrics and uncertainty quantification methods. Further, we highlight biases in estimated confidence intervals, reflected in imbalanced coverage for different attributes, such as the language and the quality of translations. We address this by applying conditional conformal prediction techniques to obtain calibration subsets for each data subgroup, leading to equalized coverage. Overall, we show that, provided access to a calibration set, conformal prediction can help identify the most suitable uncertainty quantification methods and adapt the predicted confidence intervals to ensure fairness with respect to different attributes.1|2024-11-18|2024|['Transactions of the Association for Computational Linguistics']
https://doi.org/10.1162/tacl.a.25|(Perhaps) Beyond Human Translation: Harnessing Multi-Agent Collaboration for Translating Ultra-Long Literary Texts|Abstract Literary translations remains one of the most challenging frontiers in machine translation due to the complexity of capturing figurative language, cultural nuances, and unique stylistic elements. In this work, we introduce TransAgents, a novel multi-agent framework that simulates the roles and collaborative practices of a human translation company, including a CEO, Senior Editor, Junior Editor, Translator, Localization Specialist, and Proofreader. The translation process is divided into two stages: a preparation stage where the team is assembled and comprehensive translation guidelines are drafted, and an execution stage that involves sequential translation, localization, proofreading, and a final quality check. Furthermore, we propose two innovative evaluation strategies: Monolingual Human Preference (MHP), which evaluates translations based solely on target language quality and cultural appropriateness, and BLP, which leverages large language models like gpt-4 for direct text comparison. Although TransAgents achieves lower d-BLEU scores, due to the limited diversity of references, its translations are significantly better than those of other baselines and are preferred by both human evaluators and LLMs over traditional human references and gpt-4 translations. Our findings highlight the potential of multi-agent collaboration in enhancing translation quality, particularly for longer texts.1|2025-01-01|2025|['Transactions of the Association for Computational Linguistics']
https://doi.org/10.1162/tacl_a_00754|Know Your Limits: A Survey of Abstention in Large Language Models|Abstract Abstention, the refusal of large language models (LLMs) to provide an answer, is increasingly recognized for its potential to mitigate hallucinations and enhance safety in LLM systems. In this survey, we introduce a framework to examine abstention from three perspectives: the query, the model, and human values. We organize the literature on abstention methods, benchmarks, and evaluation metrics using this framework, and discuss merits and limitations of prior work. We further identify and motivate areas for future research, such as whether abstention can be achieved as a meta-capability that transcends specific tasks or domains, and opportunities to optimize abstention abilities in specific contexts. In doing so, we aim to broaden the scope and impact of abstention methodologies in AI systems.1|2025-01-01|2025|['Transactions of the Association for Computational Linguistics']
https://doi.org/10.1162/tacl_a_00730|Salute the Classic: Revisiting Challenges of Machine Translation in the Age of Large Language Models|Abstract The evolution of Neural Machine Translation (NMT) has been significantly influenced by six core challenges (Koehn and Knowles, 2017) that have acted as benchmarks for progress in this field. This study revisits these challenges, offering insights into their ongoing relevance in the context of advanced Large Language Models (LLMs): domain mismatch, amount of parallel data, rare word prediction, translation of long sentences, attention model as word alignment, and sub-optimal beam search. Our empirical findings show that LLMs effectively reduce reliance on parallel data for major languages during pretraining and significantly improve translation of long sentences containing approximately 80 words, even translating documents up to 512 words. Despite these improvements, challenges in domain mismatch and rare word prediction persist. While NMT-specific challenges like word alignment and beam search may not apply to LLMs, we identify three new challenges in LLM-based translation: inference efficiency, translation of low-resource languages during pretraining, and human-aligned evaluation.|2025-01-01|2025|['Transactions of the Association for Computational Linguistics']
https://doi.org/10.1162/tacl_a_00729|<scp>CLAPnq</scp>: <u>C</u>ohesive <u>L</u>ong-form <u>A</u>nswers from <u>P</u>assages in Natural Questions for RAG systems|Abstract Retrieval Augmented Generation (RAG) has become a popular application for large language models. It is preferable that successful RAG systems provide accurate answers that are supported by being grounded in a passage without any hallucinations. While considerable work is required for building a full RAG pipeline, being able to benchmark performance is also necessary. We present CLAPnq, a benchmark Long-form Question Answering dataset for the full RAG pipeline. CLAPnq includes long answers with grounded gold passages from Natural Questions (NQ) and a corpus to perform either retrieval, generation, or the full RAG pipeline. The CLAPnq answers are concise, 3x smaller than the full passage, and cohesive, meaning that the answer is composed fluently, often by integrating multiple pieces of the passage that are not contiguous. RAG models must adapt to these properties to be successful at CLAPnq. We present baseline experiments and analysis for CLAPnq that highlight areas where there is still significant room for improvement in grounded RAG. CLAPnq is publicly available at https://github.com/primeqa/clapnq.|2025-01-01|2025|['Transactions of the Association for Computational Linguistics']
https://doi.org/10.1162/tacl_a_00760|Culturally Aware and Adapted NLP: A Taxonomy and a Survey of the State of the Art|Abstract The surge of interest in culture in NLP has inspired much recent research, but a shared understanding of “culture” remains unclear, making it difficult to evaluate progress in this emerging area. Drawing on prior research in NLP and related fields, we propose a fine-grained taxonomy of elements in culture that can provide a systematic framework for analyzing and understanding research progress. Using the taxonomy, we survey existing resources and methods for culturally aware and adapted NLP, providing an overview of the state of the art and the research gaps that still need to be filled.|2025-01-01|2025|['Transactions of the Association for Computational Linguistics']
https://doi.org/10.1162/tacl_a_00737|Benchmarking Uncertainty Quantification Methods for Large Language Models with LM-Polygraph|Abstract The rapid proliferation of large language models (LLMs) has stimulated researchers to seek effective and efficient approaches to deal with LLM hallucinations and low-quality outputs. Uncertainty quantification (UQ) is a key element of machine learning applications in dealing with such challenges. However, research to date on UQ for LLMs has been fragmented in terms of techniques and evaluation methodologies. In this work, we address this issue by introducing a novel benchmark that implements a collection of state-of-the-art UQ baselines and offers an environment for controllable and consistent evaluation of novel UQ techniques over various text generation tasks. Our benchmark also supports the assessment of confidence normalization methods in terms of their ability to provide interpretable scores. Using our benchmark, we conduct a large-scale empirical investigation of UQ and normalization techniques across eleven tasks, identifying the most effective approaches.|2025-01-01|2025|['Transactions of the Association for Computational Linguistics']
https://doi.org/10.1162/tacl_a_00735|OPT-Tree: Speculative Decoding with Adaptive Draft Tree Structure|Abstract Autoregressive language models demonstrate excellent performance in various scenarios. However, the inference efficiency is limited by its one-step-one-word generation mode, which has become a pressing problem recently as the models become increasingly larger. Speculative decoding employs a “draft and then verify” mechanism to allow multiple tokens to be generated in one step, realizing lossless acceleration. Existing methods mainly adopt fixed heuristic draft structures, which do not adapt to different situations to maximize the acceptance length during verification. To alleviate this dilemma, we propose OPT-Tree, an algorithm to construct adaptive and scalable draft trees, which can be applied to any autoregressive draft model. It searches the optimal tree structure that maximizes the mathematical expectation of the acceptance length in each decoding step. Experimental results reveal that OPT-Tree outperforms the existing draft structures and achieves a speed-up ratio of up to 3.2 compared with autoregressive decoding. If the draft model is powerful enough and the node budget is sufficient, it can generate more than ten tokens in a single step. Our code is available at https://github.com/Jikai0Wang/OPT-Tree.|2025-01-01|2025|['Transactions of the Association for Computational Linguistics']
https://doi.org/10.1162/tacl.a.20|Data Contamination Quiz: A Tool to Detect and Estimate Contamination in Large Language Models|Abstract We propose the Data Contamination Quiz (DCQ), a simple and effective approach to detect data contamination in large language models (LLMs) and estimate the amount of it. Specifically, we frame data contamination detection as a series of multiple-choice questions, devising a quiz format wherein three perturbed versions of each instance, subsampled from a specific dataset partition, are created. These changes only include word-level perturbations. The generated perturbations, along with the original dataset instance, form the options in the DCQ, with an extra option accommodating the selection of none of the provided options. Given that the only distinguishing signal among the options is the exact wording with respect to the original dataset instance, an LLM, when tasked with identifying the original dataset instance, gravitates towards selecting the original one if it has been exposed to it. While accounting for positional biases in LLMs, the quiz performance reveals the contamination level for the tested model with the dataset partition to which the quiz pertains. Applied to various datasets and LLMs, under controlled and uncontrolled contamination, our findings—while fully lacking access to training data and model parameters—suggest that DCQ achieves state-of-the-art results and uncovers greater contamination levels through memorization compared to existing methods. Also, it proficiently bypasses more safety filters, especially those set to avoid generating copyrighted content.1|2025-01-01|2025|['Transactions of the Association for Computational Linguistics']
https://doi.org/10.1162/tacl.a.24|Contextualized Evaluations: Judging Language Model Responses to Underspecified Queries|Abstract Language model users often issue queries that lack specification, where the context under which a query was issued—such as the user’s identity, the query’s intent, and the criteria for a response to be useful—is not explicit. For instance, a good response to a subjective query like “What book should I read next?” would depend on the user’s preferences, and a good response to an open-ended query like “How do antibiotics work against bacteria?” would depend on the user’s expertise. This makes evaluation of responses to such queries an ill-posed task, as evaluators may make arbitrary judgments about the response quality. To remedy this, we present contextualized evaluations, a protocol that synthetically constructs context surrounding an underspecified query and provides it during evaluation. We find that the presence of context can 1) alter conclusions drawn from evaluation, even flipping benchmark rankings between model pairs, 2) nudge evaluators to make fewer judgments based on surface-level criteria, like style, and 3) provide new insights about model behavior across diverse contexts. Specifically, our procedure suggests a potential bias towards WEIRD (Western, Educated, Industrialized, Rich and Democratic) contexts in models’ “default” responses and we find that models are not equally sensitive to following different contexts, even when they are provided in prompts.1|2025-01-01|2025|['Transactions of the Association for Computational Linguistics']
https://doi.org/10.1162/tacl.a.17|Efficient Tuning of Large Language Models for Knowledge-Grounded Dialogue Generation|Abstract Large language models (LLMs) demonstrate remarkable text comprehension and generation capabilities but often lack the ability to utilize up-to-date or domain-specific knowledge not included in their training data. To address this gap, we introduce KEDiT, an efficient method for fine-tuning LLMs for knowledge-grounded dialogue generation. KEDiT operates in two main phases. First, it employs an information bottleneck to compress retrieved knowledge into learnable parameters, retaining essential information while minimizing computational overhead. Second, a lightweight knowledge-aware adapter integrates these compressed knowledge vectors into the LLM during fine-tuning, updating less than 2% of the model parameters. The experimental results on the Wizard of Wikipedia and a newly constructed PubMed-Dialog dataset demonstrate that KEDiT excels in generating contextually relevant and informative responses, outperforming competitive baselines in automatic, LLM-based, and human evaluations. This approach effectively combines the strengths of pretrained LLMs with the adaptability needed for incorporating dynamic knowledge, presenting a scalable solution for fields such as medicine.1|2025-01-01|2025|['Transactions of the Association for Computational Linguistics']
https://doi.org/10.1162/tacl.a.47|Benchmarking Linguistic Diversity of Large Language Models|Abstract The development and evaluation of Large Language Models (LLMs) has primarily focused on their task-solving capabilities, with recent models even surpassing human performance in some areas. However, this focus often neglects whether machine-generated language matches the human level of diversity, in terms of vocabulary choice, syntactic construction, and expression of meaning, raising questions about whether the fundamentals of language generation have been fully addressed. This paper emphasizes the importance of examining the preservation of human linguistic richness by language models, given the concerning surge in online content produced or aided by LLMs. We adapt a comprehensive framework for evaluating LLMs from various linguistic diversity perspectives including lexical, syntactic, and semantic dimensions. Using this framework, we benchmark several state-of-the-art LLMs across all diversity dimensions, and conduct an in-depth analysis for syntactic diversity. Finally, we analyze how the design, development, and deployment choices of LLMs impact the linguistic diversity of their outputs, focusing on the creative task of story generation.|2025-01-01|2025|['Transactions of the Association for Computational Linguistics']
https://doi.org/10.1162/tacl_a_00734|A Confidence-based Acquisition Model for Self-supervised Active Learning and Label Correction|Abstract Supervised neural approaches are hindered by their dependence on large, meticulously annotated datasets, a requirement that is particularly cumbersome for sequential tasks. The quality of annotations tends to deteriorate with the transition from expert-based to crowd-sourced labeling. To address these challenges, we present CAMEL (Confidence-based Acquisition Model for Efficient self-supervised active Learning), a pool-based active learning framework tailored to sequential multi-output problems. CAMEL possesses two core features: (1) it requires expert annotators to label only a fraction of a chosen sequence, and (2) it facilitates self-supervision for the remainder of the sequence. By deploying a label correction mechanism, CAMEL can also be utilized for data cleaning. We evaluate CAMEL on two sequential tasks, with a special emphasis on dialogue belief tracking, a task plagued by the constraints of limited and noisy datasets. Our experiments demonstrate that CAMEL significantly outperforms the baselines in terms of efficiency. Furthermore, the data corrections suggested by our method contribute to an overall improvement in the quality of the resulting datasets.1|2025-01-01|2025|['Transactions of the Association for Computational Linguistics']
https://doi.org/10.1162/tacl_a_00741|Self-Rationalization in the Wild: A Large-scale Out-of-Distribution Evaluation on NLI-related tasks|Abstract Free-text explanations are expressive and easy to understand, but many datasets lack annotated explanation data, making it challenging to train models for explainable predictions. To address this, we investigate how to use existing explanation datasets for self-rationalization and evaluate models’ out-of-distribution (OOD) performance. We fine-tune T5-Large and OLMo-7B models and assess the impact of fine-tuning data quality, the number of fine-tuning samples, and few-shot selection methods. The models are evaluated on 19 diverse OOD datasets across three tasks: natural language inference (NLI), fact-checking, and hallucination detection in abstractive summarization. For the generated explanation evaluation, we conduct a human study on 13 selected models and study its correlation with the Acceptability score (T5-11B) and three other LLM-based reference-free metrics. Human evaluation shows that the Acceptability score correlates most strongly with human judgments, demonstrating its effectiveness in evaluating free-text explanations. Our findings reveal: 1) few annotated examples effectively adapt models for OOD explanation generation; 2) compared to sample selection strategies, fine-tuning data source has a larger impact on OOD performance; and 3) models with higher label prediction accuracy tend to produce better explanations, as reflected by higher Acceptability scores.1|2025-01-01|2025|['Transactions of the Association for Computational Linguistics']
https://doi.org/10.1162/tacl_a_00740|How “Real” is Your Real-Time Simultaneous Speech-to-Text Translation System?|Abstract Simultaneous speech-to-text translation (SimulST) translates source-language speech into target-language text concurrently with the speaker’s speech, ensuring low latency for better user comprehension. Despite its intended application to unbounded speech, most research has focused on human pre-segmented speech, simplifying the task and overlooking significant challenges. This narrow focus, coupled with widespread terminological inconsistencies, is limiting the applicability of research outcomes to real-world applications, ultimately hindering progress in the field. Our extensive literature review of 110 papers not only reveals these critical issues in current research but also serves as the foundation for our key contributions. We: 1) define the steps and core components of a SimulST system, proposing a standardized terminology and taxonomy; 2) conduct a thorough analysis of community trends; and 3) offer concrete recommendations and future directions to bridge the gaps in existing literature, from evaluation frameworks to system architectures, for advancing the field towards more realistic and effective SimulST solutions.|2025-01-01|2025|['Transactions of the Association for Computational Linguistics']
https://doi.org/10.1162/tacl.a.58|Large Language Models Are Human-Like Internally|Abstract Recent cognitive modeling studies have reported that larger language models (LMs) exhibit a poorer fit to human reading behavior (Oh and Schuler, 2023b; Shain et al., 2024; Kuribayashi et al., 2024), leading to claims of their cognitive implausibility. In this paper, we revisit this argument through the lens of mechanistic interpretability and argue that prior conclusions were skewed by an exclusive focus on the final layers of LMs. Our analysis reveals that next-word probabilities derived from internal layers of larger LMs align with human sentence processing data as well as, or better than, those from smaller LMs. This alignment holds consistently across behavioral (self-paced reading times, gaze durations, MAZE task processing times) and neurophysiological (N400 brain potentials) measures, challenging earlier mixed results and suggesting that the cognitive plausibility of larger LMs has been underestimated. Furthermore, we first identify an intriguing relationship between LM layers and human measures: Earlier layers correspond more closely with fast gaze durations, while later layers better align with relatively slower signals such as N400 potentials and MAZE processing times. Our work opens new avenues for interdisciplinary research at the intersection of mechanistic interpretability and cognitive modeling.1|2025-01-01|2025|['Transactions of the Association for Computational Linguistics']
https://doi.org/10.1162/tacl_a_00733|Learning Syntax Without Planting Trees: Understanding Hierarchical Generalization in Transformers|Abstract Transformers trained on natural language data have been shown to exhibit hierarchical generalization without explicitly encoding any structural bias. In this work, we investigate sources of inductive bias in transformer models and their training that could cause such preference for hierarchical generalization. We extensively experiment with transformers trained on five synthetic, controlled datasets using several training objectives and show that, while objectives such as sequence-to-sequence modeling, classification, etc., often fail to lead to hierarchical generalization, the language modeling objective consistently leads to transformers generalizing hierarchically. We then study how different generalization behaviors emerge during the training by conducting pruning experiments that reveal the joint existence of subnetworks within the model implementing different generalizations. Finally, we take a Bayesian perspective to understand transformers’ preference for hierarchical generalization: We establish a correlation between whether transformers generalize hierarchically on a dataset and if the simplest explanation of that dataset is provided by a hierarchical grammar compared to regular grammars exhibiting linear generalization. Overall, our work presents new insights on the origins of hierarchical generalization in transformers and provides a theoretical framework for studying generalization in language models.|2025-01-01|2025|['Transactions of the Association for Computational Linguistics']
https://doi.org/10.1162/tacl_a_00744|LLM Reading Tea Leaves: Automatically Evaluating Topic Models with Large Language Models|Abstract Topic modeling has been a widely used tool for unsupervised text analysis. However, comprehensive evaluations of a topic model remain challenging. Existing evaluation methods are either less comparable across different models (e.g., perplexity) or focus on only one specific aspect of a model (e.g., topic quality or document representation quality) at a time, which is insufficient to reflect the overall model performance. In this paper, we propose WALM (Word Agreement with Language Model), a new evaluation method for topic modeling that considers the semantic quality of document representations and topics in a joint manner, leveraging the power of Large Language Models (LLMs). With extensive experiments involving different types of topic models, WALM is shown to align with human judgment and can serve as a complementary evaluation method to the existing ones, bringing a new perspective to topic modeling. Our software package is available at https://github.com/Xiaohao-Yang/Topic_Model_Evaluation.|2025-01-01|2025|['Transactions of the Association for Computational Linguistics']
https://doi.org/10.1162/tacl_a_00725|Investigating Critical Period Effects in Language Acquisition through Neural Language Models|Abstract Humans appear to have a critical period (CP) for language acquisition: Second language (L2) acquisition becomes harder after early childhood, and ceasing exposure to a first language (L1) after this period (but not before) typically does not lead to substantial loss of L1 proficiency. It is unknown whether these CP effects result from innately determined brain maturation or as a stabilization of neural connections naturally induced by experience. In this study, we use language models (LMs) to test the extent to which these phenomena are peculiar to humans, or shared by a broader class of language learners. We vary the age of exposure by training LMs on language pairs in various experimental conditions, and find that LMs, which lack any direct analog to innate maturational stages, do not show CP effects when the age of exposure of L2 is delayed. Our results contradict the claim that CP effects are an inevitable result of statistical learning, and they are consistent with an innate mechanism for CP effects. We show that we can reverse-engineer the CP by introducing a regularizer partway through training to simulate a maturational decrease in plasticity. All in all, our results suggest that L1 learning on its own may not be enough to induce a CP, and additional engineering is necessary to make language models more cognitively plausible.|2025-01-01|2025|['Transactions of the Association for Computational Linguistics']
https://doi.org/10.1162/tacl_a_00738|Supervised Neural Topic Modeling with Label Alignment|Abstract Neural topic modeling is a scalable automated technique for text data mining. In various downstream tasks of topic modeling, it is preferred that the discovered topics well align with labels. However, due to the lack of guidance from labels, unsupervised neural topic models are less powerful in this situation. Existing supervised neural topic models often adopt a label-free prior to generate the latent document-topic distributions and use them to predict the labels and thus achieve label-topic alignment indirectly. Such a mechanism faces the following issues: 1) The label-free prior leads to topics blending the latent patterns of multiple labels; and 2) One is unable to intuitively identify the explicit relationships between labels and the discovered topics. To tackle these problems, we develop a novel supervised neural topic model which utilizes a chain-structured graphical model with a label-conditioned prior. Soft indicators are introduced to explicitly construct the label-topic relationships. To obtain well-organized label-topic relationships, we formalize an entropy-regularized optimal transport problem on the embedding space and model them as the transport plan. Moreover, our proposed method can be flexibly integrated with most existing unsupervised neural topic models. Experimental results on multiple datasets demonstrate that our model can greatly enhance the alignment between labels and topics while maintaining good topic quality.|2025-01-01|2025|['Transactions of the Association for Computational Linguistics']
https://doi.org/10.1162/tacl_a_00748|Anchored Preference Optimization and Contrastive Revisions: Addressing Underspecification in Alignment|Abstract Large Language Models (LLMs) are often aligned using contrastive alignment objectives and preference pair datasets. The interaction between model, paired data, and objective makes alignment a complicated procedure, sometimes producing subpar results. We study this and find that (i) preference data gives a better learning signal when the underlying responses are contrastive, and (ii) alignment objectives lead to better performance when they specify more control over the model during training. Based on these insights, we introduce Contrastive Learning from AI Revisions (CLAIR), a data-creation method which leads to more contrastive preference pairs, and Anchored Preference Optimization (APO), a controllable and more stable alignment objective. We align Llama-3-8B-Instruct using various comparable datasets and alignment objectives and measure MixEval-Hard scores, which correlate highly with human judgments. The CLAIR preferences lead to the strongest performance out of all datasets, and APO consistently outperforms less controllable objectives. Our best model, trained on 32K CLAIR preferences with APO, improves Llama-3-8B-Instruct by 7.65%, closing the gap with GPT4-turbo by 45%. Our code and datasets are available.|2025-01-01|2025|['Transactions of the Association for Computational Linguistics']
https://doi.org/10.1162/tacl.a.19|<scp>mt</scp>RAG: A Multi-Turn Conversational Benchmark for Evaluating Retrieval-Augmented Generation Systems|Abstract Retrieval-augmented generation (RAG) has recently become a very popular task for Large Language Models (LLMs). Evaluating them on multi-turn RAG conversations, where the system is asked to generate a response to a question in the context of a preceding conversation, is an important and often overlooked task with several additional challenges. We present mtRAG, an end-to-end human-generated multi-turn RAG benchmark that reflects several real-world properties across diverse dimensions for evaluating the full RAG pipeline. mtRAG contains 110 conversations averaging 7.7 turns each across four domains for a total of 842 tasks. We also explore automation paths via synthetic data and LLM-as-a-Judge evaluation. Our human and automatic evaluations show that even state-of-the-art LLM RAG systems struggle on mtRAG. We demonstrate the need for strong retrieval and generation systems that can handle later turns, unanswerable questions, non-standalone questions, and multiple domains. mtRAG is available at https://github.com/ibm/mt-rag-benchmark.|2025-01-01|2025|['Transactions of the Association for Computational Linguistics']
https://doi.org/10.1162/tacl.a.18|MURI: High-Quality Instruction Tuning Datasets for Low-Resource Languages via Reverse Instructions|Abstract Instruction tuning enhances large language models (LLMs) by aligning them with human preferences across diverse tasks. Traditional approaches to create instruction tuning datasets face serious challenges for low-resource languages due to their dependence on data annotation. This work introduces a novel method, Multilingual Reverse Instructions (MURI), which generates high-quality instruction tuning datasets for low-resource languages without requiring human annotators or pre-existing multilingual models. Utilizing reverse instructions and a translation pipeline, MURI produces instruction-output pairs from existing human-written texts in low-resource languages. This method ensures cultural relevance and diversity by sourcing texts from different native domains and applying filters to eliminate inappropriate content. Our dataset, MURI-IT, includes more than 2 million instruction-output pairs across 200 languages. Evaluation by native speakers and fine-tuning experiments with mT5 models demonstrate the approach’s effectiveness for both NLU and open-ended generation. We publicly release datasets and models at https://github.com/akoksal/muri.|2025-01-01|2025|['Transactions of the Association for Computational Linguistics']
https://doi.org/10.1162/tacl.a.29|<scp>DARE</scp>: Diverse Visual Question Answering with Robustness Evaluation|Abstract Vision Language Models (VLMs) extend remarkable capabilities of text-only large language models and vision-only models, being able to learn from and process multi-modal vision-text input. While modern VLMs perform well on a number of standard image classification and image-text matching tasks, they still struggle with a number of crucial vision-language (VL) reasoning abilities such as counting and spatial reasoning. Moreover, while they might be very brittle to small variations in instructions and/or evaluation protocols, existing benchmarks fail to evaluate their robustness (or rather the lack of it). In order to couple challenging VL scenarios with comprehensive robustness evaluation, we introduce DARE, Diverse Visual Question Answering with Robustness Evaluation, a carefully created and curated multiple-choice VQA benchmark. DARE evaluates VLM performance on five diverse categories and includes four robustness-oriented evaluations based on the variations of prompts, the subsets of answer options, the output format, and the number of correct answers. Among a spectrum of other findings, we report that state-of-the-art VLMs still struggle with questions in most categories and are unable to consistently deliver their peak performance across the tested robustness evaluations. Consequently, our work calls for the systematic addition of robustness evaluations in future VLM research.|2025-01-01|2025|['Transactions of the Association for Computational Linguistics']
https://doi.org/10.1162/tacl_a_00736|Transformers as Transducers|Abstract We study the sequence-to-sequence mapping capacity of transformers by relating them to finite transducers, and find that they can express surprisingly large classes of (total functional) transductions. We do so using variants of RASP, a programming language designed to help people “think like transformers,” as an intermediate representation. We extend the existing Boolean variant B-RASP to sequence-to-sequence transductions and show that it computes exactly the first-order rational transductions (such as string rotation). Then, we introduce two new extensions. B-RASP[pos] enables calculations on positions (such as copying the first half of a string) and contains all first-order regular transductions. S-RASP adds prefix sum, which enables additional arithmetic operations (such as squaring a string) and contains all first-order polyregular transductions. Finally, we show that masked average-hard attention transformers can simulate S-RASP.|2025-01-01|2025|['Transactions of the Association for Computational Linguistics']
https://doi.org/10.1162/tacl_a_00747|How Much Semantic Information is Available in Large Language Model Tokens?|Abstract Large language models segment many words into multiple tokens, and companies that make those models claim that meaningful subword tokens are essential. To investigate whether subword tokens bear meaning, we segmented tens of thousands of words from each of 41 languages according to three generations of GPT tokenizers. We found that words sharing tokens are more semantically similar than expected by chance or expected from length alone, that tokens capture morphological information even when they don’t look like morphemes, and that tokens capture more information than is explained by morphology. In languages that use a script other than the Latin alphabet, GPT-4 tokens are uninformative, but GPT-4o has improved this situation. These results suggest that comparing tokens to morphemes overlooks the wider variety of semantic information available in word form and that standard tokenization methods successfully capture much of that information.|2025-01-01|2025|['Transactions of the Association for Computational Linguistics']
https://doi.org/10.1162/tacl_a_00755|TaxoPro: A Plug-In LoRA-based Cross-Domain Method for Low-Resource Taxonomy Completion|Abstract Low-resource taxonomy completion aims to automatically insert new concepts into the existing taxonomy, in which only a few in-domain training samples are available. Recent studies have achieved considerable progress by incorporating prior knowledge from pre-trained language models (PLMs). However, these studies tend to overly rely on such knowledge and neglect the shareable knowledge across different taxonomies. In this paper, we propose TaxoPro, a plug-in LoRA-based cross-domain method, that captures shareable knowledge from the high- resource taxonomy to improve PLM-based low-resource taxonomy completion techniques. To prevent negative interference between domain-specific and domain-shared knowledge, TaxoPro decomposes cross- domain knowledge into domain-shared and domain-specific components, storing them using low-rank matrices (LoRA). Additionally, TaxoPro employs two auxiliary losses to regulate the flow of shareable knowledge. Experimental results demonstrate that TaxoPro improves PLM-based techniques, achieving state-of-the-art performance in completing low-resource taxonomies. Code is available at https://github.com/cyclexu/TaxoPro.|2025-01-01|2025|['Transactions of the Association for Computational Linguistics']
https://doi.org/10.1162/tacl_a_00761|Sense-specific Historical Word Usage Generation|Abstract Large-scale sense-annotated corpora are important for a range of tasks but are hard to come by. Dictionaries that record and describe the vocabulary of a language often offer a small set of real-world example sentences for each sense of a word. However, on their own, these sentences are too few to be used as diachronic sense-annotated corpora. We propose a targeted strategy for training and evaluating generative models producing historically and semantically accurate word usages given any word, sense definition, and year triple. Our results demonstrate that fine-tuned models can generate usages with the same properties as real-world example sentences from a reference dictionary. Thus the generated usages will be suitable for training and testing computational models where large-scale sense-annotated corpora are needed but currently unavailable.|2025-01-01|2025|['Transactions of the Association for Computational Linguistics']
https://doi.org/10.1162/tacl.a.21|Continual Pre-training on Character-level Noisy Texts Makes Decoder-based Language Models Robust Few-shot Learners|Abstract Recent decoder-based pre-trained language models (PLMs) generally use subword tokenizers. However, adding character-level perturbations drastically changes the delimitation of texts by the tokenizers, leading to the vulnerability of PLMs. This study proposes a method of continual pre-training to convert decoder-based PLMs with subword tokenizers into perturbation-robust few-shot in-context learners. Our method continually trains decoder-based PLMs to predict the next tokens conditioning on artificially created character-level noisy texts. Since decoder-based language models are auto-regressive, we skip noised words from the target optimization. In addition, to maintain the same word prediction performance under noisy text as clean text, our method employs word distribution matching between the original PLMs and training models. We conducted experiments on various subword-based PLMs, including GPT2, Pythia, Mistral, Gemma2, and Llama3, ranging from 1B to 8B parameters. The results demonstrate that our method consistently improves the performance of few-shot in-context learning on downstream tasks which contain actual typos or misspellings as well as artificial noise.1|2025-01-01|2025|['Transactions of the Association for Computational Linguistics']
https://doi.org/10.1162/tacl.a.16|Human Choice Prediction in Language-based Persuasion Games: Simulation-based Off-Policy Evaluation|Abstract Recent advances in Large Language Models (LLMs) have spurred interest in designing LLM-based agents for tasks that involve interaction with human and artificial agents. This paper addresses a key aspect in the design of such agents: predicting human decisions in off-policy evaluation (OPE). We focus on language-based persuasion games, where an expert aims to influence the decision-maker through verbal messages. In our OPE framework, the prediction model is trained on human interaction data collected from encounters with one set of expert agents, and its performance is evaluated on interactions with a different set of experts. Using a dedicated application, we collected a dataset of 87K decisions from humans playing a repeated decision-making game with artificial agents. To enhance off-policy performance, we propose a simulation technique involving interactions across the entire agent space and simulated decision-makers. Our learning strategy yields significant OPE gains, e.g., improving prediction accuracy in the top 15% challenging cases by 7.1%.1|2025-01-01|2025|['Transactions of the Association for Computational Linguistics']
https://doi.org/10.1162/tacl.a.52|Surveying the Landscape of Image Captioning Evaluation: A Comprehensive Taxonomy, Trends, and Metrics Analysis|Abstract The task of image captioning has recently been gaining popularity, and with it the complex task of evaluating the quality of image captioning models. In this work, we present the first survey and taxonomy of over 70 different image captioning metrics and their usage in hundreds of papers, specifically designed to help users select the most suitable metric for their needs. We find that despite the diversity of proposed metrics, the vast majority of studies rely on only five popular metrics, which we show to be weakly correlated with human ratings. We hypothesize that combining a diverse set of metrics can enhance correlation with human ratings. As an initial step, we demonstrate that a linear regression-based ensemble method, which we call EnsembEval, trained on one human ratings dataset, achieves improved correlation across five additional datasets, showing there is a lot of room for improvement by leveraging a diverse set of metrics.1|2025-01-01|2025|['Transactions of the Association for Computational Linguistics']
https://doi.org/10.1162/tacl.a.30|Explanatory Summarization with Discourse-Driven Planning|Abstract Lay summaries for scientific documents typically include explanations to help readers grasp sophisticated concepts or arguments. However, current automatic summarization methods do not explicitly model explanations, which makes it difficult to align the proportion of explanatory content with human-written summaries. In this paper, we present a plan-based approach that leverages discourse frameworks to organize summary generation and guide explanatory sentences by prompting responses to the plan. Specifically, we propose two discourse-driven planning strategies, where the plan is conditioned as part of the input or part of the output prefix, respectively. Empirical experiments on three lay summarization datasets show that our approach outperforms existing state-of-the-art methods in terms of summary quality, and it enhances model robustness, controllability, and mitigates hallucination. The project information is available at https://dongqi.me/projects/ExpSum.|2025-01-01|2025|['Transactions of the Association for Computational Linguistics']
https://doi.org/10.1162/tacl.a.54|The Impact of Automatic Speech Transcription on Speaker Attribution|Abstract Speaker attribution from speech transcripts is the task of identifying a speaker from the transcript of their speech based on patterns in their language use. This task is especially useful when the audio is unavailable (e.g., deleted) or unreliable (e.g., anonymized speech). Prior work in this area has primarily focused on the feasibility of attributing speakers using transcripts produced by human annotators. However, in real-world settings, one often only has more errorful transcripts produced by automatic speech recognition (ASR) systems. In this paper, we conduct what is, to our knowledge, the first comprehensive study of the impact of automatic transcription on speaker attribution performance. In particular, we study the extent to which speaker attribution performance degrades in the face of transcription errors, as well as how properties of the ASR system impact attribution. We find that attribution is surprisingly resilient to word-level transcription errors and that the objective of recovering the true transcript is minimally correlated with attribution performance. Overall, our findings suggest that speaker attribution on more errorful transcripts produced by ASR is as good, if not better, than attribution based on human-transcribed data, possibly because ASR transcription errors can capture speaker-specific features revealing of speaker identity.|2025-01-01|2025|['Transactions of the Association for Computational Linguistics']
https://doi.org/10.1162/tacl.a.44|Safe Pruning LoRA: Robust Distance-Guided Pruning for Safety Alignment in Adaptation of LLMs|Abstract Fine-tuning Large Language Models (LLMs) with Low-Rank Adaptation (LoRA) enhances adaptability while reducing computational costs. However, fine-tuning can compromise safety alignment, even with benign data, increasing susceptibility to harmful outputs. Existing safety alignment methods struggle to capture complex parameter shifts, leading to suboptimal safety-utility trade-offs. To address this issue, we propose Safe Pruning LoRA (SPLoRA), a novel pruning-based approach that selectively removes LoRA layers that weaken safety alignment, improving safety while preserving performance. At its core, we introduce Empirical-DIEM (E-DIEM), a dimension-insensitive similarity metric that effectively detects safety misalignment in LoRA-adapted models. We conduct extensive experiments on LLMs fine-tuned with mixed of benign and malicious data, and purely benign datasets, evaluating SPLoRA across utility, safety, and reliability metrics. Results demonstrate that SPLoRA outperforms state-of-the-art safety alignment techniques, significantly reducing safety risks while maintaining or improving model performance and reliability. Additionally, SPLoRA reduces inference overhead, making it a scalable and efficient solution for deploying safer and more reliable LLMs. The code is available at https://github.com/AoShuang92/SPLoRA.|2025-01-01|2025|['Transactions of the Association for Computational Linguistics']
https://doi.org/10.1162/tacl.a.60|How to Select Datapoints for Efficient Human Evaluation of NLG Models?|Abstract Human evaluation is the gold standard for evaluating text generation models. However, it is expensive. In order to fit budgetary constraints, a random subset of the test data is often chosen in practice for human evaluation. However, randomly selected data may not accurately represent test performance, making this approach economically inefficient for model comparison. Thus, in this work, we develop and analyze a suite of selectors to get the most informative datapoints for human evaluation, taking the evaluation costs into account. We show that selectors based on variance in automated metric scores, diversity in model outputs, or Item Response Theory outperform random selection. We further develop an approach to distill these selectors to the scenario where the model outputs are not yet available. In particular, we introduce source-based estimators, which predict item usefulness for human evaluation just based on the source texts. We demonstrate the efficacy of our selectors in two common NLG tasks, machine translation and summarization, and show that only ∼70% of the test data is needed to produce the same evaluation result as the entire data.|2025-01-01|2025|['Transactions of the Association for Computational Linguistics']
https://doi.org/10.1162/tacl_a_00751|Navigating the Landscape of Hint Generation Research: From the Past to the Future|Abstract Digital education has gained popularity in the last decade, especially after the COVID-19 pandemic. With the improving capabilities of large language models to reason and communicate with users, envisioning intelligent tutoring systems that can facilitate self-learning is not very far-fetched. One integral component to fulfill this vision is the ability to give accurate and effective feedback via hints to scaffold the learning process. In this survey article, we present a comprehensive review of prior research on hint generation, aiming to bridge the gap between research in education and cognitive science, and research in AI and Natural Language Processing. Informed by our findings, we propose a formal definition of the hint generation task, and discuss the roadmap of building an effective hint generation system aligned with the formal definition, including open challenges, future directions and ethical considerations.|2025-01-01|2025|['Transactions of the Association for Computational Linguistics']
https://doi.org/10.1162/tacl_a_00739|From Robustness to Improved Generalization and Calibration in Pre-trained Language Models|Abstract Enforcing representation smoothness in pre-trained language models (PLMs) through Jacobian and Hessian regularization provides an effective approach for enhancing both robustness and generalization. Although such regularization methods have proven effective in computer vision, their application in natural language processing, where PLM inputs are derived from a discrete domain, poses unique challenges. We introduce JacHess, a regularization approach for PLMs that minimizes the norms of the Jacobian and Hessian matrices in intermediate representations, using embeddings as substitutes for discrete token inputs. JacHess supports dual-mode regularization, alternating between fine-tuning with labeled data and regularization with unlabeled data. We evaluate JacHess on the GLUE benchmark and demonstrate that it consistently and significantly improves in-distribution generalization and enhances performance under domain shift. Across diverse PLMs, JacHess outperforms comparable representation-based regularization methods and unregularized fine-tuning, while also improving model calibration. Our findings, coupled with a computationally efficient estimator for the Jacobian and Hessian norms, position JacHess as a robust and widely applicable solution for enhancing PLM performance.|2025-01-01|2025|['Transactions of the Association for Computational Linguistics']
https://doi.org/10.1162/tacl_a_00743|DEAR: Disentangled Event-Agnostic Representation Learning for Early Fake News Detection|Abstract Detecting fake news early is challenging due to the absence of labeled articles for emerging events in training data. To address this, we propose a Disentangled Event-Agnostic Representation (DEAR) learning approach. Our method begins with a BERT-based adaptive multi-grained semantic encoder that captures hierarchical and comprehensive textual representations of the input news content. To effectively separate latent authenticity-related and event-specific knowledge within the news content, we employ a disentanglement architecture. To further enhance the decoupling effect, we introduce a cross-perturbation mechanism that perturbs authenticity-related representation with the event-specific one, and vice versa, deriving a robust and discerning authenticity-related signal. Additionally, we implement a refinement learning scheme to minimize potential interactions between two decoupled representations, ensuring that the authenticity signal remains strong and unaffected by event-specific details. Experimental results demonstrate that our approach effectively mitigates the impact of event-specific influence, outperforming state-of-the-art methods. In particular, it achieves a 6.0% improvement in accuracy on the PHEME dataset over MDDA, a similar approach that decouples latent content and style knowledge, in scenarios involving articles from unseen events different from the topics of the training set.|2025-01-01|2025|['Transactions of the Association for Computational Linguistics']
https://doi.org/10.1162/tacl_a_00732|Navigating Cultural Chasms: Exploring and Unlocking the Cultural POV of Text-To-Image Models|Abstract Text-To-Image (TTI) models, such as DALL-E and StableDiffusion, have demonstrated remarkable prompt-based image generation capabilities. Multilingual encoders may have a substantial impact on the cultural agency of these models, as language is a conduit of culture. In this study, we explore the cultural perception embedded in TTI models by characterizing culture across three tiers: cultural dimensions, cultural domains, and cultural concepts. Based on this ontology, we derive prompt templates to unlock the cultural knowledge in TTI models, and propose a comprehensive suite of evaluation techniques, including intrinsic evaluations using the CLIP space, extrinsic evaluations with a Visual-Question-Answer models and human assessments, to evaluate the cultural content of TTI-generated images. To bolster our research, we introduce the CulText2I dataset, based on six diverse TTI models and spanning ten languages. Our experiments provide insights regarding Do, What, Which, and How research questions about the nature of cultural encoding in TTI models, paving the way for cross-cultural applications of these models.1|2025-01-01|2025|['Transactions of the Association for Computational Linguistics']
https://doi.org/10.1162/tacl.a.40|End-to-End Long Document Summarization using Gradient Caching|Abstract Training transformer-based encoder-decoder models for long document summarization poses a significant challenge due to the quadratic memory consumption during training. Several approaches have been proposed to extend the input length at test time, but training with these approaches is still difficult, requiring truncation of input documents and causing a mismatch between training and test conditions. In this work, we propose CachED (Gradient Caching for Encoder-Decoder models), an approach that enables end-to-end training of existing transformer-based encoder-decoder models, using the entire document without truncation. Specifically, we apply non-overlapping sliding windows to input documents, followed by fusion in decoder. During backpropagation, the gradients are cached at the decoder and are passed through the encoder in chunks by re-computing the hidden vectors, similar to gradient checkpointing. In the experiments on long document summarization, we extend BART to CachED BART, processing more than 500K tokens during training and achieving superior performance without using any additional parameters.|2025-01-01|2025|['Transactions of the Association for Computational Linguistics']
https://doi.org/10.1162/tacl_a_00746|Diverse AI Feedback For Large Language Model Alignment|Abstract Recent advances in large language models (LLMs) focus on aligning models with human values to minimize harmful content. However, existing methods often rely on a single type of feedback, such as preferences, annotated labels, or critiques, which can lead to overfitting and suboptimal performance. In this paper, we propose Diverse AIFeedback (DAIF), a novel approach that integrates three types of feedback—critique, refinement, and preference—tailored to tasks of varying uncertainty levels. Through an analysis of information gain, we show that critique feedback is most effective for low-uncertainty tasks, refinement feedback for medium-uncertainty tasks, and preference feedback for high-uncertainty tasks. Training with this diversified feedback reduces overfitting and improves alignment. Experimental results across three tasks—question answering, dialog generation, and text summarization–demonstrate that DAIF outperforms traditional methods relying on a single feedback type.1|2025-01-01|2025|['Transactions of the Association for Computational Linguistics']
https://doi.org/10.1162/tacl_a_00742|Phonetic Reconstruction of the Consonant System of Middle Chinese via Mixed Integer Optimization|Abstract This paper is concerned with phonetic reconstruction of the consonant system of Middle Chinese. We propose to cast the problem as a Mixed Integer Programming problem, which is able to automatically explore homophonic information from ancient rhyme dictionaries and phonetic information from modern Chinese dialects, the descendants of Middle Chinese. Numerical evaluation on a wide range of synthetic and real data demonstrates the effectiveness and robustness of the new method. We apply the method to information from Guǎngyùn and 20 modern Chinese dialects to obtain a new phonetic reconstruction result. A linguistically motivated discussion of this result is also provided.1|2025-01-01|2025|['Transactions of the Association for Computational Linguistics']
https://doi.org/10.1162/tacl_a_00749|TANQ: An Open Domain Dataset of Table Answered Questions|Abstract Language models, potentially augmented with tool usage such as retrieval, are becoming the go-to means of answering questions. Understanding and answering questions in real-world settings often requires retrieving information from different sources, processing and aggregating data to extract insights, and presenting complex findings in form of structured artifacts such as novel tables, charts, or infographics. In this paper, we introduce TANQ,1 the first open-domain question answering dataset where the answers require building tables from information across multiple sources. We release the full source attribution for every cell in the resulting table and benchmark state-of-the-art language models in open, oracle, and closed book setups. Our best-performing baseline, Gemini Flash, reaches an overall F1 score of 60.7, lagging behind human performance by 12.3 points. We analyze baselines’ performance across different dataset attributes such as different skills required for this task, including multi-hop reasoning, math operations, and unit conversions. We further discuss common failures in model-generated answers, suggesting that TANQ is a complex task with many challenges ahead.|2025-01-01|2025|['Transactions of the Association for Computational Linguistics']
https://doi.org/10.1162/tacl_a_00758|Exploring Practical Gaps in Using Cross Entropy to Implement Maximum Mutual Information Criterion for Rationalization|Abstract Rationalization is a framework that aims to build self-explanatory NLP models by extracting a subset of human-intelligible pieces of their inputting texts. It involves a cooperative game where a selector selects the most human-intelligible parts of the input as the rationale, followed by a predictor that makes predictions based on these selected rationales. Existing literature uses the cross-entropy between the model’s predictions and the ground-truth labels to measure the informativeness of the selected rationales, guiding the selector to choose better ones. In this study, we first theoretically analyze the objective of rationalization by decomposing it into two parts: the model-agnostic informativeness of the rationale candidates and the predictor’s degree of fit. We then provide various empirical evidence to support that, under this framework, the selector tends to sample from a limited small region, causing the predictor to overfit these localized areas. This results in a significant mismatch between the cross-entropy objective and the informativeness of the rationale candidates, leading to suboptimal solutions. To address this issue, we propose a simple yet effective method that introduces random vicinal1 perturbations to the selected rationale candidates. This approach broadens the predictor’s assessment to a vicinity around the selected rationale candidate. Compared to recent competitive methods, our method significantly improves rationale quality (by up to 6.6%) across six widely used classification datasets. The term “vicinal” is borrowed from vicinal risk minimization (Chapelle et al., 2000); “vicinal” means neighboring or adjacent.|2025-01-01|2025|['Transactions of the Association for Computational Linguistics']
https://doi.org/10.1162/tacl.a.23|Accurate and Efficient Fine-Tuning of Quantized Large Language Models Through Optimal Balance in Adaptation|Abstract Large Language Models (LLMs) have demonstrated impressive performance across various domains. However, the enormous number of model parameters makes fine-tuning challenging, significantly limiting their application and deployment. Existing solutions combine parameter quantization with Low-Rank Adaptation (LoRA), reducing memory usage but causing performance degradation. Additionally, converting fine-tuned models to low-precision representations further degrades performance. In this paper, we identify an imbalance in fine-tuning quantized LLMs with LoRA: overly complex adapter inputs and outputs versus low effective trainability of the adapter, leading to underfitting during fine-tuning. Thus, we propose Quantized LLMs fine-tuning with Balanced Low-Rank Adaptation (Q-BLoRA), which simplifies the adapter’s inputs and outputs while increasing the adapter’s rank to alleviate underfitting during fine-tuning. For low-precision deployment, we propose Quantization-Aware fine-tuning with Balanced Low-Rank Adaptation (QA-BLoRA), which aligns with the block-wise quantization and facilitates quantization-aware fine-tuning of low-rank adaptation based on the parameter merging of Q-BLoRA. Both Q-BLoRA and QA-BLoRA are easily implemented and offer the following optimizations: (i) Q-BLoRA consistently achieves state-of-the-art accuracy compared to baselines and other variants; (ii) QA-BLoRA enables the direct generation of low-precision inference models, which exhibit significant performance improvements over other low-precision models. We validate the effectiveness of Q-BLoRA and QA-BLoRA across various models and scenarios. Code has been made available at https://github.com/xiaocaigou/qbaraqahira.|2025-01-01|2025|['Transactions of the Association for Computational Linguistics']
https://doi.org/10.1162/tacl.a.33|Analyzing and Adapting Large Language Models for Few-Shot Multilingual NLU: Are We There Yet?|Abstract Supervised fine-tuning (SFT), supervised instruction tuning (SIT), and in-context learning (ICL) are three alternative, de facto standard approaches to few-shot learning. ICL has gained popularity recently with the advent of LLMs due to its versatile simplicity and sample efficiency. Prior research has conducted only limited investigation into how these approaches work for multilingual few-shot learning, and the focus so far has been mostly on their performance. In this work, we present an extensive and systematic comparison of the three approaches, testing them on a variety of high- and low-resource languages over five different NLU tasks, and a myriad of language and domain setups. Importantly, performance is only one aspect of the comparison, where we also analyze and discuss the approaches through the optics of their computational, inference and financial costs. Some of the highlighted findings concern an excellent trade-off between performance and resource requirements/cost for SIT. We further analyze the impact of target language adaptation of pretrained LLMs and find that the standard adaptation approaches can (superficially) improve target language generation capabilities, but language understanding elicited through ICL does not improve accordingly and remains limited, especially for low-resource languages.|2025-01-01|2025|['Transactions of the Association for Computational Linguistics']
https://doi.org/10.1162/tacl_a_00745|The Thai Universal Dependency Treebank|Abstract Automatic dependency parsing of Thai sentences has been underexplored, as evidenced by the lack of large Thai dependency treebanks with complete dependency structures and the lack of a published evaluation of state-of-the-art models, especially transformer-based parsers. In this work, we addressed these gaps by introducing the Thai Universal Dependency Treebank (TUD), a new Thai treebank consisting of 3,627 trees annotated according to the Universal Dependencies (UD) framework. We then benchmarked 92 dependency parsing models that incorporate pretrained transformers on Thai-PUD and our TUD, achieving state-of-the-art results and shedding light on the optimal model components for Thai dependency parsing. Our error analysis of the models also reveals that polyfunctional words, serial verb construction, and lack of rich morphosyntactic features present main challenges for Thai dependency parsing.|2025-01-01|2025|['Transactions of the Association for Computational Linguistics']
https://doi.org/10.1162/tacl_a_00750|Few-Shot Multilingual Open-Domain QA from Five Examples|Abstract Recent approaches to multilingual open- domain question answering (MLODQA) have achieved promising results given abundant language-specific training data. However, the considerable annotation cost limits the application of these methods for underrepresented languages. We introduce a few-shot learning approach to synthesize large-scale multilingual data from large language models (LLMs). Our method begins with large-scale self-supervised pre-training using WikiData, followed by training on high-quality synthetic multilingual data generated by prompting LLMs with few-shot supervision. The final model, FsModQA, significantly outperforms existing few-shot and supervised baselines in MLODQA and cross-lingual and monolingual retrieval. We further show our method can be extended for effective zero-shot adaptation to new languages through a cross-lingual prompting strategy with only English-supervised data, making it a general and applicable solution for MLODQA tasks without costly large-scale annotation.|2025-01-01|2025|['Transactions of the Association for Computational Linguistics']
https://doi.org/10.1162/tacl_a_00759|A Comparative Approach for Auditing Multilingual Phonetic Transcript Archives|Abstract Curating datasets that span multiple languages is challenging. To make the collection more scalable, researchers often incorporate one or more imperfect classifiers in the process, like language identification models. These models, however, are prone to failure, resulting in some language partitions being unreliable for downstream tasks. We introduce a statistical test, the Preference Proportion Test, for identifying such unreliable partitions. By annotating only 20 samples for a language partition, we are able to identify systematic transcription errors for 10 language partitions in a recent large multilingual transcribed audio archive, X-IPAPack (Zhu et al., 2024). We find that filtering these low-quality partitions out when training models for the downstream task of phonetic transcription brings substantial benefits, most notably a 25.7% relative improvement on transcribing recordings in out-of-distribution languages. Our work contributes an effective method for auditing multilingual audio archives.1|2025-01-01|2025|['Transactions of the Association for Computational Linguistics']
https://doi.org/10.1162/tacl_a_00752|Understanding Epistemic Language with a Language-augmented Bayesian Theory of Mind|Abstract How do people understand and evaluate claims about others’ beliefs, even though these beliefs cannot be directly observed? In this paper, we introduce a cognitive model of epistemic language interpretation, grounded in Bayesian inferences about other agents’ goals, beliefs, and intentions: a language-augmented Bayesian theory-of-mind (LaBToM). By translating natural language into an epistemic “language-of-thought” with grammar-constrained LLM decoding, then evaluating these translations against the inferences produced by inverting a generative model of rational action and perception, LaBToM captures graded plausibility judgments of epistemic claims. We validate our model in an experiment where participants watch an agent navigate a maze to find keys hidden in boxes needed to reach their goal, then rate sentences about the agent’s beliefs. In contrast with multimodal LLMs (GPT-4o, Gemini Pro) and ablated models, our model correlates highly with human judgments for a wide range of expressions, including modal language, uncertainty expressions, knowledge claims, likelihood comparisons, and attributions of false belief.|2025-01-01|2025|['Transactions of the Association for Computational Linguistics']
https://doi.org/10.1162/tacl_a_00762|NLP Security and Ethics, in the Wild|Abstract As NLP models are used by a growing number of end-users, an area of increasing importance is NLP Security (NLPSec): assessing the vulnerability of models to malicious attacks and developing comprehensive countermeasures against them. While work at the intersection of NLP and cybersecurity has the potential to create safer NLP for all, accidental oversights can result in tangible harm (e.g., breaches of privacy or proliferation of malicious models). In this emerging field, however, the research ethics of NLP have not yet faced many of the long-standing conundrums pertinent to cybersecurity, until now. We thus examine contemporary works across NLPSec, and explore their engagement with cybersecurity’s ethical norms. We identify trends across the literature, ultimately finding alarming gaps on topics like harm minimization and responsible disclosure. To alleviate these concerns, we provide concrete recommendations to help NLP researchers navigate this space more ethically, bridging the gap between traditional cybersecurity and NLP ethics, which we frame as “white hat NLP”. The goal of this work is to help cultivate an intentional culture of ethical research for those working in NLP Security.|2025-01-01|2025|['Transactions of the Association for Computational Linguistics']
https://doi.org/10.1162/tacl_a_00757|REAL Sampling: Boosting Factuality and Diversity of Open-ended Generation by Extrapolating the Entropy of an Infinitely Large LM|Abstract Decoding methods for large language models (LLMs) usually struggle with the tradeoff between ensuring factuality and maintaining diversity. In this paper, we propose REAL (Residual Entropy from Asymptotic Line) sampling,1 which predicts the step-wise hallucination likelihood of an LLM. When an LLM is likely to hallucinate, REAL lowers the p threshold in nucleus sampling. Otherwise, REAL sampling increases the p threshold to boost the diversity. To predict the step-wise hallucination likelihood without supervision, we construct a THF (Token-level Hallucination Forecasting) model, which predicts the asymptotic entropy (i.e., inherent uncertainty) of the next token by extrapolating the next-token entropies of an infinitely large language model from a series of LLMs with different sizes. If an LLM’s entropy is higher than the asymptotic entropy (i.e., the LLM is more uncertain than it should be), the THF model predicts a high hallucination hazard, which leads to a lower p threshold in REAL sampling. In the FactualityPrompts benchmark (Lee et al., 2022), we demonstrate that REAL sampling based on a 70M THF model can substantially improve the factuality and diversity of 7B LLMs simultaneously. After combined with contrastive decoding, REAL sampling outperforms 13 sampling methods, and generates texts that are more factual than the greedy sampling and more diverse than the nucleus sampling with p = 0.5.|2025-01-01|2025|['Transactions of the Association for Computational Linguistics']
https://doi.org/10.1162/tacl_a_00756|Patchwise Cooperative Game-based Interpretability Method for Large Vision-language Models|Abstract Amidst the rapid advancement of artificial intelligence, research on large vision-language models (LVLMs) has emerged as a pivotal area. However, understanding their internal mechanisms remains challenging due to the limitations of existing interpretability methods, especially regarding faithfulness and plausibility. To address this, we first construct a human response interpretability dataset that evaluates the plausibility of model explanations by comparing the attention regions between the model and humans when answering the same questions. We then propose a patchwise cooperative game-based interpretability method for LVLMs, which employs Shapley values to quantify the impact of individual image patches on generation likelihood and enhances computational efficiency through a single input approximation approach. Experimental results demonstrate our method’s faithfulness, plausibility, and robustness. Our method provides researchers with deeper insights into model behavior, allowing for an examination of the specific image regions each layer relies on during response generation, ultimately enhancing model reliability. Our code is available at https://github.com/ZY123-GOOD/Patchwise_Cooperative.|2025-01-01|2025|['Transactions of the Association for Computational Linguistics']
https://doi.org/10.1162/tacl.a.22|Prompt Contrastive Transformation: An Enhanced Strategy for Efficient Prompt Transfer in Natural Language Processing|Abstract Prompt transfer is a transfer learning method based on prompt tuning, which enhances the parameter performance of prompts in target tasks by transferring source prompt embeddings. Among existing methods, weighted aggregation is effective and possesses the advantages of being lightweight and modular. However, these methods may transfer redundant or irrelevant information from the source prompts to the target prompt, leading to negative impacts. To alleviate this problem, we propose Prompt Contrastive Transformation (PCT), which achieves efficient prompt transfer through prompt contrastive transformation and attentional fusion. PCT transforms the source prompt into task-agnostic embedding and task-specific embeddings through singular value decomposition and contrastive learning, reducing information redundancy among source prompts. The attention module in PCT selects more effective task-specific embeddings and fuses them with task-agnostic embedding into the target prompt. Experimental results show that, despite tuning only 0.035% of task-specific parameters, PCT achieves improvements in prompt transfer for single target task adaptation across various NLP tasks.|2025-01-01|2025|['Transactions of the Association for Computational Linguistics']
https://doi.org/10.1162/tacl.a.28|STPar: A Structure-Aware Triaffine Parser for Screenplay Character Coreference Resolution|Abstract Character Coreference Resolution in Movie Screenplays (MovieCoref) is a newly emerging task for understanding complex movie plots and character relationships. This task poses greater challenges than traditional coreference resolution, due to the intricate narrative structures and character interactions unique to screenplays. In light of these challenges, we introduce a novel approach: a Structure-aware Triaffine Parser (STPar) for the MovieCoref task. STPar combines discourse and syntactic structures in the feature encoding process, enabling comprehensive analysis of ternary relationships and complex interactions. During the pairing process, STPar utilizes a triaffine scorer to consider high-order relations between candidate mention pairs, thus enhancing its ability to capture detailed narrative structures. In addition, STPar incorporates multi-task learning, encompassing singleton and span detection tasks, to further improve coreference resolution performance. Our evaluations on the MovieCoref dataset demonstrate that STPar significantly outperforms the best baseline by 7.4%, 21.5%, 7.1%, and 10.2% in F1 scores of B3, CEAFe, LEA, and CoNLL. Further analysis highlights the benefits of integrating structural discourse and syntactic information as well as the combined approaches of triaffine and multi-task learning.1|2025-01-01|2025|['Transactions of the Association for Computational Linguistics']
https://doi.org/10.1162/tacl.a.32|BenCzechMark : A Czech-Centric Multitask and Multimetric Benchmark for Large Language Models with Duel Scoring Mechanism|Abstract We present BenCzechMark (BCM), the first comprehensive Czech language benchmark designed for large language models, offering diverse tasks, multiple task formats, and multiple evaluation metrics. Its duel scoring system is grounded in statistical significance theory and uses aggregation across tasks inspired by social preference theory. Our benchmark encompasses 50 challenging tasks, with corresponding test datasets, primarily in native Czech, with 14 newly collected ones. These tasks span 8 categories and cover diverse domains, including historical Czech news, essays from pupils or language learners, and spoken word. Furthermore, we collect and clean BUT-Large Czech Collection, the largest publicly available clean Czech language corpus, and use it for (i) contamination analysis and (ii) continuous pretraining of the first Czech-centric 7B language model with Czech-specific tokenization. We use our model as a baseline for comparison with publicly available multilingual models. Lastly, we release and maintain a leaderboard with existing 50 model submissions, where new model submissions can be made at https://huggingface.co/spaces/CZLC/BenCzechMark.|2025-01-01|2025|['Transactions of the Association for Computational Linguistics']
https://doi.org/10.1162/tacl.a.31|KEFT: Knowledge-Enhanced Fine-Tuning for Large Language Models in Domain-Specific Question Answering|Abstract The rapid advancement of large language models (LLMs) has opened up promising opportunities for their downstream applications in question-answering (QA), such as ChatGPT, ChatGLM, etc. However, such LLMs do not perform very well in domain-specific QA tasks without fine-tuning. But directly fine-tuning LLMs on domain-specific corpus data may lead to catastrophic forgetting, causing the LLMs to lose their general language capability. To address this problem, we propose the Knowledge-Enhanced Fine-Tuning (KEFT) method, an unsupervised fine-tuning approach to enhance the knowledge capability of LLMs in domain-specific QA tasks while preserving their general language capability. KEFT leverages the inherent language comprehension of pre-trained LLMs to generate synthetic-QA datasets from domain-specific corpus data autonomously for fine-tuning, and adopts a Low-Rank Adaptation (LoRA) method to further alleviate over-fitting. Furthermore, to enhance the representation of domain-specific knowledge, we introduce a knowledge-enhanced fine-tuning loss function, which encourages the model to learn the knowledge-question connection, thereby generating natural and knowledgeable answers. Our evaluations across multiple domain-specific datasets demonstrate that KEFT surpasses state-of-the-art fine-tuning approaches, enhancing the performance of various LLMs in QA tasks in both English and Chinese languages.|2025-01-01|2025|['Transactions of the Association for Computational Linguistics']
https://doi.org/10.1162/tacl.a.36|Active Knowledge Structuring for Large Language Models in Materials Science Text Mining|Abstract Large Language Models (LLMs) offer a promising alternative to traditional Materials Science Text Mining (MSTM) by reducing the need for extensive data labeling and fine-tuning. However, existing zero-/few-shot methods still face limitations in aligning with personalized needs in scientific discovery. To address this, we propose ClassMATe, an active knowledge structuring approach for MSTM. Specifically, we first propose a class definition stylization method to structure knowledge, enabling explicit clustering of latent material knowledge in LLMs for enhanced inference. To align with the scientists’ needs, we propose an active needs refining strategy that iteratively clarifies needs by learning from uncertainty-aware hard samples of LLMs, further refining the knowledge structuring. Extensive experiments on seven tasks and eight datasets show that ClassMATe, as a plug-and-play method, achieves performance comparable to supervised learning without requiring fine-tuning or extra knowledge base, highlighting the potential to bridge the gap between LLMs’ latent knowledge and real-world scientific applications.1|2025-01-01|2025|['Transactions of the Association for Computational Linguistics']
https://doi.org/10.1162/tacl.a.34|Overcoming Source Object Grounding for Semantic Image Editing|Abstract Recent diffusion models have demonstrated remarkable capabilities in text-to-image generation. However, their stochastic denoising process often causes semantic image editing (SIE) models to misapply textual instructions. That is, models often leave the source object unchanged or erroneously alter the background. We refer to this challenge as source object grounding. To address this challenge, we introduce R-SIE, a region-wise SIE framework. During the inference, R-SIE models noise separately for distinct image regions, enabling precise control over the transformed areas. To reinforce the inference, we devise an automatic pipeline leveraging bounding boxes to generate unambiguous training data. Additionally, we propose two region-focused metrics, CLIP-Region Class (CLIP-RC) and CLIP-Global Context (CLIP-GC), to independently assess how well the source object is edited and the background is preserved, respectively. Experimental results demonstrate that region-wise diffusion improves existing baselines, and our data generation pipeline further enhances these improvements.1|2025-01-01|2025|['Transactions of the Association for Computational Linguistics']
https://doi.org/10.1162/tacl.a.39|TALE: Token-Adaptive Low-Rank KVCache Approximation with Reconstruction Elimination|Abstract KVCache, by storing key-value pairs for reuse, has been crucial for enhancing inference efficiency for large language models (LLMs). However, the increasing memory demands of KVCache, especially with recent trends of longer input sequences, present a major challenge. In this work, we propose an innovative token-adaptive low-rank approximation strategy for KVCache compression. By applying varying ranks based on token significance, our method compresses KVCache efficiently while retaining critical information. Moreover, we introduce a lazy approximation technique, which approximates lazily only when needed, alongside a reconstruction-free design to bypass costly recalculations. Combined with multi-level quantization, this method reduces KVCache size by 9.1× on the Llama-3.1-8B model, with minimal performance degradation on complex tasks such as GSM8K. Moreover, our custom attention implementation shows up to 2× latency reduction compared to the conventional method in long context scenarios. The code is publicly available.|2025-01-01|2025|['Transactions of the Association for Computational Linguistics']
https://doi.org/10.1162/tacl.a.37|Adding Chocolate to <scp>Mint</scp> : Mitigating Metric Interference in Machine Translation|Abstract As automatic metrics become increasingly stronger and widely adopted, the risk of unintentionally “gaming the metric” during model development rises. This issue is caused by metric interference (Mint), i.e., the use of the same or related metrics for both model tuning and evaluation. Mint can misguide practitioners into being overoptimistic about the performance of their systems: As system outputs become a function of the interfering metric, their estimated quality loses correlation with human judgments. In this work, we analyze two common cases of Mint in machine translation-related tasks: Filtering of training data, and decoding with quality signals. Importantly, we find that Mint strongly distorts instance-level metric scores, even when metrics are not directly optimized for—questioning the common strategy of leveraging a different, yet related metric for evaluation that is not used for tuning. To address this problem, we propose MintAdjust, a method for more reliable evaluation under Mint. On the WMT24 MT shared task test set, MintAdjust ranks translations and systems more accurately than state-of-the-art-metrics across a majority of language pairs, especially for high-quality systems. Furthermore, MintAdjust outperforms AutoRank, the ensembling method used by the organizers.1 We will release a codebase for replicating the results in this work upon publication.|2025-01-01|2025|['Transactions of the Association for Computational Linguistics']
https://doi.org/10.1162/tacl.a.50|Objectifying the Subjective: Cognitive Biases in Topic Interpretations|Abstract Interpretation of topics is crucial for their downstream applications. State-of-the-art evaluation measures of topic quality such as coherence and word intrusion do not measure how much a topic facilitates the exploration of a corpus. To design evaluation measures grounded on a task, and a population of users, we do user studies to understand how users interpret topics. We propose constructs of topic quality and ask users to assess them in the context of a topic and provide rationale behind evaluations. We use reflexive thematic analysis to identify themes of topic interpretations from rationales. Users interpret topics based on availability and representativeness heuristics rather than probability. We propose a theory of topic interpretation based on the anchoring-and-adjustment heuristic: users anchor on salient words and make semantic adjustments to arrive at an interpretation. Topic interpretation can be viewed as making a judgment under uncertainty by an ecologically rational user, and hence cognitive biases aware user models and evaluation frameworks are needed.|2025-01-01|2025|['Transactions of the Association for Computational Linguistics']
https://doi.org/10.1162/tacl.a.43|Adversarial Defense without <i>Adversarial Defense</i> : Enhancing Language Model Robustness via Instance-level Principal Component Removal|Pre-trained language models (PLMs) have driven substantial progress in natural language processing but remain vulnerable to adversarial attacks, raising concerns about their robustness in real-world applications. Previous studies have sought to mitigate the impact of adversarial attacks by introducing adversarial perturbations into the training process, either implicitly or explicitly. While both strategies enhance robustness, they often incur high computational costs. In this work, we propose a simple yet effective add-on module that enhances the adversarial robustness of PLMs by removing instance-level principal components, without relying on conventional adversarial defenses or perturbing the original training data. Our approach transforms the embedding space to approximate Gaussian properties, thereby reducing its susceptibility to adversarial perturbations while preserving semantic relationships. This transformation aligns embedding distributions in a way that minimizes the impact of adversarial noise on decision boundaries, enhancing robustness without requiring adversarial examples or costly training-time augmentation. Evaluations on eight benchmark datasets show that our approach improves adversarial robustness while maintaining comparable before-attack accuracy to baselines, achieving a balanced trade-off between robustness and generalization.|2025-01-01|2025|['Transactions of the Association for Computational Linguistics']
https://doi.org/10.1162/tacl.a.53|A Unifying Scheme for Extractive Content Selection Tasks|Abstract A broad range of NLP tasks involve selecting relevant text spans from given source texts. Despite this shared objective, such content selection tasks have traditionally been studied in isolation, each with its own modeling approaches, datasets, and evaluation metrics. In this work, we propose instruction-guided content selection (IGCS) as a beneficial unified framework for such settings, where the task definition and any instance-specific request are encapsulated as instructions to a language model. To promote this framework, we introduce IGCS-Bench, the first unified benchmark covering diverse content selection tasks. Further, we create a large generic synthetic dataset that can be leveraged for diverse content selection tasks, and show that transfer learning with these datasets often boosts performance, whether dedicated training for the targeted task is available or not. Finally, we address generic inference time issues that arise in LLM-based modeling of content selection, assess a generic evaluation metric, and overall propose the utility of our resources and methods for future content selection models.1|2025-01-01|2025|['Transactions of the Association for Computational Linguistics']
https://doi.org/10.1162/tacl.a.55|BharatBBQ: A Multilingual Bias Benchmark for Question Answering in the Indian Context|Abstract Evaluating social biases in language models (LMs) is crucial for ensuring fairness and minimizing the reinforcement of harmful stereotypes in AI systems. Existing benchmarks, such as the Bias Benchmark for Question Answering (BBQ), primarily focus on Western contexts, limiting their applicability to the Indian context. To address this gap, we introduce BharatBBQ,1 a culturally adapted benchmark designed to assess biases in Hindi, English, Marathi, Bengali, Tamil, Telugu, Odia, and Assamese. BharatBBQ covers 13 social categories, including 3 intersectional groups, reflecting prevalent biases in the Indian sociocultural landscape. Our dataset contains 49,108 examples in one language that are expanded using translation and verification to 392,864 examples in eight different languages. We evaluate five multilingual LM families across zero- and few-shot settings, analyzing their bias and stereotypical bias scores. Our findings highlight persistent biases across languages and social categories and often amplified biases in Indian languages compared to English, demonstrating the necessity of linguistically and culturally grounded benchmarks for bias evaluation.|2025-01-01|2025|['Transactions of the Association for Computational Linguistics']
https://doi.org/10.1162/tacl.a.45|CRVQ: Channel-Relaxed Vector Quantization for Extreme Compression of LLMs|Abstract Powerful large language models (LLMs) are increasingly expected to be deployed with lower computational costs, enabling their capabilities on resource-constrained devices. Post-training quantization (PTQ) has emerged as a star approach to achieve this ambition, with best methods compressing weights to less than 2 bit on average. In this paper, we propose Channel-Relaxed Vector Quantization (CRVQ), a novel technique that significantly improves the performance of PTQ baselines at the cost of only minimal additional bits. This state-of-the-art extreme compression method achieves its results through two key innovations: (1) carefully selecting and reordering a very small subset of critical weight channels, and (2) leveraging extended codebooks to relax the constraint of critical channels. With our method, we demonstrate a 38.9% improvement over the current strongest sub-2-bit PTQ baseline, enabling nearer lossless 1-bit compression. Furthermore, our approach offers flexible customization of quantization bit-width and performance, providing a wider range of deployment options for diverse hardware platforms. Code and checkpoints are available at https://github.com/xuyuzhuang11/CRVQ.|2025-01-01|2025|['Transactions of the Association for Computational Linguistics']
https://doi.org/10.1162/tacl.a.51|Are <i>Triggers</i> Needed for Document-Level Event Extraction?|Abstract Most existing work on event extraction has focused on sentence-level texts and presumes the identification of a trigger-span—a word or phrase in the input that evokes the occurrence of an event of interest. Event arguments are then extracted with respect to the trigger. Indeed, triggers are treated as integral to, and trigger detection as an essential component of, event extraction. In this paper, we provide the first investigation of the role of triggers for the more difficult and much less studied task of document-level event extraction. We analyze their usefulness in multiple end-to-end and pipelined transformer-based event extraction models for three document-level event extraction datasets, measuring performance using triggers of varying quality (human-annotated, LLM-generated, keyword-based, and random). We find that whether or not systems benefit from explicitly extracting triggers depends both on dataset characteristics (i.e., the typical number of events per document) and task-specific information available during extraction (i.e., natural language event schemas). Perhaps surprisingly, we also observe that the mere existence of triggers in the input, even random ones, is important for prompt-based in-context learning approaches to the task.|2025-01-01|2025|['Transactions of the Association for Computational Linguistics']
https://doi.org/10.1162/tacl.a.57|Persona-Aware Alignment Framework for Personalized Dialogue Generation|Abstract Personalized dialogue generation aims to leverage persona profiles and dialogue history to generate persona-relevant and consistent responses. Mainstream models typically rely on token-level language model training with persona dialogue data, such as Next Token Prediction, to implicitly achieve personalization, meaning that these methods tend to neglect the given personas and generate generic responses. To address this issue, we propose a novel Persona-Aware Alignment Framework (PAL), which directly treats persona alignment as the training objective of dialogue generation. Specifically, PAL employs a two-stage training method including Persona-Aware Learning and Persona Alignment, equipped with an easy-to-use inference strategy Select then Generate, to improve persona sensitivity and generate more persona-relevant responses at the semantics level. Through extensive experiments, we demonstrate that our framework outperforms many state-of-the-art personalized dialogue methods and large language models.|2025-01-01|2025|['Transactions of the Association for Computational Linguistics']
https://doi.org/10.1162/tacl.a.62|Towards More Realistic Extraction Attacks: An Adversarial Perspective|Abstract Language models are prone to memorizing their training data, making them vulnerable to extraction attacks. While existing research often examines isolated setups, such as a single model or a fixed prompt, real-world adversaries have a considerably larger attack surface due to access to models across various sizes and checkpoints, and repeated prompting. In this paper, we revisit extraction attacks from an adversarial perspective—with multi-faceted access to the underlying data. We find significant churn in extraction trends, i.e., even unintuitive changes to the prompt, or targeting smaller models and earlier checkpoints, can extract distinct information. By combining multiple attacks, our adversary doubles (2 ×) the extraction risks, persisting even under mitigation strategies like data deduplication. We conclude with four case studies, including detecting pre-training data, copyright violations, extracting personally identifiable information, and attacking closed-source models, showing how our more realistic adversary can outperform existing adversaries in the literature.|2025-01-01|2025|['Transactions of the Association for Computational Linguistics']
https://doi.org/10.1162/tacl.a.61|RepreGuard: Detecting LLM-Generated Text by Revealing Hidden Representation Patterns|Abstract Detecting content generated by large language models (LLMs) is crucial for preventing misuse and building trustworthy AI systems. Although existing detection methods perform well, their robustness in out-of-distribution (OOD) scenarios is still lacking. In this paper, we hypothesize that, compared to features used by existing detection methods, the internal representations of LLMs contain more comprehensive and raw features that can more effectively capture and distinguish the statistical pattern differences between LLM-generated texts (LGT) and human-written texts (HWT). We validated this hypothesis across different LLMs and observed significant differences in neural activation patterns when processing these two types of texts. Based on this, we propose RepreGuard, an efficient statistics-based detection method. Specifically, we first employ a surrogate model to collect representation of LGT and HWT, and extract the distinct activation feature that can better identify LGT. We can classify the text by calculating the projection score of the text representations along this feature direction and comparing with a precomputed threshold. Experimental results show that RepreGuard outperforms all baselines with average 94.92% AUROC on both in-distribution and OOD scenarios, while also demonstrating robust resilience to various text sizes and mainstream attacks.1|2025-01-01|2025|['Transactions of the Association for Computational Linguistics']
https://doi.org/10.1162/tacl.a.59|Step-by-Step Unmasking for Parameter-Efficient Fine-Tuning of Large Language Models|Abstract Fine-tuning large language models (LLMs) on downstream tasks requires substantial computational resources. Selective-PEFT, a class of parameter-efficient fine-tuning (PEFT) methodologies, aims to mitigate these computational challenges by selectively fine-tuning only a small fraction of the model parameters. Although parameter-efficient, these techniques often fail to match the performance of fully fine-tuned models, primarily due to inherent biases introduced during parameter selection. Traditional selective-PEFT techniques use a fixed set of parameters selected using different importance heuristics, failing to capture parameter importance dynamically and often leading to suboptimal performance. We introduce ID3, a novel selective-PEFT method that calculates parameter importance continually, and dynamically unmasks parameters by balancing exploration and exploitation in parameter selection. Our empirical study on 16 tasks spanning natural language understanding, mathematical reasoning, and summarization demonstrates the effectiveness of our method compared to fixed-masking selective-PEFT techniques. We analytically show that ID3 reduces the number of gradient updates by a factor of two, enhancing computational efficiency. Since ID3 is robust to random initialization of neurons and operates directly on the optimization process, it is highly flexible and can be integrated with existing additive and reparameterization-based PEFT techniques such as Adapters and LoRA, respectively.1|2025-01-01|2025|['Transactions of the Association for Computational Linguistics']
https://doi.org/10.1162/tacl.a.26|MAKE: Memory-Associated Knowledge Editing|Abstract Since their emergence, large language models (LLMs) have rapidly advanced, exerting substantial influence across various domains. Consequently, the importance of model editing techniques, aimed at locally correcting outdated or incorrect knowledge within language models, has grown significantly. However, traditional model editing methods face limitations: They cannot guarantee that highly related knowledge will transfer to the post-edited model, and they often rely on external knowledge bases to address this issue. In this paper, we propose a novel approach that leverages the internal knowledge of the language model to overcome the shortcomings of existing methods. First, we explore how to recall indirect associated knowledge from the model itself, which can be utilized in the editing process. Building on this, we propose MAKE (Memory-Associated Knowledge Editing), an editing method that takes into account the transfer of associated knowledge. As a result, MAKE successfully updates associated knowledge and achieves state-of-the-art performance in experiments conducted on the zsRE+, CounterFact+ and MQuAKE datasets.|2025-01-01|2025|['Transactions of the Association for Computational Linguistics']
https://doi.org/10.1162/tacl.a.27|Investigating Adversarial Trigger Transfer in Large Language Models|Abstract Recent work has developed optimization procedures to find token sequences, called adversarial triggers, which can elicit unsafe responses from aligned language models. These triggers are believed to be highly transferable, i.e., a trigger optimized on one model can jailbreak other models. In this paper, we concretely show that such adversarial triggers are not consistently transferable. We extensively investigate trigger transfer among 13 open models and observe poor and inconsistent transfer. Our experiments further reveal a significant difference in robustness to adversarial triggers between models Aligned by Preference Optimization (APO) and models Aligned by Fine-Tuning (AFT). We find that APO models are extremely hard to jailbreak even when the trigger is optimized directly on the model. On the other hand, while AFT models may appear safe on the surface, exhibiting refusals to a range of unsafe instructions, we show that they are highly susceptible to adversarial triggers. Lastly, we observe that most triggers optimized on AFT models also generalize to new unsafe instructions from five diverse domains, further emphasizing their vulnerability. Overall, our work highlights the need for more comprehensive safety evaluations for aligned language models.1 Warning: This paper contains examples that may be offensive or upsetting.|2025-01-01|2025|['Transactions of the Association for Computational Linguistics']
